TradeName,ScientificName,Size,SizeUnit,DrugType,LegalStatus,Manufacture_Name,Manufacture_Country,AuthorizationStatus,LastUpdate
0.9% W/V SODIUM CHLORIDE B.P,SODIUM CHLORIDE,5,ml,Generic,Prescription,Pharmaceutical Solution Industries (PSI),Saudi Arabia,Valid,10/6/2024
ORS New (10 SACHET),"SODIUM CHLORIDE,POTASSIUM CHLORIDE,TRI SODIUM CITRATE,DEXTROSE",-,-,Generic,OTC,SAUDI PHARMACEUTICAL INDUSTRIES,Saudi Arabia,Valid,11/26/2024
OSELTA 75MG CAPSULES,OSELTAMIVIR,-,-,Generic,Prescription,Jamjoom Pharmaceuticals Factory Company,Saudi Arabia,Valid,8/24/2023
ORATAB 100MG F.C. TABLETS,SUMATRIPTAN,-,-,Generic,Prescription,TABUK PHARMACEUTICAL MANUFACTURING CO.,Saudi Arabia,Valid,2/28/2023
OPTIPRED 1% OPTHALMIC SUSP.,PREDNISOLONE,5,ml,Generic,Prescription,Jamjoom Pharmaceuticals Factory Company,Saudi Arabia,Valid,10/16/2024
OPTIMOL 0.5% OPHTHALMIC SOLUTION,TIMOLOL MALEATE,5,ml,Generic,Prescription,Jamjoom Pharmaceuticals Factory Company,Saudi Arabia,Valid,5/22/2023
OPTIMOL 0.25% OPHTHALMIC SOLUTION,TIMOLOL MALEATE,5,ml,Generic,Prescription,Jamjoom Pharmaceuticals Factory Company,Saudi Arabia,Valid,3/29/2023
OPTIZOLIN OPTHALMIC SOLUTION,"ANTAZOLINE HYDROCHLORIDE,TETRAHYDROZOLINE",10,ml,Generic,OTC,Jamjoom Pharmaceuticals Factory Company,Saudi Arabia,Valid,9/14/2023
ORATAB 100 mg,SUMATRIPTAN,-,-,Generic,Prescription,TABUK PHARMACEUTICAL MANUFACTURING CO.,Saudi Arabia,Valid,8/29/2022
OPTILONE 0.1% OPTHALMIC SUSPENTION,FLUOROMETHOLONE,5,ml,Generic,Prescription,Jamjoom Pharmaceuticals Factory Company,Saudi Arabia,Valid,3/14/2023
PANADOL EXTRA TAB,"PARACETAMOL,CAFFEINE CITRATE",-,-,NCE,OTC,AJA PHARMACEUTICAL INDUSTRIES,Saudi Arabia,Valid,6/19/2025
PANTOMAX 40MG E.C.TABLETS,PANTOPRAZOLE,-,-,Generic,Prescription,SAJA-SAUDI ARABIAN JAPANESE PHARMACEUTICAL CO,Saudi Arabia,Valid,10/30/2024
PANTOMAX 20MG E.C. TABLETS,PANTOPRAZOLE,-,-,Generic,Prescription,SAJA-SAUDI ARABIAN JAPANESE PHARMACEUTICAL CO,Saudi Arabia,Valid,8/29/2022
PANTOMAX 20MG E.C. TABLETS,PANTOPRAZOLE,-,-,Generic,Prescription,SAJA-SAUDI ARABIAN JAPANESE PHARMACEUTICAL CO,Saudi Arabia,Valid,8/29/2022
PANTOLOC 40MG TABLETS,PANTOPRAZOLE,-,-,Generic,Prescription,BATTERJEE PHARMACETICAL FACTORY,Saudi Arabia,Valid,7/9/2025
RIAPANTA 40 mg E.C. tablet,PANTOPRAZOLE,-,-,Generic,Prescription,RIYADH PHARMA,Saudi Arabia,Valid,3/30/2023
RIAPANTA 40 mg E.C. tablet,PANTOPRAZOLE,-,-,Generic,Prescription,RIYADH PHARMA,Saudi Arabia,Valid,8/29/2022
PANTOMAX 40MG E.C.TABLETS,PANTOPRAZOLE,-,-,Generic,Prescription,SAJA-SAUDI ARABIAN JAPANESE PHARMACEUTICAL CO,Saudi Arabia,Valid,10/30/2024
PANADOL COLD & FLU CAPLET,"PARACETAMOL,PSEUDOEPHEDRINE HYDROCHLORIDE,CHLORPHENIRAMINE MALEATE",-,-,Generic,OTC,GLAXO SAUDI ARABIA,Saudi Arabia,Valid,10/8/2024
PANADOL BABY & INFANT SUSP 120MG-5ML,PARACETAMOL,100,ml,Generic,OTC,AJA PHARMACEUTICAL INDUSTRIES,Saudi Arabia,Valid,6/4/2025
PARAFON,"CHLORZOXAZONE,PARACETAMOL",-,-,Generic,Prescription,RIYADH PHARMA,Saudi Arabia,Valid,5/22/2024
OPTIFLOX OPTHALMIC SOLUTION,OFLOXACIN,5,ml,Generic,Prescription,Jamjoom Pharmaceuticals Factory Company,Saudi Arabia,Valid,3/27/2023
OFLAM 50MG GRANULES FOR ORAL SOLUTION,DICLOFENAC POTASSIUM,-,-,Generic,Prescription,Jazeera Pharmaceutical Industries (JPI),Saudi Arabia,Valid,2/28/2023
OCURED,"ANTAZOLINE SULFATE,NAPHAZOLINE NITRATE",10,ml,Generic,Prescription,RIYADH PHARMA,Saudi Arabia,Valid,11/18/2022
OCUMOL 0.5%,TIMOLOL MALEATE,5,ml,Generic,Prescription,RIYADH PHARMA,Saudi Arabia,Valid,8/29/2022
OCULAC,"SODIUM CHLORIDE,HYPROMELLOSE 2208 (750 MPA.S)",10,ml,Generic,OTC,RIYADH PHARMA,Saudi Arabia,Valid,3/30/2023
OCUGESIC,DICLOFENAC SODIUM,5,ml,Generic,Prescription,RIYADH PHARMA,Saudi Arabia,Valid,2/28/2024
OLAZINE 10MG FILM COATED TABLETS,OLANZAPINE,-,-,Generic,Prescription,RIYADH PHARMA,Saudi Arabia,Valid,11/26/2024
OLAZINE 15MG FILM COATED TABLETS,OLANZAPINE,-,-,Generic,Prescription,RIYADH PHARMA,Saudi Arabia,Valid,11/26/2024
OLOPAT 0.1% OPHTHALMIC SOLUTION,OLOPATADINE,5,ml,Generic,Prescription,Jamjoom Pharmaceuticals Factory Company,Saudi Arabia,Valid,10/16/2024
OLMETEC PLUS 40MG-25MG F.C. TABLETS,"OLMESARTAN MEDOXOMIL,HYDROCHLOROTHIAZIDE",-,-,NCE,Prescription,SAJA-SAUDI ARABIAN JAPANESE PHARMACEUTICAL CO,Saudi Arabia,Valid,10/30/2024
OLMETEC PLUS 40MG-12.5MG F.C. TABLETS,"OLMESARTAN MEDOXOMIL,HYDROCHLOROTHIAZIDE",-,-,NCE,Prescription,SAJA-SAUDI ARABIAN JAPANESE PHARMACEUTICAL CO,Saudi Arabia,Valid,10/30/2024
OLMETEC PLUS 20MG-12.5MG F.C. TABLETS,"OLMESARTAN MEDOXOMIL,HYDROCHLOROTHIAZIDE",-,-,NCE,Prescription,SAJA-SAUDI ARABIAN JAPANESE PHARMACEUTICAL CO,Saudi Arabia,Valid,10/30/2024
OLMETEC 40 mg film-coated tablet,OLMESARTAN MEDOXOMIL,-,-,NCE,Prescription,SAJA-SAUDI ARABIAN JAPANESE PHARMACEUTICAL CO,Saudi Arabia,Valid,8/4/2024
OLMETEC 20MG F.C. TABLETS,OLMESARTAN MEDOXOMIL,-,-,NCE,Prescription,SAJA-SAUDI ARABIAN JAPANESE PHARMACEUTICAL CO,Saudi Arabia,Valid,8/4/2024
OLAZINE 5MG FILM COATED TABLETS,OLANZAPINE,-,-,Generic,Prescription,RIYADH PHARMA,Saudi Arabia,Valid,11/26/2024
OLAZINE 20MG FILM COATED TABLETS,OLANZAPINE,-,-,Generic,Prescription,RIYADH PHARMA,Saudi Arabia,Valid,11/26/2024
OLAZINE 2.5MG FILM COATED TABLETS,OLANZAPINE,-,-,Generic,Prescription,RIYADH PHARMA,Saudi Arabia,Valid,11/26/2024
OPTIFRESH OPTHALMIC SOLUTION,"POLYVINYL ALCOHOL,POVIDONE",10,ml,Generic,OTC,Jamjoom Pharmaceuticals Factory Company,Saudi Arabia,Valid,9/3/2023
OPTIDRIN EYE DROP,CROMOGLICATE SODIUM,10,ml,Generic,OTC,Jamjoom Pharmaceuticals Factory Company,Saudi Arabia,Valid,9/14/2023
OPTIDEX-T STERILE OPHTALMIC SUSP,"TOBRAMYCIN,DEXAMETHASONE",5,ml,Generic,Prescription,Jamjoom Pharmaceuticals Factory Company,Saudi Arabia,Valid,3/27/2023
OPTICIN 0.3% EYE DROPS,CIPROFLOXACIN,5,ml,Generic,Prescription,Jamjoom Pharmaceuticals Factory Company,Saudi Arabia,Valid,8/31/2022
OPTICHLOR 0.5% OPTHALMIC DROP,CHLORAMPHENICOL,10,ml,Generic,Prescription,Jamjoom Pharmaceuticals Factory Company,Saudi Arabia,Valid,11/6/2023
OMERAL 10 mg capsule,OMEPRAZOLE,-,-,Generic,Prescription,Jazeera Pharmaceutical Industries (JPI),Saudi Arabia,Valid,8/29/2022
OMERAL 20 mg capsule,OMEPRAZOLE,-,-,Generic,Prescription,Jazeera Pharmaceutical Industries (JPI),Saudi Arabia,Valid,8/29/2022
OMIZ 10MG CAP,OMEPRAZOLE,-,-,Generic,Prescription,TABUK PHARMACEUTICAL MANUFACTURING CO.,Saudi Arabia,Valid,8/29/2022
OMNICEF 125MG-5ML SUSP,CEFDINIR,80,ml,NCE,Prescription,Jazeera Pharmaceutical Industries (JPI),Saudi Arabia,Valid,11/26/2024
OMNICEF 125MG-5ML SUSP,CEFDINIR,40,ml,NCE,Prescription,Jazeera Pharmaceutical Industries (JPI),Saudi Arabia,Valid,1/30/2025
OMNIC OCAS 0.4 MG F-C TABLETS,TAMSULOSIN HYDROCHLORIDE,-,-,NCE,Prescription,SAJA-SAUDI ARABIAN JAPANESE PHARMACEUTICAL CO,Saudi Arabia,Valid,4/24/2025
OMIZ PLUS 40MG CAPSULE,"OMEPRAZOLE,SODIUM BICARBONATE",-,-,Generic,Prescription,TABUK PHARMACEUTICAL MANUFACTURING CO.,Saudi Arabia,Valid,4/16/2024
OMIZ PLUS 20MG CAPSULE,"OMEPRAZOLE,SODIUM BICARBONATE",-,-,Generic,Prescription,TABUK PHARMACEUTICAL MANUFACTURING CO.,Saudi Arabia,Valid,4/16/2024
OMIZ 20MG CAP,OMEPRAZOLE,-,-,Generic,Prescription,TABUK PHARMACEUTICAL MANUFACTURING CO.,Saudi Arabia,Valid,7/27/2025
OMNICEF 300MG CAPSULE,CEFDINIR,-,-,NCE,Prescription,Jazeera Pharmaceutical Industries (JPI),Saudi Arabia,Valid,8/29/2022
PARAXONE CAPSULE,"CHLORZOXAZONE,PARACETAMOL",-,-,Generic,Prescription,Jazeera Pharmaceutical Industries (JPI),Saudi Arabia,Valid,11/7/2022
PROKININ 5MG-5ML SUSPENSION,DOMPERIDONE,180,ml,Generic,Prescription,TABUK PHARMACEUTICAL MANUFACTURING CO.,Saudi Arabia,Valid,5/9/2024
PROKININ 10MG F-C TABLETS,DOMPERIDONE,-,-,Generic,Prescription,TABUK PHARMACEUTICAL MANUFACTURING CO.,Saudi Arabia,Valid,5/9/2024
PROF Cold & Flu Film coated tablet,"IBUPROFEN,PSEUDOEPHEDRINE HYDROCHLORIDE,CHLORPHENIRAMINE MALEATE",-,-,Generic,OTC,TABUK PHARMACEUTICAL MANUFACTURING CO.,Saudi Arabia,Valid,7/19/2023
PROF 600 MG TAB,IBUPROFEN,-,-,Generic,Prescription,TABUK PHARMACEUTICAL MANUFACTURING CO.,Saudi Arabia,Valid,7/19/2023
PROF 400 MG TAB,IBUPROFEN,-,-,Generic,OTC,TABUK PHARMACEUTICAL MANUFACTURING CO.,Saudi Arabia,Valid,7/19/2023
PROF 100MG-5ML SUSP,IBUPROFEN,100,ml,Generic,OTC,TABUK PHARMACEUTICAL MANUFACTURING CO.,Saudi Arabia,Valid,7/19/2023
PROMAX 0.05% OINTMENT,CLOBETASOL PROPIONATE,30,g,Generic,Prescription,Jamjoom Pharmaceuticals Factory Company,Saudi Arabia,Valid,9/30/2024
PROSTA TAB,TAMSULOSIN HYDROCHLORIDE,-,-,Generic,Prescription,TABUK PHARMACEUTICAL MANUFACTURING CO.,Saudi Arabia,Valid,4/24/2025
PREX 75MG CAPSULE,PREGABALIN,-,-,Generic,Prescription,Jazeera Pharmaceutical Industries (JPI),Saudi Arabia,Valid,11/9/2023
PREX 75MG CAPSULE,PREGABALIN,-,-,Generic,Prescription,Jazeera Pharmaceutical Industries (JPI),Saudi Arabia,Valid,11/9/2023
PREX 50MG CAPSULE,PREGABALIN,-,-,Generic,Prescription,Jazeera Pharmaceutical Industries (JPI),Saudi Arabia,Valid,11/9/2023
PREX 50MG CAPSULE,PREGABALIN,-,-,Generic,Prescription,Jazeera Pharmaceutical Industries (JPI),Saudi Arabia,Valid,11/9/2023
PREX 150MG CAPSULE,PREGABALIN,-,-,Generic,Prescription,Jazeera Pharmaceutical Industries (JPI),Saudi Arabia,Valid,11/9/2023
PREX 150MG CAPSULE,PREGABALIN,-,-,Generic,Prescription,Jazeera Pharmaceutical Industries (JPI),Saudi Arabia,Valid,11/9/2023
PRILA 5% CREAM,"LIDOCAINE HYDROCHLORIDE,PRILOCAINE",5,g,Generic,Prescription,(Avalon Pharma) Middle East Pharmaceutical Industries Co. Ltd,Saudi Arabia,Valid,6/17/2025
PREGADEX 75 MG CAPSULE,PREGABALIN,-,-,Generic,Prescription,SPIMACO,Saudi Arabia,Valid,4/24/2025
PROTEC 2 GM Injection*,CEFEPIME HYDROCHLORIDE,10,ml,Generic,Prescription,TABUK PHARMACEUTICAL MANUFACTURING CO.,Saudi Arabia,Valid,10/16/2024
QUINOX 750MG F- C TABLET,CIPROFLOXACIN,-,-,Generic,Prescription,TABUK PHARMACEUTICAL MANUFACTURING CO.,Saudi Arabia,Valid,2/10/2025
QUINOX 500 MG TAB,CIPROFLOXACIN,-,-,Generic,Prescription,TABUK PHARMACEUTICAL MANUFACTURING CO.,Saudi Arabia,Valid,2/10/2025
QUINOX 250 MG F- C TAB,CIPROFLOXACIN,-,-,Generic,Prescription,TABUK PHARMACEUTICAL MANUFACTURING CO.,Saudi Arabia,Valid,2/10/2025
RAPIDUS 50 MG F.C. TABLET,DICLOFENAC POTASSIUM,-,-,Generic,Prescription,TABUK PHARMACEUTICAL MANUFACTURING CO.,Saudi Arabia,Valid,9/30/2022
RAPIDUS 25MG F.C. TABLET,DICLOFENAC POTASSIUM,-,-,Generic,Prescription,TABUK PHARMACEUTICAL MANUFACTURING CO.,Saudi Arabia,Valid,9/30/2022
PROTEC 1 GM Injection,CEFEPIME HYDROCHLORIDE,2.4,ml,Generic,Prescription,TABUK PHARMACEUTICAL MANUFACTURING CO.,Saudi Arabia,Valid,10/16/2024
PROTON 40MG E.C TAB,PANTOPRAZOLE,-,-,Generic,Prescription,SPIMACO,Saudi Arabia,Valid,6/19/2025
PROTON 40MG E.C TAB,PANTOPRAZOLE,-,-,Generic,Prescription,SPIMACO,Saudi Arabia,Valid,7/27/2025
PROTON 20MG E.C TABLET,PANTOPRAZOLE,-,-,Generic,Prescription,SPIMACO,Saudi Arabia,Valid,2/16/2025
PROTON 20MG E.C TABLET,PANTOPRAZOLE,-,-,Generic,Prescription,SPIMACO,Saudi Arabia,Valid,6/19/2025
PYRALVEX,"ANTHRAQUINONE GLYCOSIDE,SALICYLIC ACID",10,ml,NCE,OTC,RIYADH PHARMA,Saudi Arabia,Valid,7/31/2024
PREGADEX 300 MG CAPSULE,PREGABALIN,-,-,Generic,Prescription,SPIMACO,Saudi Arabia,Valid,1/9/2025
PREGADEX 150 MG CAPSULE,PREGABALIN,-,-,Generic,Prescription,SPIMACO,Saudi Arabia,Valid,4/24/2025
PERITONEAL DIALYSIS (F-C) WITH 1.36% DEXTROSE,"DEXTROSE,SODIUM CHLORIDE, CALCIUM CHLORIDE,MAGNESIUM CHLORIDE,SODIUM LACTATE,POTASSIUM CHLORIDE",1000,ml,Generic,Prescription,Pharmaceutical Solution Industries (PSI),Saudi Arabia,Valid,11/20/2022
PERITONEAL DIALYSIS (F-B) WITH 7% DEXTROSE,"DEXTROSE,SODIUM CHLORIDE, CALCIUM CHLORIDE,MAGNESIUM CHLORIDE,SODIUM LACTATE",1000,ml,Generic,Prescription,Pharmaceutical Solution Industries (PSI),Saudi Arabia,Valid,11/20/2022
PERITONEAL DIALYSIS (F-A) WITH 1.36% DEX,"DEXTROSE,SODIUM CHLORIDE, CALCIUM CHLORIDE,MAGNESIUM CHLORIDE,SODIUM LACTATE,POTASSIUM CHLORIDE",1000,ml,Generic,Prescription,Pharmaceutical Solution Industries (PSI),Saudi Arabia,Valid,11/20/2022
PERITONEAL DIALYSIS (F-A) WITH 1.36% DEX,"DEXTROSE,SODIUM CHLORIDE, CALCIUM CHLORIDE,MAGNESIUM CHLORIDE,SODIUM LACTATE,POTASSIUM CHLORIDE",1000,ml,Generic,Prescription,Pharmaceutical Solution Industries (PSI),Saudi Arabia,Valid,11/20/2022
PERITONEAL DIAL.(F- C)WITH1.36% DEXTROSE,"DEXTROSE,SODIUM CHLORIDE, CALCIUM CHLORIDE,MAGNESIUM CHLORIDE,SODIUM LACTATE,POTASSIUM CHLORIDE",1000,ml,Generic,Prescription,Pharmaceutical Solution Industries (PSI),Saudi Arabia,Valid,11/20/2022
PEPTAZOLE 30MG CAPSULE,LANSOPRAZOLE,-,-,Generic,Prescription,SPIMACO,Saudi Arabia,Valid,1/9/2025
PEPTAZOLE 30MG CAPSULE,LANSOPRAZOLE,-,-,Generic,Prescription,SPIMACO,Saudi Arabia,Valid,1/9/2025
PEPTAZOLE 15MG CAPSULE,LANSOPRAZOLE,-,-,Generic,OTC,SPIMACO,Saudi Arabia,Valid,1/9/2025
PEPTAZOLE 15MG CAPSULE,LANSOPRAZOLE,-,-,Generic,Prescription,SPIMACO,Saudi Arabia,Valid,1/9/2025
PERITONEAL DIALYSIS 1.5%DEX,"DEXTROSE,SODIUM CHLORIDE, CALCIUM CHLORIDE,MAGNESIUM CHLORIDE,SODIUM LACTATE",500,ml,Generic,Prescription,Pharmaceutical Solution Industries (PSI),Saudi Arabia,Valid,11/20/2022
PERITONEAL DIALYSIS 1.5%DEX,"DEXTROSE,SODIUM CHLORIDE, CALCIUM CHLORIDE,MAGNESIUM CHLORIDE,SODIUM LACTATE",2000,ml,Generic,Prescription,Pharmaceutical Solution Industries (PSI),Saudi Arabia,Valid,11/20/2022
PERITONEAL DIALYSIS 1.5%DEX,"DEXTROSE,SODIUM CHLORIDE, CALCIUM CHLORIDE,MAGNESIUM CHLORIDE,SODIUM LACTATE",250,ml,Generic,Prescription,Pharmaceutical Solution Industries (PSI),Saudi Arabia,Valid,11/20/2022
PERITONEAL DIALYSIS 1.5%DEX,"DEXTROSE,SODIUM CHLORIDE, CALCIUM CHLORIDE,MAGNESIUM CHLORIDE,SODIUM LACTATE",1000,ml,Generic,Prescription,Pharmaceutical Solution Industries (PSI),Saudi Arabia,Valid,11/20/2022
PERITONEAL DIALYSIS SOLN 4.25%DEXT(LOWNa,"DEXTROSE,SODIUM CHLORIDE, CALCIUM CHLORIDE,MAGNESIUM CHLORIDE,SODIUM ACETATE",1000,ml,Generic,Prescription,Pharmaceutical Solution Industries (PSI),Saudi Arabia,Valid,11/21/2022
PERITONEAL DIALYSIS SOLN 2.5%DEXT(LOW Na,"DEXTROSE,SODIUM CHLORIDE, CALCIUM CHLORIDE,MAGNESIUM CHLORIDE,SODIUM ACETATE",1000,ml,Generic,Prescription,Pharmaceutical Solution Industries (PSI),Saudi Arabia,Valid,11/21/2022
PERITONEAL DIALYSIS SOLN 1.5%DEXT& POTAS,"DEXTROSE,SODIUM CHLORIDE,POTASSIUM CHLORIDE, CALCIUM CHLORIDE,MAGNESIUM CHLORIDE,SODIUM ACETATE",1000,ml,Generic,Prescription,Pharmaceutical Solution Industries (PSI),Saudi Arabia,Valid,11/20/2022
PERITONEAL DIALYSIS 7% DEX 140.21MMOL SO,"DEXTROSE,SODIUM CHLORIDE, CALCIUM CHLORIDE,MAGNESIUM CHLORIDE,SODIUM LACTATE",1000,ml,Generic,Prescription,Pharmaceutical Solution Industries (PSI),Saudi Arabia,Valid,11/20/2022
PERITONEAL DIALYSIS 4.25%DEX,"DEXTROSE,SODIUM CHLORIDE, CALCIUM CHLORIDE,MAGNESIUM CHLORIDE,SODIUM LACTATE",2000,ml,Generic,Prescription,Pharmaceutical Solution Industries (PSI),Saudi Arabia,Valid,1/19/2023
PERITONEAL DIALYSIS 4.25%DEX,"DEXTROSE,SODIUM CHLORIDE, CALCIUM CHLORIDE,MAGNESIUM CHLORIDE,SODIUM LACTATE",1000,ml,Generic,Prescription,Pharmaceutical Solution Industries (PSI),Saudi Arabia,Valid,11/20/2022
PERITONEAL DIALYSIS 4.25%DEX,"DEXTROSE,SODIUM CHLORIDE, CALCIUM CHLORIDE,MAGNESIUM CHLORIDE,SODIUM LACTATE",500,ml,Generic,Prescription,Pharmaceutical Solution Industries (PSI),Saudi Arabia,Valid,11/21/2022
PERITONEAL DIALYSIS 4.25%DEX,"DEXTROSE,SODIUM CHLORIDE, CALCIUM CHLORIDE,MAGNESIUM CHLORIDE,SODIUM LACTATE",250,ml,Generic,Prescription,Pharmaceutical Solution Industries (PSI),Saudi Arabia,Valid,11/21/2022
PERITONEAL DIALYSIS 2.3%DEX 1.5MMOLELCTR,"DEXTROSE,SODIUM CHLORIDE, CALCIUM CHLORIDE,MAGNESIUM CHLORIDE,SODIUM LACTATE",1000,ml,Generic,Prescription,Pharmaceutical Solution Industries (PSI),Saudi Arabia,Valid,11/21/2022
PERITONEAL DIALYSIS 2.3%DEX 1.5MMOLELCTR,"DEXTROSE,SODIUM CHLORIDE, CALCIUM CHLORIDE,MAGNESIUM CHLORIDE,SODIUM LACTATE",2000,ml,Generic,Prescription,Pharmaceutical Solution Industries (PSI),Saudi Arabia,Valid,11/21/2022
PERITONEAL DIALYSIS 2.3%DEX 1.5MMOLELCTR,"DEXTROSE,SODIUM CHLORIDE, CALCIUM CHLORIDE,MAGNESIUM CHLORIDE,SODIUM LACTATE",250,ml,Generic,Prescription,Pharmaceutical Solution Industries (PSI),Saudi Arabia,Valid,11/21/2022
PERITONEAL DIALYSIS 2.3% DEX 1.75MMOL EL,"DEXTROSE,SODIUM CHLORIDE, CALCIUM CHLORIDE,MAGNESIUM CHLORIDE,SODIUM LACTATE",1000,ml,Generic,Prescription,Pharmaceutical Solution Industries (PSI),Saudi Arabia,Valid,11/21/2022
PERITONEAL DIALYSIS 2.3% DEX 1.75MMOL EL,"DEXTROSE,SODIUM CHLORIDE, CALCIUM CHLORIDE,MAGNESIUM CHLORIDE,SODIUM LACTATE",500,ml,Generic,Prescription,Pharmaceutical Solution Industries (PSI),Saudi Arabia,Valid,11/21/2022
PERITONEAL DIALYSIS 2.3% DEX 1.75MMOL EL,"DEXTROSE,SODIUM CHLORIDE, CALCIUM CHLORIDE,MAGNESIUM CHLORIDE,SODIUM LACTATE",2000,ml,Generic,Prescription,Pharmaceutical Solution Industries (PSI),Saudi Arabia,Valid,11/21/2022
PERITONEAL DIALYSIS 2.3% DEX 1.75MMOL EL,"DEXTROSE,SODIUM CHLORIDE, CALCIUM CHLORIDE,MAGNESIUM CHLORIDE,SODIUM LACTATE",250,ml,Generic,Prescription,Pharmaceutical Solution Industries (PSI),Saudi Arabia,Valid,11/21/2022
PERITONEAL DIALYSIS 2.3%DEX 1.5MMOLELCTR,"DEXTROSE,SODIUM CHLORIDE, CALCIUM CHLORIDE,MAGNESIUM CHLORIDE,SODIUM LACTATE",500,ml,Generic,Prescription,Pharmaceutical Solution Industries (PSI),Saudi Arabia,Valid,11/21/2022
PECTAL 100MG\5ML SYRUP,GUAIFENESIN,120,ml,Generic,OTC,Jazeera Pharmaceutical Industries (JPI),Saudi Arabia,Valid,5/5/2024
PAXITAB 40MG TABLET,PAROXETINE,-,-,Generic,Prescription,TABUK PHARMACEUTICAL MANUFACTURING CO.,Saudi Arabia,Valid,1/22/2024
PAXITAB 20MG TABLET,PAROXETINE,-,-,Generic,Prescription,TABUK PHARMACEUTICAL MANUFACTURING CO.,Saudi Arabia,Valid,1/22/2024
PAROXAT 30MG F-C TABLETS,PAROXETINE,-,-,Generic,Prescription,SPIMACO,Saudi Arabia,Valid,8/29/2022
PAROXAT 20 MG F-C TABLETS,PAROXETINE,-,-,Generic,Prescription,SPIMACO,Saudi Arabia,Valid,8/29/2022
PAROXAT 10 MG F-C TABLETS,PAROXETINE,-,-,Generic,Prescription,SPIMACO,Saudi Arabia,Valid,8/29/2022
PERITONEAL DIALYSIS SOLN1.5%DEXT(HIGH Na,"DEXTROSE,SODIUM CHLORIDE, CALCIUM CHLORIDE,MAGNESIUM CHLORIDE,SODIUM ACETATE",1000,ml,Generic,Prescription,Pharmaceutical Solution Industries (PSI),Saudi Arabia,Valid,11/21/2022
PERITONEAL DIALYSIS SOLN1.5%DEXT(LOW Na),"DEXTROSE,SODIUM CHLORIDE, CALCIUM CHLORIDE,MAGNESIUM CHLORIDE,SODIUM ACETATE",1000,ml,Generic,Prescription,Pharmaceutical Solution Industries (PSI),Saudi Arabia,Valid,11/21/2022
POLYVALENT SNAKE ANTIVENUM-EQUINE 10 ML AMPULE,ANTIVENUM IMMUNOGLOBULIN AGAINST SIX TYPES OF SNAKES AMP,10,ml,Biological,Prescription,NATIONAL ANTIVENOM AND VACCINE PRODUCTION CENTER,Saudi Arabia,Valid,9/14/2023
POTASSIUM CHLORIDE 7.5% AMP,POTASSIUM CHLORIDE,5,ml,Generic,Prescription,Pharmaceutical Solution Industries (PSI),Saudi Arabia,Valid,8/31/2022
PREDO 5MG-5ML SYRUP,PREDNISOLONE SODIUM PHOSPHATE,120,ml,Generic,Prescription,Jazeera Pharmaceutical Industries (JPI),Saudi Arabia,Valid,8/29/2022
PREDO 5MG TABLETS,PREDNISOLONE,-,-,Generic,Prescription,Jazeera Pharmaceutical Industries (JPI),Saudi Arabia,Valid,2/16/2025
PREDO 25MG TABLETS,PREDNISOLONE,-,-,Generic,Prescription,Jazeera Pharmaceutical Industries (JPI),Saudi Arabia,Valid,2/16/2025
PREDO 15MG-5ML SYRUP,PREDNISOLONE SODIUM PHOSPHATE,120,ml,Generic,Prescription,Jazeera Pharmaceutical Industries (JPI),Saudi Arabia,Valid,11/26/2024
POTASSIUM CHLORIDE 7.5% AMP,POTASSIUM CHLORIDE,20,ml,Generic,Prescription,Pharmaceutical Solution Industries (PSI),Saudi Arabia,Valid,8/31/2022
POTASSIUM CHLORIDE 7.5% AMP,POTASSIUM CHLORIDE,10,ml,Generic,Prescription,Pharmaceutical Solution Industries (PSI),Saudi Arabia,Valid,8/31/2022
PERITONEAL DIALYSIS(F- B)WITH7% DEXTROSE,"DEXTROSE,SODIUM CHLORIDE, CALCIUM CHLORIDE,MAGNESIUM CHLORIDE,SODIUM LACTATE",1000,ml,Generic,Prescription,Pharmaceutical Solution Industries (PSI),Saudi Arabia,Valid,11/20/2022
PERITONEAL DIALYSIS WITH 4.25%DEXTROSE,"DEXTROSE,SODIUM CHLORIDE, CALCIUM CHLORIDE,MAGNESIUM CHLORIDE,SODIUM ACETATE",1000,ml,Generic,Prescription,Pharmaceutical Solution Industries (PSI),Saudi Arabia,Valid,11/21/2022
PERITONEAL DIALYSIS WITH 4.25%DEXTROSE,"DEXTROSE,SODIUM CHLORIDE, CALCIUM CHLORIDE,MAGNESIUM CHLORIDE,SODIUM ACETATE",1000,ml,Generic,Prescription,Pharmaceutical Solution Industries (PSI),Saudi Arabia,Valid,11/24/2022
PERITONEAL DIALYSIS WITH 1.5%DEXTROSE,"DEXTROSE,SODIUM CHLORIDE, CALCIUM CHLORIDE,MAGNESIUM CHLORIDE,SODIUM ACETATE",1000,ml,Generic,Prescription,Pharmaceutical Solution Industries (PSI),Saudi Arabia,Valid,11/21/2022
PERITONEAL DIALYSIS WITH 1.5%DEXTROSE,"DEXTROSE,SODIUM CHLORIDE, CALCIUM CHLORIDE,MAGNESIUM CHLORIDE,SODIUM ACETATE",1000,ml,Generic,Prescription,Pharmaceutical Solution Industries (PSI),Saudi Arabia,Valid,11/24/2022
PERITONEAL DIALYSIS SOLN4.25%DEXT(HIGHNa,"DEXTROSE,SODIUM CHLORIDE, CALCIUM CHLORIDE,MAGNESIUM CHLORIDE,SODIUM ACETATE",1000,ml,Generic,Prescription,Pharmaceutical Solution Industries (PSI),Saudi Arabia,Valid,11/21/2022
PIGMANORM,"HYDROQUINONE,HYDROCORTISONE,TRETINOIN",30,g,Generic,Prescription,RIYADH PHARMA,Saudi Arabia,Valid,11/26/2024
PICO 7.5MG-ML ORAL DROPS,SODIUM PICOSULFATE,30,ml,Generic,OTC,DEEF PHARMACEUTICAL INDUSTRIES,Saudi Arabia,Valid,1/23/2024
NOSPASM 10 MG TAB,HYOSCINE BUTYLBROMIDE,-,-,Generic,OTC,SPIMACO,Saudi Arabia,Valid,6/19/2025
LYRICA 75 MG CAPSULES,PREGABALIN,-,-,NCE,Prescription,PFIZER SAUDI LIMITED,Saudi Arabia,Valid,6/2/2024
LYRICA 75,PREGABALIN,-,-,NCE,Prescription,PFIZER SAUDI LIMITED,Saudi Arabia,Valid,5/1/2024
LYRICA 50,PREGABALIN,-,-,NCE,Prescription,PFIZER SAUDI LIMITED,Saudi Arabia,Valid,5/1/2024
LYRICA 300,PREGABALIN,-,-,NCE,Prescription,PFIZER SAUDI LIMITED,Saudi Arabia,Valid,5/1/2024
LYRICA 150,PREGABALIN,-,-,NCE,Prescription,PFIZER SAUDI LIMITED,Saudi Arabia,Valid,5/1/2024
LUSTRAL 50MG TAB,SERTRALINE,-,-,NCE,Prescription,SPIMACO,Saudi Arabia,Valid,6/19/2025
MAGNESIUM SULPHATE 10% Injection*,MAGNESIUM SULFATE,20,ml,Generic,Prescription,Pharmaceutical Solution Industries (PSI),Saudi Arabia,Valid,4/6/2025
MAGNESIUM SULPHATE 10% Injection*,MAGNESIUM SULFATE,10,ml,Generic,Prescription,Pharmaceutical Solution Industries (PSI),Saudi Arabia,Valid,9/28/2023
MAGNESIUM SULFATE 50% I.V. Injection*,MAGNESIUM SULFATE,50,ml,Generic,Prescription,Pharmaceutical Solution Industries (PSI),Saudi Arabia,Valid,4/24/2025
MAGNESIUM SULFATE 50% AMPOULE,MAGNESIUM SULFATE,5,ml,Generic,Prescription,Pharmaceutical Solution Industries (PSI),Saudi Arabia,Valid,4/6/2025
LORINEX 0.5MG-1ML SYRUP,DESLORATADINE,150,ml,Generic,OTC,Jazeera Pharmaceutical Industries (JPI),Saudi Arabia,Valid,2/10/2025
LORINE 5MG-5ML SYRUP,LORATADINE,100,ml,Generic,OTC,SPIMACO,Saudi Arabia,Valid,10/3/2022
LORINE 10MG TAB,LORATADINE,-,-,Generic,OTC,SPIMACO,Saudi Arabia,Valid,8/29/2022
LORINE 10MG FAST MELTING TABLETS,LORATADINE,-,-,Generic,OTC,SPIMACO,Saudi Arabia,Valid,4/24/2025
LORINASE SYRUP,"PSEUDOEPHEDRINE HYDROCHLORIDE,LORATADINE",100,ml,Generic,OTC,SPIMACO,Saudi Arabia,Valid,5/8/2025
LORAMAX 10 mg tablet,LORATADINE,-,-,Generic,OTC,Jazeera Pharmaceutical Industries (JPI),Saudi Arabia,Valid,8/29/2022
LORAHIST 10 mg tablet,LORATADINE,-,-,Generic,OTC,RIYADH PHARMA,Saudi Arabia,Valid,11/26/2024
LORAHIST syrup,LORATADINE,100,ml,Generic,OTC,RIYADH PHARMA,Saudi Arabia,Valid,11/26/2024
LORINEX 5MG FILM COATED TABLETS,DESLORATADINE,-,-,Generic,OTC,Jazeera Pharmaceutical Industries (JPI),Saudi Arabia,Valid,2/10/2025
LORVAST 10 MG F-C TABLETS,ATORVASTATIN CALCIUM,-,-,Generic,Prescription,TABUK PHARMACEUTICAL MANUFACTURING CO.,Saudi Arabia,Valid,2/4/2025
LORVAST 20 MG F-C TABLETS,ATORVASTATIN CALCIUM,-,-,Generic,Prescription,TABUK PHARMACEUTICAL MANUFACTURING CO.,Saudi Arabia,Valid,2/4/2025
LORVAST 40 MG F-C TABLETS,ATORVASTATIN CALCIUM,-,-,Generic,Prescription,TABUK PHARMACEUTICAL MANUFACTURING CO.,Saudi Arabia,Valid,2/4/2025
LOXTRA EYE DROP,"OFLOXACIN,PREDNISOLONE,TETRAHYDROZOLINE",5,ml,Generic,Prescription,Jamjoom Pharmaceuticals Factory Company,Saudi Arabia,Valid,3/27/2023
LOXOL 50MG TABLET,LAMOTRIGINE,-,-,Generic,Prescription,Jazeera Pharmaceutical Industries (JPI),Saudi Arabia,Valid,8/29/2022
LOXOL 25MG TABLET,LAMOTRIGINE,-,-,Generic,Prescription,Jazeera Pharmaceutical Industries (JPI),Saudi Arabia,Valid,8/29/2022
LOXOL 200MG TABLET,LAMOTRIGINE,-,-,Generic,Prescription,Jazeera Pharmaceutical Industries (JPI),Saudi Arabia,Valid,8/29/2022
LOXOL 100MG TABLET,LAMOTRIGINE,-,-,Generic,Prescription,Jazeera Pharmaceutical Industries (JPI),Saudi Arabia,Valid,8/29/2022
LOTEVAN 5/160MG FILM COATED TABLET,"VALSARTAN,AMLODIPINE BESILATE",-,-,Generic,Prescription,TABUK PHARMACEUTICAL MANUFACTURING CO.,Saudi Arabia,Valid,2/19/2025
LOTEVAN 10/320MG FILM COATED TABLET,"VALSARTAN,AMLODIPINE BESILATE",-,-,Generic,Prescription,TABUK PHARMACEUTICAL MANUFACTURING CO.,Saudi Arabia,Valid,11/19/2022
LOTEVAN 10/160MG FILM COATED TABLET,"VALSARTAN,AMLODIPINE BESILATE",-,-,Generic,Prescription,TABUK PHARMACEUTICAL MANUFACTURING CO.,Saudi Arabia,Valid,2/19/2025
LOTENSE 5MG CAP,AMLODIPINE BESILATE,-,-,Generic,Prescription,TABUK PHARMACEUTICAL MANUFACTURING CO.,Saudi Arabia,Valid,9/30/2022
LOTENSE 10MG CAPSULES,AMLODIPINE BESILATE,-,-,Generic,Prescription,TABUK PHARMACEUTICAL MANUFACTURING CO.,Saudi Arabia,Valid,4/14/2024
LOTEVAN 5/320MG FILM COATED TABLET,"VALSARTAN,AMLODIPINE BESILATE",-,-,Generic,Prescription,TABUK PHARMACEUTICAL MANUFACTURING CO.,Saudi Arabia,Valid,11/19/2022
MANNITOL 10% INFUSION,MANNITOL,500,ml,Generic,Prescription,Pharmaceutical Solution Industries (PSI),Saudi Arabia,Valid,8/31/2022
MEGAMOX 625 MG TAB,"AMOXICILLIN,CLAVULANIC ACID",-,-,Generic,Prescription,Jazeera Pharmaceutical Industries (JPI),Saudi Arabia,Valid,11/18/2022
MEGAMOX 625 MG TAB,"AMOXICILLIN,CLAVULANIC ACID",-,-,Generic,Prescription,Jazeera Pharmaceutical Industries (JPI),Saudi Arabia,Valid,3/27/2024
MEGAMOX 457MG SUSP,"AMOXICILLIN,CLAVULANIC ACID",70,ml,Generic,Prescription,Jazeera Pharmaceutical Industries (JPI),Saudi Arabia,Valid,4/16/2024
MEGAMOX 312MG SUSP,"AMOXICILLIN,CLAVULANIC ACID",1,ml,Generic,Prescription,Jazeera Pharmaceutical Industries (JPI),Saudi Arabia,Valid,9/14/2023
MEGAMOX 228 MG SUSP,"AMOXICILLIN,CLAVULANIC ACID",70,ml,Generic,Prescription,Jazeera Pharmaceutical Industries (JPI),Saudi Arabia,Valid,8/21/2024
MEGAMOX 1GM TAB,"AMOXICILLIN,CLAVULANIC ACID",-,-,Generic,Prescription,Jazeera Pharmaceutical Industries (JPI),Saudi Arabia,Valid,3/27/2024
MEGAMOX 156 MG SUSP,"AMOXICILLIN,CLAVULANIC ACID",100,ml,Generic,Prescription,Jazeera Pharmaceutical Industries (JPI),Saudi Arabia,Valid,3/27/2024
MEIACT 200 MG FILM COATED TABLETS,CEFDITOREN PIVOXIL,-,-,Generic,Prescription,TABUK PHARMACEUTICAL MANUFACTURING CO.,Saudi Arabia,Valid,2/28/2024
MENTEX SYRUP,"DIPHENHYDRAMINE HYDROCHLORIDE,DEXTROMETHORPHAN HYDROBROMIDE,PSEUDOEPHEDRINE HYDROCHLORIDE",125,ml,Generic,Prescription,TABUK PHARMACEUTICAL MANUFACTURING CO.,Saudi Arabia,Valid,10/16/2024
MANNITOL 10% INFUSION,MANNITOL,500,ml,Generic,Prescription,Pharmaceutical Solution Industries (PSI),Saudi Arabia,Valid,8/31/2022
MANNITOL 20% INFUSION,MANNITOL,250,ml,Generic,Prescription,Pharmaceutical Solution Industries (PSI),Saudi Arabia,Valid,10/16/2024
MANNITOL 20% INFUSION,MANNITOL,500,ml,Generic,Prescription,Pharmaceutical Solution Industries (PSI),Saudi Arabia,Valid,10/16/2024
MANNITOL 10% INFUSION,MANNITOL,250,ml,Generic,Prescription,Pharmaceutical Solution Industries (PSI),Saudi Arabia,Valid,8/31/2022
MAXIM 400MG FILM COATED TABLETS,MOXIFLOXACIN HYDROCHLORIDE,-,-,Generic,Prescription,Jamjoom Pharmaceuticals Factory Company,Saudi Arabia,Valid,8/29/2022
MAXIM 400MG FILM COATED TABLETS,MOXIFLOXACIN HYDROCHLORIDE,-,-,Generic,Prescription,Jamjoom Pharmaceuticals Factory Company,Saudi Arabia,Valid,8/29/2022
MEBAGEN,MEBEVERINE HYDROCHLORIDE,-,-,Generic,Prescription,RIYADH PHARMA,Saudi Arabia,Valid,11/26/2024
LEJAM 30MG FILM COATED TABLET,DAPOXETINE,-,-,Generic,Prescription,SPIMACO,Saudi Arabia,Valid,10/3/2022
LEDO 5% W-W OINTMENT,LIDOCAINE HYDROCHLORIDE,20,g,Generic,Prescription,BATTERJEE PHARMACETICAL FACTORY,Saudi Arabia,Valid,10/10/2023
LAXO,"SODIUM CHLORIDE,SODIUM BICARBONATE,POTASSIUM CHLORIDE,POLYETHYLENE GLYCOL",-,-,Generic,Prescription,DEEF PHARMACEUTICAL INDUSTRIES,Saudi Arabia,Valid,11/7/2024
LATANOCOM OPHTHALMIC SOLUTION,"TIMOLOL MALEATE,LATANOPROST",2.5,ml,Generic,Prescription,Jamjoom Pharmaceuticals Factory Company,Saudi Arabia,Valid,2/10/2025
LATANO 0.005% W-V OPHTHALMIC SOLUTION,LATANOPROST,2.5,ml,Generic,Prescription,Jamjoom Pharmaceuticals Factory Company,Saudi Arabia,Valid,11/5/2023
LEJAM 60MG FILM COATED TABLET,DAPOXETINE,-,-,Generic,Prescription,SPIMACO,Saudi Arabia,Valid,10/3/2022
LENDOMAX 70 MG TABLETS,ALENDRONIC ACID,-,-,Generic,Prescription,TABUK PHARMACEUTICAL MANUFACTURING CO.,Saudi Arabia,Valid,2/28/2023
LEVOZAL 5 MG FILM COATED TABLET,LEVOCETIRIZINE DIHYDROCHLORIDE,-,-,Generic,OTC,Jamjoom Pharmaceuticals Factory Company,Saudi Arabia,Valid,9/22/2024
LEVOX 750MG FILM COATED TABLET,LEVOFLOXACIN,-,-,Generic,Prescription,SPIMACO,Saudi Arabia,Valid,1/17/2023
LEVOX 500MG FILM COATED TABLET,LEVOFLOXACIN,-,-,Generic,Prescription,SPIMACO,Saudi Arabia,Valid,1/9/2025
LEVONIC 500MG FILM COATED TABLETS,LEVOFLOXACIN,-,-,Generic,Prescription,Jazeera Pharmaceutical Industries (JPI),Saudi Arabia,Valid,7/8/2025
LEUKAST 10MG FILM COATED TABLETS,MONTELUKAST SODIUM,-,-,Generic,Prescription,Jazeera Pharmaceutical Industries (JPI),Saudi Arabia,Valid,3/18/2025
LAMIFEN 250MG TABLET,TERBINAFINE,-,-,Generic,Prescription,Jamjoom Pharmaceuticals Factory Company,Saudi Arabia,Valid,4/20/2023
LAMIFEN 250MG TABLET,TERBINAFINE,-,-,Generic,Prescription,Jamjoom Pharmaceuticals Factory Company,Saudi Arabia,Valid,4/20/2023
LAMIFEN 1% CREAM,TERBINAFINE,15,g,Generic,OTC,Jamjoom Pharmaceuticals Factory Company,Saudi Arabia,Valid,2/28/2023
LAPRIX 5MG COATED TABLET,OLANZAPINE,-,-,Generic,Prescription,TABUK PHARMACEUTICAL MANUFACTURING CO.,Saudi Arabia,Valid,12/27/2023
LAPRIX 10MG COATED TABLET,OLANZAPINE,-,-,Generic,Prescription,TABUK PHARMACEUTICAL MANUFACTURING CO.,Saudi Arabia,Valid,8/29/2022
LONZET 30MG CAPSULES,LANSOPRAZOLE,-,-,Generic,Prescription,TABUK PHARMACEUTICAL MANUFACTURING CO.,Saudi Arabia,Valid,8/29/2022
LONZET 15MG CAPSULES,LANSOPRAZOLE,-,-,Generic,OTC,TABUK PHARMACEUTICAL MANUFACTURING CO.,Saudi Arabia,Valid,12/9/2024
LISINO 5MG TABLET,LISINOPRIL,-,-,Generic,Prescription,Jamjoom Pharmaceuticals Factory Company,Saudi Arabia,Valid,2/10/2025
LIDOCAINE HCL 1% AMPOULE,LIDOCAINE HYDROCHLORIDE,20,ml,Generic,Prescription,Pharmaceutical Solution Industries (PSI),Saudi Arabia,Valid,8/31/2022
LIDOCAINE HCL 1% AMPOULE,LIDOCAINE HYDROCHLORIDE,10,ml,Generic,Prescription,Pharmaceutical Solution Industries (PSI),Saudi Arabia,Valid,8/31/2022
LIDOCAINE HCL 1% AMPOULE,LIDOCAINE HYDROCHLORIDE,5,ml,Generic,Prescription,Pharmaceutical Solution Industries (PSI),Saudi Arabia,Valid,6/11/2024
LINZ 20 MG CAPSULE,FLUOXETINE,-,-,Generic,Prescription,TABUK PHARMACEUTICAL MANUFACTURING CO.,Saudi Arabia,Valid,8/29/2022
LISINO 20MG TABLETS,LISINOPRIL,-,-,Generic,Prescription,Jamjoom Pharmaceuticals Factory Company,Saudi Arabia,Valid,2/10/2025
LISINO 10MG TABLETS,LISINOPRIL,-,-,Generic,Prescription,Jamjoom Pharmaceuticals Factory Company,Saudi Arabia,Valid,2/10/2025
NERVAX 75MG CAPSULES,PREGABALIN,-,-,Generic,Prescription,TABUK PHARMACEUTICAL MANUFACTURING CO.,Saudi Arabia,Valid,1/22/2024
NERVAX 300MG CAPSULES,PREGABALIN,-,-,Generic,Prescription,TABUK PHARMACEUTICAL MANUFACTURING CO.,Saudi Arabia,Valid,2/28/2024
NERVAX 150MG CAPSULES,PREGABALIN,-,-,Generic,Prescription,TABUK PHARMACEUTICAL MANUFACTURING CO.,Saudi Arabia,Valid,2/28/2024
NEORIN 5MG F.C. TABLET,DESLORATADINE,-,-,Generic,OTC,SPIMACO,Saudi Arabia,Valid,4/24/2025
NEORIN 2.5MG -5ML SYRUP,DESLORATADINE,150,ml,Generic,OTC,SPIMACO,Saudi Arabia,Valid,7/27/2025
NEURO-B FILM COATED TABLETS,"THIAMINE,PYRIDOXINE,CYANOCOBALAMIN",-,-,Generic,OTC,TABUK PHARMACEUTICAL MANUFACTURING CO.,Saudi Arabia,Valid,2/10/2025
NEUROPLEX 400MG CAPSULES,GABAPENTIN,-,-,Generic,Prescription,TABUK PHARMACEUTICAL MANUFACTURING CO.,Saudi Arabia,Valid,2/19/2025
NEURONTIN,GABAPENTIN,-,-,NCE,Prescription,PFIZER SAUDI LIMITED,Saudi Arabia,Valid,6/2/2024
NEURONTIN,GABAPENTIN,-,-,NCE,Prescription,PFIZER SAUDI LIMITED,Saudi Arabia,Valid,6/2/2024
NEUROCOMB I.M INJECTION,"THIAMINE,PYRIDOXINE,CYANOCOBALAMIN",3,ml,Generic,Prescription,Jamjoom Pharmaceuticals Factory Company,Saudi Arabia,Valid,2/28/2023
NEUROPLEX 300MG CAPSULES,GABAPENTIN,-,-,Generic,Prescription,TABUK PHARMACEUTICAL MANUFACTURING CO.,Saudi Arabia,Valid,2/19/2025
NON PYROGNIC ACETATE F1(3-001-010)I.V,"SODIUM CHLORIDE,POTASSIUM CHLORIDE, CALCIUM CHLORIDE,MAGNESIUM CHLORIDE,ACETIC ACID,DEXTROSE",10,l,Generic,Prescription,ARABIAN DIAGNOSTIC AND MEDICAL COMPANY,Saudi Arabia,Valid,12/1/2022
NON PYROGENIC ACETATE F6(3-006-010) I.V,"CALCIUM CHLORIDE, MAGNESIUM CHLORIDE, SODIUM ACETATE, SODIUM CHLORIDE",10,l,NCE,Prescription,ARABIAN DIAGNOSTIC AND MEDICAL COMPANY,Saudi Arabia,Valid,8/31/2022
NORMOTEN 50 MG F.C. TAB,ATENOLOL,-,-,Generic,Prescription,Jazeera Pharmaceutical Industries (JPI),Saudi Arabia,Valid,2/19/2025
NORMOTEN 100 MG F.C TAB,ATENOLOL,-,-,Generic,Prescription,Jazeera Pharmaceutical Industries (JPI),Saudi Arabia,Valid,2/19/2025
NORMOTEN 100 MG F.C TAB,ATENOLOL,-,-,Generic,Prescription,Jazeera Pharmaceutical Industries (JPI),Saudi Arabia,Valid,2/19/2025
NON PYROGENIC ACETATE F5(3-005-010) I.V,"CALCIUM CHLORIDE, MAGNESIUM CHLORIDE, POTASSIUM CHLORIDE, SODIUM ACETATE, SODIUM CHLORIDE",10,l,NCE,Prescription,ARABIAN DIAGNOSTIC AND MEDICAL COMPANY,Saudi Arabia,Valid,8/31/2022
NORMAL SALINE I.V. INFUSION,SODIUM CHLORIDE,250,ml,Generic,Prescription,Pharmaceutical Solution Industries (PSI),Saudi Arabia,Valid,8/29/2022
NORMAL SALINE I.V. INFUSION,SODIUM CHLORIDE,500,ml,Generic,Prescription,Pharmaceutical Solution Industries (PSI),Saudi Arabia,Valid,8/29/2022
NORMAL SALINE I.V. INFUSION,SODIUM CHLORIDE,100,ml,Generic,Prescription,Pharmaceutical Solution Industries (PSI),Saudi Arabia,Valid,3/27/2023
NORMAL SALINE I.V. INFUSION,SODIUM CHLORIDE,1000,ml,Generic,Prescription,Pharmaceutical Solution Industries (PSI),Saudi Arabia,Valid,8/29/2022
NORMAL SALINE I.V. INFUSION,SODIUM CHLORIDE,50,ml,Generic,Prescription,Pharmaceutical Solution Industries (PSI),Saudi Arabia,Valid,8/29/2022
NON PYROGENIC ACETATE F4(3-004-010) I.V,"CALCIUM CHLORIDE, MAGNESIUM CHLORIDE, POTASSIUM CHLORIDE, SODIUM ACETATE, SODIUM CHLORIDE",10,l,NCE,Prescription,ARABIAN DIAGNOSTIC AND MEDICAL COMPANY,Saudi Arabia,Valid,8/31/2022
NON PYROGENIC ACETATE F2(3-002-010),"CALCIUM CHLORIDE, DEXTROSE, MAGNESIUM CHLORIDE, POTASSIUM CHLORIDE, SODIUM ACETATE, SODIUM CHLORIDE",10,l,Generic,Prescription,ARABIAN DIAGNOSTIC AND MEDICAL COMPANY,Saudi Arabia,Valid,8/1/2022
NON PYROGENIC ACETATE F3(3-003-010) I.V,"CALCIUM CHLORIDE, MAGNESIUM CHLORIDE, POTASSIUM CHLORIDE, SODIUM ACETATE, SODIUM CHLORIDE",10,l,NCE,Prescription,ARABIAN DIAGNOSTIC AND MEDICAL COMPANY,Saudi Arabia,Valid,8/31/2022
MICOCORT CREAM,"MICONAZOLE NITRATE,HYDROCORTISONE",30,g,Generic,Prescription,DEEF PHARMACEUTICAL INDUSTRIES,Saudi Arabia,Valid,12/9/2024
METFOR 850 MG TAB,METFORMIN HYDROCHLORIDE,-,-,Generic,Prescription,TABUK PHARMACEUTICAL MANUFACTURING CO.,Saudi Arabia,Valid,8/14/2023
METFOR 500,METFORMIN HYDROCHLORIDE,-,-,Generic,Prescription,TABUK PHARMACEUTICAL MANUFACTURING CO.,Saudi Arabia,Valid,7/31/2023
MEVA 135MG F.C.TABLET,MEBEVERINE HYDROCHLORIDE,-,-,Generic,Prescription,Jamjoom Pharmaceuticals Factory Company,Saudi Arabia,Valid,3/27/2023
METRONIDAZOLE 500MG/100ML INTRAVENOUS INFUSION,METRONIDAZOLE,100,ml,Generic,Prescription,Pharmaceutical Solution Industries (PSI),Saudi Arabia,Valid,8/1/2023
METRONIDAZOLE 500MG-100ML INFUSION,METRONIDAZOLE,100,ml,Generic,Prescription,Pharmaceutical Solution Industries (PSI),Saudi Arabia,Valid,3/27/2023
METOSIL TAB 10MG,METOCLOPRAMIDE HYDROCHLORIDE,-,-,Generic,Prescription,SPIMACO,Saudi Arabia,Valid,8/29/2022
MONTEL 4MG GRANULES,MONTELUKAST SODIUM,-,-,Generic,Prescription,SPIMACO,Saudi Arabia,Valid,2/21/2024
MYCOLESS CREAM,MICONAZOLE NITRATE,20,g,Generic,OTC,BATTERJEE PHARMACETICAL FACTORY,Saudi Arabia,Valid,12/9/2024
MIRZAGEN 30 mg film-coated tablet,MIRTAZAPINE,-,-,Generic,Prescription,RIYADH PHARMA,Saudi Arabia,Valid,6/10/2025
MIRZAGEN 15 mg film-coated tablet,MIRTAZAPINE,-,-,Generic,Prescription,RIYADH PHARMA,Saudi Arabia,Valid,6/10/2025
MIRAGEL 2% ORAL GEL,MICONAZOLE NITRATE,40,g,Generic,OTC,Jamjoom Pharmaceuticals Factory Company,Saudi Arabia,Valid,12/9/2024
MINOXIL 5% SOLUTION,MINOXIDIL,60,ml,Generic,OTC,Dallah Pharma Factory,Saudi Arabia,Valid,1/9/2025
MONOCEF 500MG CAPSULE,CEFALEXIN,-,-,Generic,Prescription,Jazeera Pharmaceutical Industries (JPI),Saudi Arabia,Valid,3/27/2023
MONOCEF 250MG-5ML SUSPENSION,CEFALEXIN,100,ml,Generic,Prescription,Jazeera Pharmaceutical Industries (JPI),Saudi Arabia,Valid,8/21/2024
MONOCEF 250MG CAPSULE,CEFALEXIN,-,-,Generic,Prescription,Jazeera Pharmaceutical Industries (JPI),Saudi Arabia,Valid,8/21/2024
MONOCEF 125MG-5ML SUSPENSION,CEFALEXIN,100,ml,Generic,Prescription,Jazeera Pharmaceutical Industries (JPI),Saudi Arabia,Valid,3/27/2023
MOFETAB 500 MG FILM COATED TABLET,MYCOPHENOLATE MOFETIL,-,-,Generic,Prescription,TABUK PHARMACEUTICAL MANUFACTURING CO.,Saudi Arabia,Valid,6/19/2025
UNI FRESH 0.5% UNIT DOSE EYE DROPS,CARBOXYMETHYLCELLULOSE SODIUM,0.4,ml,Generic,OTC,Jamjoom Pharmaceuticals Factory Company,Saudi Arabia,Valid,3/27/2023
UNIPROST 4 MG TABLETS,DOXAZOSIN,-,-,Generic,Prescription,BATTERJEE PHARMACETICAL FACTORY,Saudi Arabia,Valid,4/5/2023
UNITUM 5% GEL,BENZYDAMINE HYDROCHLORIDE,20,g,Generic,OTC,BATTERJEE PHARMACETICAL FACTORY,Saudi Arabia,Valid,4/23/2025
URITAB XL 10MG EXTENDED RELEASE TABLETS,ALFUZOSIN,-,-,Generic,Prescription,TABUK PHARMACEUTICAL MANUFACTURING CO.,Saudi Arabia,Valid,8/10/2023
URILAX 10MG FILM COATED TABLET,SOLIFENACIN SUCCINATE,-,-,Generic,Prescription,TABUK PHARMACEUTICAL MANUFACTURING CO.,Saudi Arabia,Valid,8/29/2022
UNIZYM SYRUP,"CALCIUM PANTOTHENATE,NICOTINAMIDE,THIAMINE,RIBOFLAVIN (VITAMIN B2),PYRIDOXINE (VITAMIN B6)",120,ml,Generic,Prescription,BATTERJEE PHARMACETICAL FACTORY,Saudi Arabia,Valid,11/30/2022
UNITUM VERDE 7.5 MG/5ML MOUTHWASH AND GARGLE,BENZYDAMINE HYDROCHLORIDE,120,ml,Generic,OTC,BATTERJEE PHARMACETICAL FACTORY,Saudi Arabia,Valid,4/5/2023
URILAX 5MG FILM COATED TABLET,SOLIFENACIN SUCCINATE,-,-,Generic,Prescription,TABUK PHARMACEUTICAL MANUFACTURING CO.,Saudi Arabia,Valid,8/29/2022
TYMER 0.3% EYE DROP,GATIFLOXACIN,5,ml,Generic,Prescription,Jamjoom Pharmaceuticals Factory Company,Saudi Arabia,Valid,4/24/2025
U-CEF 500MG F.C. TABLETS,CEFUROXIME AXETIL,-,-,Generic,Prescription,Jazeera Pharmaceutical Industries (JPI),Saudi Arabia,Valid,7/8/2025
VERO 50 mg film-coated tablets,SILDENAFIL,-,-,Generic,Prescription,TABUK PHARMACEUTICAL MANUFACTURING CO.,Saudi Arabia,Valid,8/29/2022
VERO 50 mg film-coated tablets,SILDENAFIL,-,-,Generic,Prescription,TABUK PHARMACEUTICAL MANUFACTURING CO.,Saudi Arabia,Valid,8/29/2022
VERINE SR 200MG SUSTAINED RELEASED CAP,MEBEVERINE HYDROCHLORIDE,-,-,Generic,Prescription,SPIMACO,Saudi Arabia,Valid,10/5/2023
VERINE 135MG TAB,MEBEVERINE HYDROCHLORIDE,-,-,Generic,Prescription,SPIMACO,Saudi Arabia,Valid,7/27/2025
VENTOLIN RESPIRATORY SOLUTIN,SALBUTAMOL,20,ml,Generic,Prescription,GLAXO SAUDI ARABIA,Saudi Arabia,Valid,5/22/2024
VENTOLIN EVOHALER,SALBUTAMOL,-,-,NCE,Prescription,GLAXO SAUDI ARABIA,Saudi Arabia,Valid,5/22/2024
VESICARE 10 mg film-coated tablet,SOLIFENACIN SUCCINATE,-,-,NCE,Prescription,SAJA-SAUDI ARABIAN JAPANESE PHARMACEUTICAL CO,Saudi Arabia,Valid,10/30/2024
VESICARE 5 mg film-coated tablet,SOLIFENACIN SUCCINATE,-,-,NCE,Prescription,SAJA-SAUDI ARABIAN JAPANESE PHARMACEUTICAL CO,Saudi Arabia,Valid,10/30/2024
VIAGRA 50MG F.C TAB,SILDENAFIL,-,-,NCE,Prescription,PFIZER SAUDI LIMITED,Saudi Arabia,Valid,7/15/2025
VIAGRA 100MG TABLETS,SILDENAFIL,-,-,NCE,Prescription,PFIZER SAUDI LIMITED,Saudi Arabia,Valid,7/15/2025
VENTOLIN,SALBUTAMOL,150,ml,Generic,Prescription,GLAXO SAUDI ARABIA,Saudi Arabia,Valid,5/22/2024
VALTREX,VALACICLOVIR,-,-,NCE,Prescription,GLAXO SAUDI ARABIA,Saudi Arabia,Valid,8/29/2022
VALTREX,VALACICLOVIR,-,-,NCE,Prescription,GLAXO SAUDI ARABIA,Saudi Arabia,Valid,8/29/2022
VALOPRA 57.64 MG-ML SYRUP,VALPROATE SODIUM,150,ml,Generic,Prescription,Jazeera Pharmaceutical Industries (JPI),Saudi Arabia,Valid,8/29/2022
VALOPRA 200 MG-ML SOLUTION,VALPROATE SODIUM,40,ml,Generic,Prescription,Jazeera Pharmaceutical Industries (JPI),Saudi Arabia,Valid,8/29/2022
VASCODIPINE,AMLODIPINE BESILATE,-,-,Generic,Prescription,RIYADH PHARMA,Saudi Arabia,Valid,2/16/2023
VASCODIPINE,AMLODIPINE BESILATE,-,-,Generic,Prescription,RIYADH PHARMA,Saudi Arabia,Valid,2/16/2023
VASCODIPINE,AMLODIPINE BESILATE,-,-,Generic,Prescription,RIYADH PHARMA,Saudi Arabia,Valid,2/16/2023
VAVO 2% SHAMPOO,KETOCONAZOLE,100,ml,Generic,Prescription,TABUK PHARMACEUTICAL MANUFACTURING CO.,Saudi Arabia,Valid,8/18/2024
VASTA 40MG F.C. TABLETS,SIMVASTATIN,-,-,Generic,Prescription,TABUK PHARMACEUTICAL MANUFACTURING CO.,Saudi Arabia,Valid,9/22/2023
VASTA 20MG F.C TAB,SIMVASTATIN,-,-,Generic,Prescription,TABUK PHARMACEUTICAL MANUFACTURING CO.,Saudi Arabia,Valid,9/22/2023
VASTA 10MG F.C TAB,SIMVASTATIN,-,-,Generic,Prescription,TABUK PHARMACEUTICAL MANUFACTURING CO.,Saudi Arabia,Valid,9/22/2023
TAZOLINE0.5GM VIAL I.M+5MLSOLV.LIDOCAINE,CEFAZOLIN,-,-,Generic,Prescription,TABUK PHARMACEUTICAL MANUFACTURING CO.,Saudi Arabia,Valid,9/30/2022
TAZOLINE 1GM VIAL IV+10ML WATER FOR INJ.,CEFAZOLIN,-,-,Generic,Prescription,TABUK PHARMACEUTICAL MANUFACTURING CO.,Saudi Arabia,Valid,8/31/2022
TAZOLINE 1GM VIAL I.M+5MLSOLV.LIDOCAINE,CEFAZOLIN,-,-,Generic,Prescription,TABUK PHARMACEUTICAL MANUFACTURING CO.,Saudi Arabia,Valid,2/10/2025
TAZOLINE 0.5GM VIAL IV+10MLWATER FOR INJ,CEFAZOLIN,-,-,Generic,Prescription,TABUK PHARMACEUTICAL MANUFACTURING CO.,Saudi Arabia,Valid,8/31/2022
TABUVAN 160 MG FILM COATED TABLET,VALSARTAN,-,-,Generic,Prescription,TABUK PHARMACEUTICAL MANUFACTURING CO.,Saudi Arabia,Valid,2/4/2025
TABUNEX 0.05% NASAL SPRAY,MOMETASONE FUROATE,-,-,Generic,Prescription,TABUK PHARMACEUTICAL MANUFACTURING CO.,Saudi Arabia,Valid,4/24/2025
TABUFLU 75MG CAPSULES,OSELTAMIVIR,-,-,Generic,Prescription,TABUK PHARMACEUTICAL MANUFACTURING CO.,Saudi Arabia,Valid,9/30/2022
TABOCINE 100,DOXYCYCLINE,-,-,Generic,Prescription,TABUK PHARMACEUTICAL MANUFACTURING CO.,Saudi Arabia,Valid,8/29/2022
TABIXA 10MG FILM COATED TABLET,MEMANTINE HYDROCHLORIDE,-,-,Generic,Prescription,TABUK PHARMACEUTICAL MANUFACTURING CO.,Saudi Arabia,Valid,9/14/2023
TABIVIR 300MG F-C TABLETS,LAMIVUDINE,-,-,Generic,Prescription,TABUK PHARMACEUTICAL MANUFACTURING CO.,Saudi Arabia,Valid,8/29/2022
TABIVIR 150MG F-C TABLETS,LAMIVUDINE,-,-,Generic,Prescription,TABUK PHARMACEUTICAL MANUFACTURING CO.,Saudi Arabia,Valid,3/30/2023
TABIFLEX COOL 1% GEL,DICLOFENAC SODIUM,50,g,Generic,OTC,TABUK PHARMACEUTICAL MANUFACTURING CO.,Saudi Arabia,Valid,11/26/2024
TABIFLEX 50MG E.C.TAB,DICLOFENAC SODIUM,-,-,Generic,Prescription,TABUK PHARMACEUTICAL MANUFACTURING CO.,Saudi Arabia,Valid,8/29/2022
TABICLOR MR 750MG F.C TAB,CEFACLOR,-,-,Generic,Prescription,TABUK PHARMACEUTICAL MANUFACTURING CO.,Saudi Arabia,Valid,10/16/2024
TABICLOR 500MG CAPS,CEFACLOR,-,-,Generic,Prescription,TABUK PHARMACEUTICAL MANUFACTURING CO.,Saudi Arabia,Valid,8/29/2022
TABICLOR 375 MG- 5ML ORAL SUSPNSION,CEFACLOR,75,ml,Generic,Prescription,TABUK PHARMACEUTICAL MANUFACTURING CO.,Saudi Arabia,Valid,3/27/2023
TABICLOR 250MG-5ML SUSP,CEFACLOR,75,ml,Generic,Prescription,TABUK PHARMACEUTICAL MANUFACTURING CO.,Saudi Arabia,Valid,2/15/2024
TABICLOR 125MG-5ML SUSP,CEFACLOR,75,ml,Generic,Prescription,TABUK PHARMACEUTICAL MANUFACTURING CO.,Saudi Arabia,Valid,2/15/2024
TABETA 0.1%SCALP APPLICATION,BETAMETHASONE VALERATE,30,ml,Generic,Prescription,TABUK PHARMACEUTICAL MANUFACTURING CO.,Saudi Arabia,Valid,3/30/2023
TABUVAN 320 MG FILM COATED TABLET,VALSARTAN,-,-,Generic,Prescription,TABUK PHARMACEUTICAL MANUFACTURING CO.,Saudi Arabia,Valid,2/4/2025
TABUVAN 40 MG FILM COATED TABLET,VALSARTAN,-,-,Generic,Prescription,TABUK PHARMACEUTICAL MANUFACTURING CO.,Saudi Arabia,Valid,2/4/2025
TABUVAN 80 MG FILM COATED TABLET,VALSARTAN,-,-,Generic,Prescription,TABUK PHARMACEUTICAL MANUFACTURING CO.,Saudi Arabia,Valid,2/4/2025
TOVAST 40 MG F-C TABLETS,ATORVASTATIN CALCIUM,-,-,Generic,Prescription,SPIMACO,Saudi Arabia,Valid,8/15/2023
TOVAST 20 MG F-C TABLETS,ATORVASTATIN CALCIUM,-,-,Generic,Prescription,SPIMACO,Saudi Arabia,Valid,8/15/2023
TOVAST 10 MG F-C TABLETS,ATORVASTATIN CALCIUM,-,-,Generic,Prescription,SPIMACO,Saudi Arabia,Valid,8/15/2023
TRIAXONE 1GM VIAL I.V +10ML WATER FOR INJ,CEFTRIAXONE,-,-,Generic,Prescription,TABUK PHARMACEUTICAL MANUFACTURING CO.,Saudi Arabia,Valid,6/12/2023
TRIAXONE 500MG VIAL I.V+5MLWATER FOR INJ,CEFTRIAXONE,-,-,Generic,Prescription,TABUK PHARMACEUTICAL MANUFACTURING CO.,Saudi Arabia,Valid,6/12/2023
TRIAXONE 1GM VIAL I.M+5ML SOLV.LIDOCAINE,CEFTRIAXONE,-,-,Generic,Prescription,TABUK PHARMACEUTICAL MANUFACTURING CO.,Saudi Arabia,Valid,6/12/2023
TOPRAZOLE 40 MG E.C TABLETS,PANTOPRAZOLE,-,-,Generic,Prescription,TABUK PHARMACEUTICAL MANUFACTURING CO.,Saudi Arabia,Valid,11/26/2024
TRIAXONE 0.5G I.M VIAL+5ML SOLV.LIDOCAIN,CEFTRIAXONE,-,-,Generic,Prescription,TABUK PHARMACEUTICAL MANUFACTURING CO.,Saudi Arabia,Valid,6/12/2023
TOPRAZOLE 40 MG E.C TABLETS,PANTOPRAZOLE,-,-,Generic,Prescription,TABUK PHARMACEUTICAL MANUFACTURING CO.,Saudi Arabia,Valid,11/26/2024
TILAX 2 MG TABLET,TIZANIDINE,-,-,Generic,Prescription,RIYADH PHARMA,Saudi Arabia,Valid,3/19/2025
TILAX 4 MG TABLET,TIZANIDINE,-,-,Generic,Prescription,RIYADH PHARMA,Saudi Arabia,Valid,3/19/2025
TOPRAZOLE 20MG ENTERIC COATED TABLETS,PANTOPRAZOLE,-,-,Generic,Prescription,TABUK PHARMACEUTICAL MANUFACTURING CO.,Saudi Arabia,Valid,6/19/2025
ZINOPRIL 20 MG TABLET,LISINOPRIL,-,-,Generic,Prescription,Jazeera Pharmaceutical Industries (JPI),Saudi Arabia,Valid,11/26/2024
ZINOPRIL 10 MG TAB,LISINOPRIL,-,-,Generic,Prescription,Jazeera Pharmaceutical Industries (JPI),Saudi Arabia,Valid,10/10/2023
ZINNAT,CEFUROXIME AXETIL,-,-,NCE,Prescription,GLAXO SAUDI ARABIA,Saudi Arabia,Valid,8/7/2024
ZINNAT,CEFUROXIME AXETIL,50,ml,NCE,Prescription,GLAXO SAUDI ARABIA,Saudi Arabia,Valid,8/7/2024
ZINNAT,CEFUROXIME AXETIL,70,ml,NCE,Prescription,GLAXO SAUDI ARABIA,Saudi Arabia,Valid,8/7/2024
ZINNAT,CEFUROXIME AXETIL,-,-,NCE,Prescription,GLAXO SAUDI ARABIA,Saudi Arabia,Valid,8/7/2024
AZOLID 500MG F.C. TABLETS,AZITHROMYCIN,-,-,Generic,Prescription,SPIMACO,Saudi Arabia,Valid,3/23/2023
AZOLID 250MG F.C. TABLETS,AZITHROMYCIN,-,-,Generic,Prescription,SPIMACO,Saudi Arabia,Valid,9/4/2023
ZIMAX 250MG CAP.,AZITHROMYCIN,-,-,Generic,Prescription,SPIMACO,Saudi Arabia,Valid,8/21/2024
ZIMAX 250MG CAP.,AZITHROMYCIN,-,-,Generic,Prescription,SPIMACO,Saudi Arabia,Valid,11/7/2023
ZINOPRIL 5 MG TABLETS,LISINOPRIL,-,-,Generic,Prescription,Jazeera Pharmaceutical Industries (JPI),Saudi Arabia,Valid,10/10/2023
ZINOXIME 1.5GM VIAL FOR I.V,CEFUROXIME SODIUM,15,ml,Generic,Prescription,TABUK PHARMACEUTICAL MANUFACTURING CO.,Saudi Arabia,Valid,2/10/2025
ZINOXIME 750MG VIAL FOR I.V- I.M,CEFUROXIME SODIUM,15,ml,Generic,Prescription,TABUK PHARMACEUTICAL MANUFACTURING CO.,Saudi Arabia,Valid,2/10/2025
ZINOXIMOR 125MG F.C.TAB,CEFUROXIME AXETIL,-,-,Generic,Prescription,TABUK PHARMACEUTICAL MANUFACTURING CO.,Saudi Arabia,Valid,8/29/2022
ZIMAX 200MG\5ML SUSP,AZITHROMYCIN,30,ml,Generic,Prescription,SPIMACO,Saudi Arabia,Valid,11/7/2023
ZITHROMAX 250MG CAPS,AZITHROMYCIN,-,-,NCE,Prescription,PFIZER SAUDI LIMITED,Saudi Arabia,Valid,2/20/2024
ZITHROMAX 250MG CAPS,AZITHROMYCIN,-,-,NCE,Prescription,PFIZER SAUDI LIMITED,Saudi Arabia,Valid,2/20/2024
ZITHROMAX 200MG-5ML SUSP.AFTER RECONSTIT,AZITHROMYCIN,22.5,ml,NCE,Prescription,PFIZER SAUDI LIMITED,Saudi Arabia,Valid,2/20/2024
ZITHROMAX 200MG-5ML SUSP.AFTER RECONSTIT,AZITHROMYCIN,30,ml,Generic,Prescription,PFIZER SAUDI LIMITED,Saudi Arabia,Valid,2/20/2024
ZITHROMAX 200MG-5ML SUSP.AFTER RECONSTIT,AZITHROMYCIN,15,ml,NCE,Prescription,PFIZER SAUDI LIMITED,Saudi Arabia,Valid,2/20/2024
ZINOXIMOR 500MG F.C.TABLET,CEFUROXIME AXETIL,-,-,Generic,Prescription,TABUK PHARMACEUTICAL MANUFACTURING CO.,Saudi Arabia,Valid,2/27/2023
ZINOXIMOR 250 MG F.C.TAB,CEFUROXIME AXETIL,-,-,Generic,Prescription,TABUK PHARMACEUTICAL MANUFACTURING CO.,Saudi Arabia,Valid,2/27/2023
ZIMAX 200MG\5ML SUSP,AZITHROMYCIN,22.5,ml,Generic,Prescription,SPIMACO,Saudi Arabia,Valid,11/7/2023
ZIDIME 2GM I.V INJ,CEFTAZIDIME,-,-,Generic,Prescription,TABUK PHARMACEUTICAL MANUFACTURING CO.,Saudi Arabia,Valid,8/31/2022
ZENORIT 8 mg film-coated tablets,LORNOXICAM,-,-,Generic,Prescription,TABUK PHARMACEUTICAL MANUFACTURING CO.,Saudi Arabia,Valid,8/29/2022
ZERTAZINE 5MG\5ML SYRUP,CETIRIZINE HYDROCHLORIDE,100,ml,Generic,OTC,RIYADH PHARMA,Saudi Arabia,Valid,11/8/2022
ZIDIME 1GM GLASS VIAL IV-IM,CEFTAZIDIME,-,-,Generic,Prescription,TABUK PHARMACEUTICAL MANUFACTURING CO.,Saudi Arabia,Valid,8/31/2022
ZETRON 250 MG CAPSULE,AZITHROMYCIN,-,-,Generic,Prescription,TABUK PHARMACEUTICAL MANUFACTURING CO.,Saudi Arabia,Valid,4/14/2024
 ZETRON 300 per 7.5 ml,AZITHROMYCIN,22.5,ml,Generic,Prescription,TABUK PHARMACEUTICAL MANUFACTURING CO.,Saudi Arabia,Valid,2/5/2025
ZETRON 200 mg per 5 ml,AZITHROMYCIN,15,ml,Generic,Prescription,TABUK PHARMACEUTICAL MANUFACTURING CO.,Saudi Arabia,Valid,2/5/2025
ZETEX 10 mg tablet,EZETIMIBE,-,-,Generic,Prescription,TABUK PHARMACEUTICAL MANUFACTURING CO.,Saudi Arabia,Valid,6/19/2025
ZIMAX 200MG\5ML SUSP,AZITHROMYCIN,15,ml,Generic,Prescription,SPIMACO,Saudi Arabia,Valid,11/7/2023
ZETACORT CREAM,"FUSIDIC ACID,BETAMETHASONE VALERATE",15,g,Generic,Prescription,TABUK PHARMACEUTICAL MANUFACTURING CO.,Saudi Arabia,Valid,8/17/2023
ZETA 20MG OINTMENT TUBE,FUSIDIC ACID,15,g,Generic,Prescription,TABUK PHARMACEUTICAL MANUFACTURING CO.,Saudi Arabia,Valid,6/6/2024
ZERTAZINE,CETIRIZINE HYDROCHLORIDE,-,ml,Generic,OTC,RIYADH PHARMA,Saudi Arabia,Valid,8/20/2023
ZERTAZINE,CETIRIZINE HYDROCHLORIDE,-,-,Generic,OTC,RIYADH PHARMA,Saudi Arabia,Valid,12/1/2024
ZETA 20MG-GM CREAM,FUSIDIC ACID,15,g,Generic,Prescription,TABUK PHARMACEUTICAL MANUFACTURING CO.,Saudi Arabia,Valid,9/14/2023
ZOLPIGEN,ZOLPIDEM,-,-,Generic,Prescription,RIYADH PHARMA,Saudi Arabia,Valid,11/15/2023
ZOMIDOR 2% EYE DROPS,DORZOLAMIDE,5,ml,Generic,Prescription,RIYADH PHARMA,Saudi Arabia,Valid,4/24/2025
LOCASONE 0.1% cream,MOMETASONE FUROATE,30,g,Generic,Prescription,DEEF PHARMACEUTICAL INDUSTRIES,Saudi Arabia,Valid,11/7/2024
LOCASONE 0.1% cream,MOMETASONE FUROATE,15,g,Generic,Prescription,DEEF PHARMACEUTICAL INDUSTRIES,Saudi Arabia,Valid,8/29/2022
HYDROLYTE ORAL REHYDRATION SOLUTION,ORAL REHYDRATION SALTS,240,ml,Generic,OTC,SAUDI PHARMACEUTICAL INDUSTRIES,Saudi Arabia,Valid,1/16/2025
LIPICURE 40 mg film-coated tablet,ATORVASTATIN CALCIUM,-,-,Generic,Prescription,DAMMAM PHARMA,Saudi Arabia,Valid,8/29/2022
LIPICURE 20 mg film-coated tablet,ATORVASTATIN CALCIUM,-,-,Generic,Prescription,DAMMAM PHARMA,Saudi Arabia,Valid,8/29/2022
LIPICURE 10 mg film-coated tablet,ATORVASTATIN CALCIUM,-,-,Generic,Prescription,DAMMAM PHARMA,Saudi Arabia,Valid,8/29/2022
LOCASONE 0.1% cream,MOMETASONE FUROATE,50,g,Generic,Prescription,DEEF PHARMACEUTICAL INDUSTRIES,Saudi Arabia,Valid,11/7/2024
LOCASONE 0.1% cream,MOMETASONE FUROATE,100,g,Generic,Prescription,DEEF PHARMACEUTICAL INDUSTRIES,Saudi Arabia,Valid,11/7/2024
CO-VALISTA,"VALSARTAN,HYDROCHLOROTHIAZIDE",-,-,Generic,Prescription,SPIMACO,Saudi Arabia,Valid,3/20/2023
CO-VALISTA,"VALSARTAN,HYDROCHLOROTHIAZIDE",-,-,Generic,Prescription,SPIMACO,Saudi Arabia,Valid,3/20/2023
CO-VALISTA,"VALSARTAN,HYDROCHLOROTHIAZIDE",-,-,Generic,Prescription,SPIMACO,Saudi Arabia,Valid,3/20/2023
VALISTA 320 mg film-coated tablet,VALSARTAN,-,-,Generic,Prescription,SPIMACO,Saudi Arabia,Valid,8/29/2022
VALISTA 160 mg film-coated tablet,VALSARTAN,-,-,Generic,Prescription,SPIMACO,Saudi Arabia,Valid,8/29/2022
VALISTA 80 mg film-coated tablet,VALSARTAN,-,-,Generic,Prescription,SPIMACO,Saudi Arabia,Valid,8/29/2022
ACTAMONE 5 mg chewable tablet,MONTELUKAST SODIUM,-,-,Generic,Prescription,DEEF PHARMACEUTICAL INDUSTRIES,Saudi Arabia,Valid,8/29/2022
ZOVIRAX,ACYCLOVIR,-,-,NCE,Prescription,GLAXO SAUDI ARABIA,Saudi Arabia,Valid,6/10/2024
ZOVIRAX,ACYCLOVIR,-,-,NCE,Prescription,GLAXO SAUDI ARABIA,Saudi Arabia,Valid,6/10/2024
ZOVIRAX,ACYCLOVIR,-,-,NCE,Prescription,GLAXO SAUDI ARABIA,Saudi Arabia,Valid,2/11/2025
ZOTRIM SUSP.,"SULFAMETHOXAZOLE,TRIMETHOPRIM",100,ml,Generic,Prescription,Jazeera Pharmaceutical Industries (JPI),Saudi Arabia,Valid,11/28/2022
ZOTRIM FORTE TAB.,"SULFAMETHOXAZOLE,TRIMETHOPRIM",-,-,Generic,Prescription,Jazeera Pharmaceutical Industries (JPI),Saudi Arabia,Valid,11/28/2022
ACTAMONE 4 mg chewable tablet,MONTELUKAST SODIUM,-,-,Generic,Prescription,DEEF PHARMACEUTICAL INDUSTRIES,Saudi Arabia,Valid,8/29/2022
AXOR 30 mg film-coated tablet,PAROXETINE,-,-,Generic,Prescription,RIYADH PHARMA,Saudi Arabia,Valid,8/29/2022
AXOR 40 mg film-coated tablet,PAROXETINE,-,-,Generic,Prescription,RIYADH PHARMA,Saudi Arabia,Valid,8/29/2022
AXOR 20 mg film-coated tablet,PAROXETINE,-,-,Generic,Prescription,RIYADH PHARMA,Saudi Arabia,Valid,8/29/2022
ENDOLET 90 mg film-coated tablet,CINACALCET,-,-,Generic,Prescription,TABUK PHARMACEUTICAL MANUFACTURING CO.,Saudi Arabia,Valid,8/29/2022
ENDOLET 60 mg film-coated tablet,CINACALCET,-,-,Generic,Prescription,TABUK PHARMACEUTICAL MANUFACTURING CO.,Saudi Arabia,Valid,3/6/2025
ENDOLET 30 mg film-coated tablet,CINACALCET,-,-,Generic,Prescription,TABUK PHARMACEUTICAL MANUFACTURING CO.,Saudi Arabia,Valid,3/6/2025
WAFI 100 mg film-coated tablets,SILDENAFIL,-,-,Generic,Prescription,SPIMACO,Saudi Arabia,Valid,8/31/2022
VOLTIC -D 50MG DISPERSIBLE TABLETS,DICLOFENAC SODIUM,-,-,Generic,Prescription,Jamjoom Pharmaceuticals Factory Company,Saudi Arabia,Valid,9/3/2023
VOLTIC 75 mg solution for injection,DICLOFENAC SODIUM,3,ml,Generic,Prescription,Jamjoom Pharmaceuticals Factory Company,Saudi Arabia,Valid,3/27/2023
VOLTIC 50MG E.C.TABLET,DICLOFENAC SODIUM,-,-,Generic,Prescription,Jamjoom Pharmaceuticals Factory Company,Saudi Arabia,Valid,3/27/2023
WAFI 25 mg film-coated tablets,SILDENAFIL,-,-,Generic,Prescription,SPIMACO,Saudi Arabia,Valid,8/29/2022
WAFI 50 mg film-coated tablets,SILDENAFIL,-,-,Generic,Prescription,SPIMACO,Saudi Arabia,Valid,8/31/2022
WATER FOR INJECTION,WATER,1000,ml,Generic,Prescription,Pharmaceutical Solution Industries (PSI),Saudi Arabia,Valid,3/6/2023
WATER FOR INJECTION,WATER FOR INJECTIONS,500,ml,Generic,Prescription,Pharmaceutical Solution Industries (PSI),Saudi Arabia,Valid,6/9/2024
WATER FOR INJ AMP,WATER,10,ml,Generic,Prescription,Pharmaceutical Solution Industries (PSI),Saudi Arabia,Valid,6/9/2024
WATER FOR INJ AMP,WATER,20,ml,Generic,Prescription,Pharmaceutical Solution Industries (PSI),Saudi Arabia,Valid,9/22/2024
WATER FOR INJ AMP,WATER,5,ml,Generic,Prescription,Pharmaceutical Solution Industries (PSI),Saudi Arabia,Valid,9/15/2024
WATENE 0.1% GEL,ADAPALENE,45,g,Generic,Prescription,Jazeera Pharmaceutical Industries (JPI),Saudi Arabia,Valid,8/18/2024
WATENE 0.1% CREAM,ADAPALENE,45,g,Generic,Prescription,Jazeera Pharmaceutical Industries (JPI),Saudi Arabia,Valid,3/30/2023
WATER FOR INJECTION,WATER FOR INJECTIONS,100,ml,Generic,Prescription,Pharmaceutical Solution Industries (PSI),Saudi Arabia,Valid,1/22/2023
VIROL,ACYCLOVIR,10,g,Generic,Prescription,RIYADH PHARMA,Saudi Arabia,Valid,6/6/2024
VIVIDRIN 2% EYE DROPS,CROMOGLICATE SODIUM,10,ml,Generic,OTC,Jamjoom Pharmaceuticals Factory Company,Saudi Arabia,Valid,8/29/2022
VITANERVE F.C TAB,"NIACINAMIDE,CALCIUM PANTOTHENATE,RIBOFLAVIN,THIAMINE,PYRIDOXINE",-,-,Generic,OTC,TABUK PHARMACEUTICAL MANUFACTURING CO.,Saudi Arabia,Valid,2/10/2025
WATER FOR INJECTION,WATER,500,ml,Generic,Prescription,Pharmaceutical Solution Industries (PSI),Saudi Arabia,Valid,3/6/2023
WATER FOR INJECTION,WATER,1000,ml,Generic,Prescription,Pharmaceutical Solution Industries (PSI),Saudi Arabia,Valid,3/6/2023
WATER FOR INJECTION,WATER FOR INJECTIONS,50,ml,Generic,Prescription,Pharmaceutical Solution Industries (PSI),Saudi Arabia,Valid,6/9/2024
XOLAMOL EYE DROP,"DORZOLAMIDE,TIMOLOL MALEATE",5,ml,Generic,Prescription,Jamjoom Pharmaceuticals Factory Company,Saudi Arabia,Valid,11/9/2022
XYLOMET Adult nasal drops,XYLOMETAZOLINE HYDROCHLORIDE,15,ml,Generic,OTC,RIYADH PHARMA,Saudi Arabia,Valid,11/26/2024
XYLOMET Peadiatric nasal drops,XYLOMETAZOLINE HYDROCHLORIDE,15,ml,Generic,OTC,RIYADH PHARMA,Saudi Arabia,Valid,11/26/2024
XOLA OPTHALMIC SOLUTION,DORZOLAMIDE,5,ml,Generic,Prescription,Jamjoom Pharmaceuticals Factory Company,Saudi Arabia,Valid,9/4/2023
WINEX 400MG CAP,CEFIXIME,-,-,Generic,Prescription,TABUK PHARMACEUTICAL MANUFACTURING CO.,Saudi Arabia,Valid,8/29/2022
WINEX 200MG CAP,CEFIXIME,-,-,Generic,Prescription,TABUK PHARMACEUTICAL MANUFACTURING CO.,Saudi Arabia,Valid,8/29/2022
WINEX 100MG\5ML ORAL SUSP,CEFIXIME,60,ml,Generic,Prescription,TABUK PHARMACEUTICAL MANUFACTURING CO.,Saudi Arabia,Valid,6/19/2025
WAXSOL,DOCUSATE SODIUM,10,ml,Generic,Prescription,RIYADH PHARMA,Saudi Arabia,Valid,2/10/2025
WATER FOR IRRIGATION,WATER,500,ml,Generic,Prescription,Pharmaceutical Solution Industries (PSI),Saudi Arabia,Valid,3/6/2023
WATER FOR IRRIGATION,WATER,1000,ml,Generic,Prescription,Pharmaceutical Solution Industries (PSI),Saudi Arabia,Valid,1/7/2024
WATER FOR IRRIGATION,WATER,1000,ml,Generic,Prescription,Pharmaceutical Solution Industries (PSI),Saudi Arabia,Valid,2/28/2024
WATER FOR IRRIGATION,WATER,250,ml,Generic,Prescription,Pharmaceutical Solution Industries (PSI),Saudi Arabia,Valid,8/29/2022
WATER FOR IRRIGATION,WATER,3000,ml,Generic,Prescription,Pharmaceutical Solution Industries (PSI),Saudi Arabia,Valid,7/22/2023
WATER FOR IRRIGATION,WATER,1000,ml,Generic,Prescription,Pharmaceutical Solution Industries (PSI),Saudi Arabia,Valid,3/6/2023
RIZINO 5MG/5ML SYRUP,CETIRIZINE HYDROCHLORIDE,100,ml,Generic,OTC,BATTERJEE PHARMACETICAL FACTORY,Saudi Arabia,Valid,8/29/2022
ROLIP ointment,"BETAMETHASONE DIPROPIONATE,Calcipotriol",30,g,Generic,Prescription,TABUK PHARMACEUTICAL MANUFACTURING CO.,Saudi Arabia,Valid,6/19/2025
ROFENAC-D 50MG TAB,DICLOFENAC SODIUM,-,-,Generic,Prescription,SPIMACO,Saudi Arabia,Valid,3/30/2023
ROFENAC GEL 1%,DICLOFENAC SODIUM,30,g,Generic,OTC,SPIMACO,Saudi Arabia,Valid,8/29/2022
ROFENAC GEL 1%,DICLOFENAC SODIUM,50,g,Generic,OTC,SPIMACO,Saudi Arabia,Valid,3/30/2023
ROFENAC 75MG AMP,DICLOFENAC SODIUM,3,ml,Generic,Prescription,SPIMACO,Saudi Arabia,Valid,9/22/2023
ROFENAC 25MG SUPPOSITORES,DICLOFENAC SODIUM,-,-,Generic,Prescription,SPIMACO,Saudi Arabia,Valid,10/5/2023
ROFENAC 12.5 MG SUPP,DICLOFENAC SODIUM,-,-,Generic,Prescription,SPIMACO,Saudi Arabia,Valid,10/5/2023
ROFENAC 100 MG SUPP,DICLOFENAC SODIUM,-,-,Generic,Prescription,SPIMACO,Saudi Arabia,Valid,10/5/2023
ROFENAC 50MG TAB,DICLOFENAC SODIUM,-,-,Generic,Prescription,SPIMACO,Saudi Arabia,Valid,8/29/2022
RINGERS SOLUTION,"SODIUM CHLORIDE,POTASSIUM CHLORIDE, CALCIUM CHLORIDE",1000,ml,Generic,Prescription,Pharmaceutical Solution Industries (PSI),Saudi Arabia,Valid,3/27/2023
RINGERS SOLUTION,"SODIUM CHLORIDE,POTASSIUM CHLORIDE, CALCIUM CHLORIDE",100,ml,Generic,Prescription,Pharmaceutical Solution Industries (PSI),Saudi Arabia,Valid,11/30/2022
RISIDONE 1MG/1ML ORAL SOLUTION,RISPERIDONE,100,ml,Generic,Prescription,DEEF PHARMACEUTICAL INDUSTRIES,Saudi Arabia,Valid,4/24/2025
Rinofed Cold & Allergy Tablets,"PSEUDOEPHEDRINE HYDROCHLORIDE,TRIPROLIDINE",-,-,Generic,OTC,Jazeera Pharmaceutical Industries (JPI),Saudi Arabia,Valid,5/24/2023
RINOFED,"PSEUDOEPHEDRINE HYDROCHLORIDE,TRIPROLIDINE",100,ml,Generic,OTC,Jazeera Pharmaceutical Industries (JPI),Saudi Arabia,Valid,11/27/2022
RINOFED PLUS TAB,"PARACETAMOL,PSEUDOEPHEDRINE HYDROCHLORIDE,TRIPROLIDINE",-,-,Generic,OTC,Jazeera Pharmaceutical Industries (JPI),Saudi Arabia,Valid,11/10/2022
RINOFED PLUS SYRUP,"PARACETAMOL,PSEUDOEPHEDRINE HYDROCHLORIDE,TRIPROLIDINE",120,ml,Generic,OTC,Jazeera Pharmaceutical Industries (JPI),Saudi Arabia,Valid,11/10/2022
RINOFED EXPECTORANT SYRUP 100 ML,"GUAIFENESIN,PSEUDOEPHEDRINE HYDROCHLORIDE,TRIPROLIDINE",100,ml,Generic,OTC,Jazeera Pharmaceutical Industries (JPI),Saudi Arabia,Valid,11/24/2022
RINGERS SOLUTION,"SODIUM CHLORIDE,POTASSIUM CHLORIDE, CALCIUM CHLORIDE",1000,ml,Generic,Prescription,Pharmaceutical Solution Industries (PSI),Saudi Arabia,Valid,11/30/2022
RINGERS SOLUTION,"SODIUM CHLORIDE,POTASSIUM CHLORIDE, CALCIUM CHLORIDE",1000,ml,Generic,Prescription,Pharmaceutical Solution Industries (PSI),Saudi Arabia,Valid,11/30/2022
RINGERS SOLUTION,"SODIUM CHLORIDE,POTASSIUM CHLORIDE, CALCIUM CHLORIDE",500,ml,Generic,Prescription,Pharmaceutical Solution Industries (PSI),Saudi Arabia,Valid,11/30/2022
RINGERS SOLUTION,"SODIUM CHLORIDE,POTASSIUM CHLORIDE, CALCIUM CHLORIDE",500,ml,Generic,Prescription,Pharmaceutical Solution Industries (PSI),Saudi Arabia,Valid,9/28/2023
RIFACIN 300 MG CAPS,RIFAMPICIN,-,-,Generic,Prescription,TABUK PHARMACEUTICAL MANUFACTURING CO.,Saudi Arabia,Valid,4/24/2025
ROMIN 15 MG-5 ML SYRUP,DEXTROMETHORPHAN,120,ml,Generic,Prescription,Jazeera Pharmaceutical Industries (JPI),Saudi Arabia,Valid,11/26/2024
SAPOFEN JUNIOR 100MG-5ML SUSPENSION,IBUPROFEN,145,ml,Generic,OTC,SPIMACO,Saudi Arabia,Valid,9/28/2023
SAPOFEN JUNIOR 100MG-5ML SUSPENSION,IBUPROFEN,100,ml,Generic,OTC,SPIMACO,Saudi Arabia,Valid,3/27/2023
SAPOFEN COLD & FLU TABLET,"IBUPROFEN,PSEUDOEPHEDRINE HYDROCHLORIDE",-,-,Generic,OTC,SPIMACO,Saudi Arabia,Valid,10/31/2022
SAPOFEN 600 MG TAB,IBUPROFEN,-,-,Generic,Prescription,SPIMACO,Saudi Arabia,Valid,7/27/2025
SAPOFEN 400MG TAB,IBUPROFEN,-,-,Generic,OTC,SPIMACO,Saudi Arabia,Valid,2/20/2024
SELECTA PLUS 5MG-12.5MG F.C. TABLETS,"HYDROCHLOROTHIAZIDE,BISOPROLOL FUMARATE",-,-,Generic,Prescription,Jamjoom Pharmaceuticals Factory Company,Saudi Arabia,Valid,2/15/2024
SELECTA 5MG F.C. TABLETS,BISOPROLOL FUMARATE,-,-,Generic,Prescription,Jamjoom Pharmaceuticals Factory Company,Saudi Arabia,Valid,9/22/2024
SELECTA 2.5MG F.C. TABLETS,BISOPROLOL FUMARATE,-,-,Generic,Prescription,Jamjoom Pharmaceuticals Factory Company,Saudi Arabia,Valid,9/22/2024
SELECTA 10MG F.C. TABLETS,BISOPROLOL FUMARATE,-,-,Generic,Prescription,Jamjoom Pharmaceuticals Factory Company,Saudi Arabia,Valid,9/22/2024
SECNID 500MG TABLETS,SECNIDAZOLE,-,-,Generic,Prescription,BATTERJEE PHARMACETICAL FACTORY,Saudi Arabia,Valid,10/10/2023
POLYVALENT SCORPION ANTIVENOM-EQUINE,ANTIVENOM IMMUNOGLOBULIN (AGAINST SCORPION VENOM),1,ml,Biological,Prescription,NATIONAL ANTIVENOM AND VACCINE PRODUCTION CENTER,Saudi Arabia,Valid,9/14/2023
ROXONIN 60MG TABLET,LOXOPROFEN,-,-,NCE,OTC,SAJA-SAUDI ARABIAN JAPANESE PHARMACEUTICAL CO,Saudi Arabia,Valid,10/30/2024
ROXIL 500MG CAPS,CEFADROXIL,-,-,Generic,Prescription,TABUK PHARMACEUTICAL MANUFACTURING CO.,Saudi Arabia,Valid,1/22/2024
ROXIL 250MG-5ML SUSP.,CEFADROXIL,100,ml,Generic,Prescription,TABUK PHARMACEUTICAL MANUFACTURING CO.,Saudi Arabia,Valid,1/22/2024
RUMAFEN,DICLOFENAC SODIUM,50,g,Generic,OTC,RIYADH PHARMA,Saudi Arabia,Valid,2/27/2023
SALIBET OINTMENT,"SALICYLIC ACID,BETAMETHASONE DIPROPIONATE",30,g,Generic,Prescription,Jamjoom Pharmaceuticals Factory Company,Saudi Arabia,Valid,11/7/2024
RUMAFEN,DICLOFENAC SODIUM,-,g,Generic,Prescription,RIYADH PHARMA,Saudi Arabia,Valid,6/6/2024
RIFACIN 150MG CAP.,RIFAMPICIN,-,-,Generic,Prescription,TABUK PHARMACEUTICAL MANUFACTURING CO.,Saudi Arabia,Valid,4/24/2025
RIDON 4 MG FILM COATED TABLETS,RISPERIDONE,-,-,Generic,Prescription,TABUK PHARMACEUTICAL MANUFACTURING CO.,Saudi Arabia,Valid,2/13/2025
REPADERM GEL,"DIETHYLAMINE SALICYLATE,AESCIN",100,g,Generic,Prescription,Jazeera Pharmaceutical Industries (JPI),Saudi Arabia,Valid,6/19/2025
REMOX 500 MG CAPSULES,AMOXICILLIN,-,-,Generic,Prescription,Jazeera Pharmaceutical Industries (JPI),Saudi Arabia,Valid,2/27/2023
REMOX 250MG -5ML SUSPENSION,AMOXICILLIN,100,ml,Generic,Prescription,Jazeera Pharmaceutical Industries (JPI),Saudi Arabia,Valid,10/16/2024
REMOX 250 MG CAPSULES,AMOXICILLIN,-,-,Generic,Prescription,Jazeera Pharmaceutical Industries (JPI),Saudi Arabia,Valid,2/27/2023
REMOX 125MG-5ML SUSPENSION,AMOXICILLIN,100,ml,Generic,Prescription,Jazeera Pharmaceutical Industries (JPI),Saudi Arabia,Valid,2/27/2023
REPADERM GEL,"DIETHYLAMINE SALICYLATE,AESCIN",40,g,Generic,Prescription,Jazeera Pharmaceutical Industries (JPI),Saudi Arabia,Valid,6/19/2025
RESOVA 20MG FILM COATED TABLETS,ROSUVASTATIN,-,-,Generic,Prescription,Jazeera Pharmaceutical Industries (JPI),Saudi Arabia,Valid,11/7/2024
RESOVA 10MG FILM COATED TABLETS,ROSUVASTATIN,-,-,Generic,Prescription,Jazeera Pharmaceutical Industries (JPI),Saudi Arabia,Valid,11/7/2024
RECORMON 5000 I.U -ML VIAL,EPOETIN BETA,2,ml,Biological,Prescription,SPIMACO,Saudi Arabia,Valid,11/20/2022
RECORMON 1000 I.U -ML VIAL,EPOETIN BETA,2,ml,Biological,Prescription,SPIMACO,Saudi Arabia,Valid,11/20/2022
RELAXON CAP,"CHLORZOXAZONE,PARACETAMOL",-,-,Generic,Prescription,Jamjoom Pharmaceuticals Factory Company,Saudi Arabia,Valid,7/8/2025
RECTACURE ,"TRIBENOSIDE,LIDOCAINE HYDROCHLORIDE",30,g,Generic,Prescription,Jazeera Pharmaceutical Industries (JPI),Saudi Arabia,Valid,11/27/2022
RIASERTAL 100 mg film-coated tablet,SERTRALINE,-,-,Generic,Prescription,RIYADH PHARMA,Saudi Arabia,Valid,7/1/2023
RIAPHYLLIN 60MG/5ML SYRUP,THEOPHYLLINE,100,ml,Generic,Prescription,RIYADH PHARMA,Saudi Arabia,Valid,7/8/2025
RIAPHAN 15 mg per 5 ml,DEXTROMETHORPHAN,100,ml,Generic,Prescription,RIYADH PHARMA,Saudi Arabia,Valid,5/22/2023
RIANEST,NYSTATIN,15,g,Generic,Prescription,RIYADH PHARMA,Saudi Arabia,Valid,11/26/2024
RIANEST,NYSTATIN,15,g,Generic,Prescription,RIYADH PHARMA,Saudi Arabia,Valid,11/13/2023
RIANEST,NYSTATIN,30,ml,Generic,Prescription,RIYADH PHARMA,Saudi Arabia,Valid,10/10/2022
RIALOX,"ALUMINUM HYDROXIDE,MAGNESIUM HYDROXIDE",180,ml,Generic,OTC,RIYADH PHARMA,Saudi Arabia,Valid,11/19/2022
RIALOCAINE 2 % Gel,LIDOCAINE HYDROCHLORIDE,20,g,Generic,OTC,RIYADH PHARMA,Saudi Arabia,Valid,3/30/2023
RIASERTAL 50 mg film-coated tablet,SERTRALINE,-,-,Generic,Prescription,RIYADH PHARMA,Saudi Arabia,Valid,6/19/2025
RIDON 2 MG FILM COATED TABLETS,RISPERIDONE,-,-,Generic,Prescription,TABUK PHARMACEUTICAL MANUFACTURING CO.,Saudi Arabia,Valid,2/13/2025
RIDON 1 MG FILM COATED TABLETS,RISPERIDONE,-,-,Generic,Prescription,TABUK PHARMACEUTICAL MANUFACTURING CO.,Saudi Arabia,Valid,2/13/2025
RIAZOLIN,NAPHAZOLINE HYDROCHLORIDE,15,ml,Generic,Prescription,RIYADH PHARMA,Saudi Arabia,Valid,11/26/2024
RIAZOLE,METRONIDAZOLE,-,l,Generic,Prescription,RIYADH PHARMA,Saudi Arabia,Valid,11/26/2024
RIAXINE,BROMHEXINE,100,ml,Generic,OTC,RIYADH PHARMA,Saudi Arabia,Valid,2/19/2025
RIATROPINE 1%,ATROPINE SULFATE,5,ml,Generic,Prescription,RIYADH PHARMA,Saudi Arabia,Valid,8/29/2022
RIATROPINE 0.5%,ATROPINE SULFATE,5,ml,Generic,Prescription,RIYADH PHARMA,Saudi Arabia,Valid,8/29/2022
RIAGESIC,PARACETAMOL,15,ml,Generic,OTC,RIYADH PHARMA,Saudi Arabia,Valid,2/19/2025
RHEUFACT 20MG FILM COATED TABLETS,LEFLUNOMIDE,-,-,Generic,Prescription,Jazeera Pharmaceutical Industries (JPI),Saudi Arabia,Valid,5/6/2025
RHEUFACT 10MG FILM COATED TABLETS,LEFLUNOMIDE,-,-,Generic,Prescription,Jazeera Pharmaceutical Industries (JPI),Saudi Arabia,Valid,5/6/2025
RESTAMINE 5 MG -5 ML SYRUP,LORATADINE,60,ml,Generic,OTC,Jazeera Pharmaceutical Industries (JPI),Saudi Arabia,Valid,8/29/2022
RHINASE 0.05% AQUEOUS NASAL SPRAY,FLUTICASONE PROPIONATE,120,-,Generic,OTC,(Avalon Pharma) Middle East Pharmaceutical Industries Co. Ltd,Saudi Arabia,Valid,8/22/2024
RIACHOL EYE OINT.1%,CHLORAMPHENICOL,5,g,Generic,Prescription,RIYADH PHARMA,Saudi Arabia,Valid,8/29/2022
RIACHOL 5% EAR DROPS,CHLORAMPHENICOL,10,ml,Generic,Prescription,RIYADH PHARMA,Saudi Arabia,Valid,9/14/2023
RIACHOL 0.5% EYE DROP,CHLORAMPHENICOL,10,ml,Generic,Prescription,RIYADH PHARMA,Saudi Arabia,Valid,2/28/2024
RIACAVILOL 6.25 MG TABLET,CARVEDILOL,-,-,Generic,Prescription,RIYADH PHARMA,Saudi Arabia,Valid,8/29/2022
RIACAVILOL 12.5 MG TAB,CARVEDILOL,-,-,Generic,Prescription,RIYADH PHARMA,Saudi Arabia,Valid,8/29/2022
RIACAVILOL 25MG TABLET,CARVEDILOL,-,-,Generic,Prescription,RIYADH PHARMA,Saudi Arabia,Valid,8/29/2022
SORTIVA FORTE 100MG F.C. TABLETS,LOSARTAN POTASSIUM,-,-,Generic,Prescription,SPIMACO,Saudi Arabia,Valid,4/15/2023
SORTIVA 50 MG FILM COATED TABLETS,LOSARTAN POTASSIUM,-,-,Generic,Prescription,SPIMACO,Saudi Arabia,Valid,4/15/2023
SORTIVA 25 MG FILM COATED TABLETS,LOSARTAN POTASSIUM,-,-,Generic,Prescription,SPIMACO,Saudi Arabia,Valid,4/15/2023
SORTIVA H 50-12.5MG F.C. TABLETS,"LOSARTAN POTASSIUM,HYDROCHLOROTHIAZIDE",-,-,Generic,Prescription,SPIMACO,Saudi Arabia,Valid,5/8/2024
SORTIVA H 100-25MG F.C. TABLETS,"LOSARTAN POTASSIUM,HYDROCHLOROTHIAZIDE",-,-,Generic,Prescription,SPIMACO,Saudi Arabia,Valid,5/8/2024
SOLVEX 4MG-5ML SYRUP,BROMHEXINE,100,ml,Generic,OTC,Jazeera Pharmaceutical Industries (JPI),Saudi Arabia,Valid,11/26/2024
SODIUM CHLORIDE 5.85% AMP,SODIUM CHLORIDE,20,ml,Generic,Prescription,Pharmaceutical Solution Industries (PSI),Saudi Arabia,Valid,8/29/2022
SODIUM CHLORIDE 5.85% AMP,SODIUM CHLORIDE,10,ml,Generic,Prescription,Pharmaceutical Solution Industries (PSI),Saudi Arabia,Valid,8/29/2022
SODIUM CHLORIDE 018% I.V INFUSION,SODIUM CHLORIDE,250,ml,Generic,Prescription,Pharmaceutical Solution Industries (PSI),Saudi Arabia,Valid,8/29/2022
SODIUM CHLORIDE 018% I.V INFUSION,SODIUM CHLORIDE,500,ml,Generic,Prescription,Pharmaceutical Solution Industries (PSI),Saudi Arabia,Valid,8/29/2022
SODIUM CHLORIDE 0.9% INFUSION,SODIUM CHLORIDE,500,ml,Generic,Prescription,Pharmaceutical Solution Industries (PSI),Saudi Arabia,Valid,9/29/2022
SODIUM CHLORIDE 0.9% INFUSION,SODIUM CHLORIDE,50,ml,Generic,Prescription,Pharmaceutical Solution Industries (PSI),Saudi Arabia,Valid,8/29/2022
SODIUM CHLORIDE 0.9% INFUSION,SODIUM CHLORIDE,150,ml,Generic,Prescription,Pharmaceutical Solution Industries (PSI),Saudi Arabia,Valid,8/29/2022
SODIUM CHLORIDE 0.9% INFUSION,SODIUM CHLORIDE,100,ml,Generic,Prescription,Pharmaceutical Solution Industries (PSI),Saudi Arabia,Valid,8/16/2023
SODIUM CHLORIDE 0.9% INFUSION,SODIUM CHLORIDE,250,ml,Generic,Prescription,Pharmaceutical Solution Industries (PSI),Saudi Arabia,Valid,2/28/2024
SODIUM CHLORIDE 5.85% AMP,SODIUM CHLORIDE,5,ml,Generic,Prescription,Pharmaceutical Solution Industries (PSI),Saudi Arabia,Valid,8/29/2022
SODIUM CHLORIED 7.5 % W- V SOLUTION,SODIUM CHLORIDE,1000,ml,Generic,Prescription,Pharmaceutical Solution Industries (PSI),Saudi Arabia,Valid,8/29/2022
SODIUM CHLORIED 7.5 % W- V SOLUTION,SODIUM CHLORIDE,500,ml,Generic,Prescription,Pharmaceutical Solution Industries (PSI),Saudi Arabia,Valid,8/29/2022
SODIUM CHLORIED 7.5 % W- V SOLUTION,SODIUM CHLORIDE,250,ml,Generic,Prescription,Pharmaceutical Solution Industries (PSI),Saudi Arabia,Valid,8/29/2022
SODIUM CHLORIED 10 % W- V SOLUTION,SODIUM CHLORIDE,500,ml,Generic,Prescription,Pharmaceutical Solution Industries (PSI),Saudi Arabia,Valid,8/29/2022
SODIUM CHLORIED 10 % W- V SOLUTION,SODIUM CHLORIDE,250,ml,Generic,Prescription,Pharmaceutical Solution Industries (PSI),Saudi Arabia,Valid,8/29/2022
SODIUM CHLORIED 10 % W- V SOLUTION,SODIUM CHLORIDE,1000,ml,Generic,Prescription,Pharmaceutical Solution Industries (PSI),Saudi Arabia,Valid,8/29/2022
SODIUM LACTATE 1-6 MOLAR INFUSION,SODIUM LACTATE,500,ml,Generic,Prescription,Pharmaceutical Solution Industries (PSI),Saudi Arabia,Valid,8/22/2024
SODIUM CHLORIDE 0.9% INFUSION,SODIUM CHLORIDE,50,ml,Generic,Prescription,Pharmaceutical Solution Industries (PSI),Saudi Arabia,Valid,9/26/2023
STRAVIS 50MG FILM COATED TABLETS,LOSARTAN POTASSIUM,-,-,Generic,Prescription,RIYADH PHARMA,Saudi Arabia,Valid,6/6/2024
SUPRAX 100 SUSP,CEFIXIME,60,ml,NCE,Prescription,Jazeera Pharmaceutical Industries (JPI),Saudi Arabia,Valid,2/21/2024
SUPRAX 200 CAPS,CEFIXIME,-,-,NCE,Prescription,Jazeera Pharmaceutical Industries (JPI),Saudi Arabia,Valid,11/26/2024
SUPRAX 400 CAPS,CEFIXIME,-,-,NCE,Prescription,Jazeera Pharmaceutical Industries (JPI),Saudi Arabia,Valid,11/26/2024
SURECURE 0.1% TOPICAL GEL,ADAPALENE,30,g,Generic,Prescription,Jamjoom Pharmaceuticals Factory Company,Saudi Arabia,Valid,8/18/2024
SUPRAX D 400MG TABLET,CEFIXIME,-,-,Generic,Prescription,Jazeera Pharmaceutical Industries (JPI),Saudi Arabia,Valid,11/26/2024
SODIUM CHLORIDE 0.9% INFUSION,SODIUM CHLORIDE,150,ml,Generic,Prescription,Pharmaceutical Solution Industries (PSI),Saudi Arabia,Valid,3/27/2023
SODIUM CHLORIDE 0.9% INFUSION,SODIUM CHLORIDE,1000,ml,Generic,Prescription,Pharmaceutical Solution Industries (PSI),Saudi Arabia,Valid,1/22/2023
SODIUM CHLORIDE 0.9% INFUSION,SODIUM CHLORIDE,100,ml,Generic,Prescription,Pharmaceutical Solution Industries (PSI),Saudi Arabia,Valid,8/29/2022
SINATEN 100000 I.U VAGINAL TAB.,NYSTATIN,-,-,Generic,Prescription,TABUK PHARMACEUTICAL MANUFACTURING CO.,Saudi Arabia,Valid,8/17/2023
SIMVAGEN 40 mg film-coated tablet,SIMVASTATIN,-,-,Generic,Prescription,RIYADH PHARMA,Saudi Arabia,Valid,9/22/2023
SIMVAGEN 20 mg film-coated tablet,SIMVASTATIN,-,-,Generic,Prescription,RIYADH PHARMA,Saudi Arabia,Valid,5/22/2024
SIMVAGEN 10 mg film-coated tablet,SIMVASTATIN,-,-,Generic,Prescription,RIYADH PHARMA,Saudi Arabia,Valid,5/22/2024
SIMVA 40 MG COATED TABLET,SIMVASTATIN,-,-,Generic,Prescription,Jamjoom Pharmaceuticals Factory Company,Saudi Arabia,Valid,2/10/2025
SIMVA 20 MG COATED TABLET,SIMVASTATIN,-,-,Generic,Prescription,Jamjoom Pharmaceuticals Factory Company,Saudi Arabia,Valid,2/10/2025
SNAFI 20MG TAB,TADALAFIL,-,-,Generic,Prescription,SPIMACO,Saudi Arabia,Valid,7/27/2025
SOD. CHLORIDE 3% I.V SOLUTION,SODIUM CHLORIDE,500,ml,Generic,Prescription,Pharmaceutical Solution Industries (PSI),Saudi Arabia,Valid,11/26/2024
SOD. CHLORIDE 3% I.V INJECTION AMP,SODIUM CHLORIDE,20,ml,Generic,Prescription,Pharmaceutical Solution Industries (PSI),Saudi Arabia,Valid,8/29/2022
SOD. CHLORIDE 3% I.V INJECTION AMP,SODIUM CHLORIDE,250,ml,Generic,Prescription,Pharmaceutical Solution Industries (PSI),Saudi Arabia,Valid,8/29/2022
SOD. CHLORIDE 3% I.V INJECTION AMP,SODIUM CHLORIDE,10,ml,Generic,Prescription,Pharmaceutical Solution Industries (PSI),Saudi Arabia,Valid,9/26/2023
SOD. CHLORIDE 23.4% SOLUTION,SODIUM CHLORIDE,50,ml,Generic,Prescription,Pharmaceutical Solution Industries (PSI),Saudi Arabia,Valid,8/8/2024
SOD. CHLORIDE 20% SOLUTION,SODIUM CHLORIDE,50,ml,Generic,Prescription,Pharmaceutical Solution Industries (PSI),Saudi Arabia,Valid,8/29/2022
SOD. CHLORIDE 14.61% SOLU. FOR INJECTION,SODIUM CHLORIDE,50,ml,Generic,Prescription,Pharmaceutical Solution Industries (PSI),Saudi Arabia,Valid,8/16/2023
SIMVA 10 MG COATED TABLET,SIMVASTATIN,-,-,Generic,Prescription,Jamjoom Pharmaceuticals Factory Company,Saudi Arabia,Valid,2/10/2025
SOD. CHLORIDE 0.9% FOR IRRIGATION,SODIUM CHLORIDE,250,ml,Generic,Prescription,Pharmaceutical Solution Industries (PSI),Saudi Arabia,Valid,8/22/2024
SOD. CHLORIDE 0.9% FOR IRRIGATION,SODIUM CHLORIDE,1000,ml,Generic,Prescription,Pharmaceutical Solution Industries (PSI),Saudi Arabia,Valid,8/22/2024
SOD. CHLORIDE 0.225% I.V SOLUTION,SODIUM CHLORIDE,500,ml,Generic,Prescription,Pharmaceutical Solution Industries (PSI),Saudi Arabia,Valid,8/29/2022
SOD. CHLORIDE 0.225% I.V SOLUTION,SODIUM CHLORIDE,250,ml,Generic,Prescription,Pharmaceutical Solution Industries (PSI),Saudi Arabia,Valid,8/29/2022
SOD. CHLORIDE 0.225% I.V SOLUTION,SODIUM CHLORIDE,1000,ml,Generic,Prescription,Pharmaceutical Solution Industries (PSI),Saudi Arabia,Valid,8/29/2022
SOD. CHLORIDE 0.225% I.V SOLUTION,SODIUM CHLORIDE,500,ml,Generic,Prescription,Pharmaceutical Solution Industries (PSI),Saudi Arabia,Valid,9/22/2024
SOD. CHLORIDE 0.225% I.V SOLUTION,SODIUM CHLORIDE,250,ml,Generic,Prescription,Pharmaceutical Solution Industries (PSI),Saudi Arabia,Valid,8/29/2022
SOD. CHLORIDE 0.9% FOR IRRIGATION,SODIUM CHLORIDE,3000,ml,Generic,Prescription,Pharmaceutical Solution Industries (PSI),Saudi Arabia,Valid,8/22/2024
SOD. CHLORIDE 30% SOLUTION,SODIUM CHLORIDE,50,ml,Generic,Prescription,Pharmaceutical Solution Industries (PSI),Saudi Arabia,Valid,8/29/2022
SERETIDE EVOHALER 25/50,"FLUTICASONE PROPIONATE,SALMETEROL",-,-,NCE,Prescription,GLAXO SAUDI ARABIA,Saudi Arabia,Valid,4/20/2023
SERETIDE EVOHALER,"FLUTICASONE PROPIONATE,SALMETEROL",-,-,NCE,Prescription,GLAXO SAUDI ARABIA,Saudi Arabia,Valid,4/20/2023
SERETIDE EVOHALER,"FLUTICASONE PROPIONATE,SALMETEROL",-,-,NCE,Prescription,GLAXO SAUDI ARABIA,Saudi Arabia,Valid,4/20/2023
SEVIKAR 40/5MG FILM COATED TABLET,"OLMESARTAN MEDOXOMIL,AMLODIPINE BESILATE",-,-,Generic,Prescription,SAJA-SAUDI ARABIAN JAPANESE PHARMACEUTICAL CO,Saudi Arabia,Valid,10/30/2024
SEVIKAR 40/10MG FILM COATED TABLET,"OLMESARTAN MEDOXOMIL,AMLODIPINE BESILATE",-,-,Generic,Prescription,SAJA-SAUDI ARABIAN JAPANESE PHARMACEUTICAL CO,Saudi Arabia,Valid,10/30/2024
SEVIKAR 20/5MG FILM COATED TABLET,"OLMESARTAN MEDOXOMIL,AMLODIPINE BESILATE",-,-,Generic,Prescription,SAJA-SAUDI ARABIAN JAPANESE PHARMACEUTICAL CO,Saudi Arabia,Valid,10/30/2024
SEVIKAR 20/10MG FILM COATED TABLET,"OLMESARTAN MEDOXOMIL,AMLODIPINE BESILATE",-,-,Generic,Prescription,SAJA-SAUDI ARABIAN JAPANESE PHARMACEUTICAL CO,Saudi Arabia,Valid,10/30/2024
SODIUM CHLORID 5% I.V SOLUTION,SODIUM CHLORIDE,500,ml,Generic,Prescription,Pharmaceutical Solution Industries (PSI),Saudi Arabia,Valid,8/29/2022
SODIUM BICARBONATE 840GM POWDER,SODIUM BICARBONATE,840,g,Generic,Prescription,Pharmaceutical Solution Industries (PSI),Saudi Arabia,Valid,8/29/2022
SODIUM BICARBONATE 8.4% INF.,SODIUM BICARBONATE,100,ml,Generic,Prescription,Pharmaceutical Solution Industries (PSI),Saudi Arabia,Valid,8/22/2024
SODIUM BICARBONATE 8.4% INF.,SODIUM BICARBONATE,250,ml,Generic,Prescription,Pharmaceutical Solution Industries (PSI),Saudi Arabia,Valid,1/29/2025
SODIUM BICARBONATE 8.4% INF.,SODIUM BICARBONATE,50,ml,Generic,Prescription,Pharmaceutical Solution Industries (PSI),Saudi Arabia,Valid,8/22/2024
SODIUM BICARBONATE 7.5% I.V SOLUTION,SODIUM BICARBONATE,25,ml,Generic,Prescription,Pharmaceutical Solution Industries (PSI),Saudi Arabia,Valid,8/22/2024
SODIUM BICARBONATE 7.5% I.V SOLUTION,SODIUM BICARBONATE,50,ml,Generic,Prescription,Pharmaceutical Solution Industries (PSI),Saudi Arabia,Valid,8/22/2024
SODIUM BICARBONATE 7.5% I.V SOLUTION,SODIUM BICARBONATE,100,ml,Generic,Prescription,Pharmaceutical Solution Industries (PSI),Saudi Arabia,Valid,8/22/2024
SODIUM BICARBONATE 7.5% I.V SOLUTION,SODIUM BICARBONATE,20,ml,Generic,Prescription,Pharmaceutical Solution Industries (PSI),Saudi Arabia,Valid,8/22/2024
SODIUM BICARBONATE 650GM POWDER,SODIUM BICARBONATE,650,g,Generic,Prescription,Pharmaceutical Solution Industries (PSI),Saudi Arabia,Valid,8/29/2022
SODIUM BICARBONATE 5% INF.,SODIUM BICARBONATE,500,ml,Generic,Prescription,Pharmaceutical Solution Industries (PSI),Saudi Arabia,Valid,8/22/2024
5%W/V SODIUM BICARBONATE intravenous infusion B.P,SODIUM BICARBONATE,250,ml,Generic,Prescription,Pharmaceutical Solution Industries (PSI),Saudi Arabia,Valid,8/22/2024
SODIUM CHLORID 5% I.V SOLUTION,SODIUM CHLORIDE,250,ml,Generic,Prescription,Pharmaceutical Solution Industries (PSI),Saudi Arabia,Valid,8/29/2022
SODIUM CHLORIDE 0.18%I.V SOLUTION,SODIUM CHLORIDE,500,ml,Generic,Prescription,Pharmaceutical Solution Industries (PSI),Saudi Arabia,Valid,8/29/2022
SODIUM CHLORIDE 0.9% INFUSION,SODIUM CHLORIDE,1000,ml,Generic,Prescription,Pharmaceutical Solution Industries (PSI),Saudi Arabia,Valid,1/22/2023
SODIUM CHLORIDE 0.9% INFUSION,SODIUM CHLORIDE,250,ml,Generic,Prescription,Pharmaceutical Solution Industries (PSI),Saudi Arabia,Valid,1/7/2024
SODIUM CHLORIDE 0.9% INFUSION,SODIUM CHLORIDE,500,ml,Generic,Prescription,Pharmaceutical Solution Industries (PSI),Saudi Arabia,Valid,8/22/2024
SODIUM CHLORIDE 0.45% INF.,SODIUM CHLORIDE,250,ml,Generic,Prescription,Pharmaceutical Solution Industries (PSI),Saudi Arabia,Valid,8/29/2022
SODIUM CHLORIDE 0.45% INF.,SODIUM CHLORIDE,250,ml,Generic,Prescription,Pharmaceutical Solution Industries (PSI),Saudi Arabia,Valid,8/29/2022
SODIUM CHLORIDE 0.45% INF.,SODIUM CHLORIDE,1000,ml,Generic,Prescription,Pharmaceutical Solution Industries (PSI),Saudi Arabia,Valid,8/29/2022
SODIUM CHLORIDE 0.45% INF.,SODIUM CHLORIDE,500,ml,Generic,Prescription,Pharmaceutical Solution Industries (PSI),Saudi Arabia,Valid,6/9/2024
SODIUM CHLORIDE 0.18%I.V SOLUTION,SODIUM CHLORIDE,250,ml,Generic,Prescription,Pharmaceutical Solution Industries (PSI),Saudi Arabia,Valid,8/29/2022
SODIUM CHLORIDE 0.45% INF.,SODIUM CHLORIDE,500,ml,Generic,Prescription,Pharmaceutical Solution Industries (PSI),Saudi Arabia,Valid,8/29/2022
SOD.CHLORIDE 0.9% FOR IRRIGATION,SODIUM CHLORIDE,1000,ml,Generic,Prescription,Pharmaceutical Solution Industries (PSI),Saudi Arabia,Valid,8/29/2022
0.9% w/v SODIUM CHLORIDE for irrigation,SODIUM CHLORIDE,2000,ml,Generic,Prescription,Pharmaceutical Solution Industries (PSI),Saudi Arabia,Valid,1/8/2023
SOD.CHLORIDE 0.9% FOR IRRIGATION,SODIUM CHLORIDE,1000,ml,Generic,Prescription,Pharmaceutical Solution Industries (PSI),Saudi Arabia,Valid,6/9/2024
CLARIXIN 500 MG TABLET,CLARITHROMYCIN,-,-,Generic,Prescription,Med city,Saudi Arabia,Valid,5/12/2025
CLARITT XL 500MG EXTENDED RELEASE TABLETS,CLARITHROMYCIN,-,-,Generic,Prescription,TABUK PHARMACEUTICAL MANUFACTURING CO.,Saudi Arabia,Valid,5/9/2024
CLINDASOL 10MG-ML Solution,CLINDAMYCIN PHOSPHATE,60,ml,Generic,Prescription,Dallah Pharma Factory,Saudi Arabia,Valid,1/9/2025
CLIOCORT,"HYDROCORTISONE ACETATE,CLIOQUINOL",10,g,Generic,Prescription,RIYADH PHARMA,Saudi Arabia,Valid,6/6/2024
CLARITT XL 500 MG EXTENDED RELEASE TAB.,CLARITHROMYCIN,-,-,Generic,Prescription,TABUK PHARMACEUTICAL MANUFACTURING CO.,Saudi Arabia,Valid,8/29/2022
CLOBEDERM,CLOBETASOL PROPIONATE,25,g,Generic,Prescription,RIYADH PHARMA,Saudi Arabia,Valid,9/14/2023
CLARITT 500 MG FILM COATED TAB,CLARITHROMYCIN,-,-,Generic,Prescription,TABUK PHARMACEUTICAL MANUFACTURING CO.,Saudi Arabia,Valid,5/9/2024
CLARITT 250 MG - 5 ML SUSPENSION,CLARITHROMYCIN,70,ml,Generic,Prescription,TABUK PHARMACEUTICAL MANUFACTURING CO.,Saudi Arabia,Valid,8/29/2022
CITALOGEN 20 mg film-coated tablet,CITALOPRAM,-,-,Generic,Prescription,RIYADH PHARMA,Saudi Arabia,Valid,2/19/2025
CITALOGEN 10 mg film-coated tablet,CITALOPRAM,-,-,Generic,Prescription,RIYADH PHARMA,Saudi Arabia,Valid,2/19/2025
CITRIN 5MG-5ML SYRUP,CETIRIZINE HYDROCHLORIDE,100,ml,Generic,OTC,DEEF PHARMACEUTICAL INDUSTRIES,Saudi Arabia,Valid,11/7/2024
CLARITT 125 MG - 5 ML SUSPENSION,CLARITHROMYCIN,60,ml,Generic,Prescription,TABUK PHARMACEUTICAL MANUFACTURING CO.,Saudi Arabia,Valid,8/29/2022
CLARITINE 5MG-5ML SYRUP,LORATADINE,100,ml,Generic,OTC,SPIMACO,Saudi Arabia,Valid,4/23/2025
CLARITINE 10MG TAB,LORATADINE,-,-,NCE,OTC,SPIMACO,Saudi Arabia,Valid,1/30/2025
CLARINASE 5MG+60MG-5ML SYRUP,"PSEUDOEPHEDRINE HYDROCHLORIDE,LORATADINE",100,ml,Generic,OTC,SPIMACO,Saudi Arabia,Valid,4/5/2023
CLARIMAC 500 mg film-coated tablet,CLARITHROMYCIN,-,-,Generic,Prescription,RIYADH PHARMA,Saudi Arabia,Valid,11/13/2024
CLARITT 250 MG FILM COATED,CLARITHROMYCIN,-,-,Generic,Prescription,TABUK PHARMACEUTICAL MANUFACTURING CO.,Saudi Arabia,Valid,5/9/2024
CLARA 5MG\5ML SYRUP,LORATADINE,100,ml,Generic,OTC,Jamjoom Pharmaceuticals Factory Company,Saudi Arabia,Valid,11/5/2023
CLARA 10MG TABLET,LORATADINE,-,-,Generic,OTC,Jamjoom Pharmaceuticals Factory Company,Saudi Arabia,Valid,12/17/2024
CONAZOLE VAGINAL CREAM 20MG-1GM,MICONAZOLE NITRATE,40,g,Generic,OTC,DEEF PHARMACEUTICAL INDUSTRIES,Saudi Arabia,Valid,10/16/2024
CONAZOLE VAGINAL CREAM 20MG-1GM,MICONAZOLE NITRATE,78,g,Generic,OTC,DEEF PHARMACEUTICAL INDUSTRIES,Saudi Arabia,Valid,7/28/2025
CONAZOL 2% CREAM,MICONAZOLE NITRATE,15,g,Generic,OTC,DEEF PHARMACEUTICAL INDUSTRIES,Saudi Arabia,Valid,12/9/2024
CO-TABUVAN,"VALSARTAN,HYDROCHLOROTHIAZIDE",-,-,Generic,Prescription,TABUK PHARMACEUTICAL MANUFACTURING CO.,Saudi Arabia,Valid,10/16/2024
CO-TABUVAN,"VALSARTAN,HYDROCHLOROTHIAZIDE",-,-,Generic,Prescription,TABUK PHARMACEUTICAL MANUFACTURING CO.,Saudi Arabia,Valid,10/16/2024
CONAZOL 2% CREAM,MICONAZOLE NITRATE,30,g,Generic,OTC,DEEF PHARMACEUTICAL INDUSTRIES,Saudi Arabia,Valid,5/27/2025
CO-TABUVAN,"VALSARTAN,HYDROCHLOROTHIAZIDE",-,-,Generic,Prescription,TABUK PHARMACEUTICAL MANUFACTURING CO.,Saudi Arabia,Valid,10/16/2024
CO-TABUVAN,"VALSARTAN,HYDROCHLOROTHIAZIDE",-,-,Generic,Prescription,TABUK PHARMACEUTICAL MANUFACTURING CO.,Saudi Arabia,Valid,10/16/2024
CORTIDERM 1% CREAM,HYDROCORTISONE ACETATE,10,g,Generic,OTC,SPIMACO,Saudi Arabia,Valid,11/10/2022
CORTIDERM 1% CREAM,HYDROCORTISONE,30,g,Generic,OTC,SPIMACO,Saudi Arabia,Valid,11/10/2022
CO-TABUVAN,"VALSARTAN,HYDROCHLOROTHIAZIDE",-,-,Generic,Prescription,TABUK PHARMACEUTICAL MANUFACTURING CO.,Saudi Arabia,Valid,10/16/2024
COMPOUND SODIUM LACTATE INFUSION,LACTATED RINGER(S),250,ml,Generic,Prescription,Pharmaceutical Solution Industries (PSI),Saudi Arabia,Valid,8/31/2022
COBRA ANTIVENOM (EQUINE) AMP,ANTIVENOM IMMUNOGLOBULIN (AGAINST NAJA HAJE ARABICUS & WALTERI-NNESIA AEGYPTIA VENOM),10,ml,Biological,Prescription,NATIONAL ANTIVENOM AND VACCINE PRODUCTION CENTER,Saudi Arabia,Valid,8/31/2022
CLOVIR 5% CREAM,ACYCLOVIR,10,g,Generic,Prescription,SPIMACO,Saudi Arabia,Valid,7/27/2025
CLOVIR 200MG TAB,ACYCLOVIR,-,-,Generic,Prescription,SPIMACO,Saudi Arabia,Valid,12/19/2023
CLOVAINE 10% W/W GEL,BENZOCAINE,5,g,NCE,Prescription,DEEF PHARMACEUTICAL INDUSTRIES,Saudi Arabia,Valid,10/16/2024
CLOTRIZOLE 100MG VAGINAL TABLETS,CLOTRIMAZOLE,-,-,Generic,OTC,BATTERJEE PHARMACETICAL FACTORY,Saudi Arabia,Valid,10/10/2023
COBRA ANTIVENOM (EQUINE) AMP,ANTIVENOM IMMUNOGLOBULIN (AGAINST NAJA HAJE ARABICUS & WALTERI-NNESIA AEGYPTIA VENOM),10,ml,Biological,Prescription,NATIONAL ANTIVENOM AND VACCINE PRODUCTION CENTER,Saudi Arabia,Valid,8/31/2022
COMPOUND SODIUM LACTATE INFUSION,"SODIUM CHLORIDE,POTASSIUM CHLORIDE, CALCIUM CHLORIDE,SODIUM LACTATE",1000,ml,Generic,Prescription,Pharmaceutical Solution Industries (PSI),Saudi Arabia,Valid,11/30/2022
COMPOUND SODIUM LACTATE INF.,"SODIUM CHLORIDE,POTASSIUM CHLORIDE, CALCIUM CHLORIDE,SODIUM LACTATE",1000,ml,Generic,Prescription,Pharmaceutical Solution Industries (PSI),Saudi Arabia,Valid,3/13/2023
COMPOUND SODIUM LACTATE INF.,"SODIUM CHLORIDE,POTASSIUM CHLORIDE, CALCIUM CHLORIDE,SODIUM LACTATE",500,ml,Generic,Prescription,Pharmaceutical Solution Industries (PSI),Saudi Arabia,Valid,8/22/2024
COMPOUND SODIUM LACTATE INF.,"SODIUM CHLORIDE,POTASSIUM CHLORIDE, CALCIUM CHLORIDE,SODIUM LACTATE",500,ml,Generic,Prescription,Pharmaceutical Solution Industries (PSI),Saudi Arabia,Valid,10/17/2023
COMPOUND SODIUM LACTATE INF.,"SODIUM CHLORIDE,POTASSIUM CHLORIDE, CALCIUM CHLORIDE,SODIUM LACTATE",1000,ml,Generic,Prescription,Pharmaceutical Solution Industries (PSI),Saudi Arabia,Valid,3/13/2023
COMPOUND SODIUM LACTATE INFUSION,LACTATED RINGER(S),500,ml,Generic,Prescription,Pharmaceutical Solution Industries (PSI),Saudi Arabia,Valid,8/21/2024
CIPROXEN 750MG FILM COATED TABLET,CIPROFLOXACIN,-,-,Generic,Prescription,Jamjoom Pharmaceuticals Factory Company,Saudi Arabia,Valid,9/14/2023
CIPROXEN 250MG FILM COATED TABLET,CIPROFLOXACIN,-,-,Generic,Prescription,Jamjoom Pharmaceuticals Factory Company,Saudi Arabia,Valid,7/10/2023
CEPHALEX ORAL SUSP 250MG-5ML,CEFALEXIN,100,ml,Generic,Prescription,TABUK PHARMACEUTICAL MANUFACTURING CO.,Saudi Arabia,Valid,2/28/2024
CEPHALEX 500MG CAPS,CEFALEXIN,-,-,Generic,Prescription,TABUK PHARMACEUTICAL MANUFACTURING CO.,Saudi Arabia,Valid,2/28/2024
CEFADROX 500MG-5ML SUSPENSION,CEFADROXIL,100,ml,Generic,Prescription,Jazeera Pharmaceutical Industries (JPI),Saudi Arabia,Valid,6/12/2023
CEFADROX 500MG CAPSULE,CEFADROXIL,-,-,Generic,Prescription,Jazeera Pharmaceutical Industries (JPI),Saudi Arabia,Valid,8/29/2022
CEFADROX 250MG-5ML SUSPENSION,CEFADROXIL,100,ml,Generic,Prescription,Jazeera Pharmaceutical Industries (JPI),Saudi Arabia,Valid,6/12/2023
CIPROXEN 500MG FILM COATED TABLET,CIPROFLOXACIN,-,-,Generic,Prescription,Jamjoom Pharmaceuticals Factory Company,Saudi Arabia,Valid,11/7/2024
CIPROGEN,CIPROFLOXACIN,-,-,Generic,Prescription,RIYADH PHARMA,Saudi Arabia,Valid,5/22/2024
CIPROCIN 0.3%,CIPROFLOXACIN,5,ml,Generic,Prescription,RIYADH PHARMA,Saudi Arabia,Valid,2/10/2025
"CIPRO-SOL 200MG / 100 ML Glass bottle 	",CIPROFLOXACIN,100,ml,Generic,Prescription,Pharmaceutical Solution Industries (PSI),Saudi Arabia,Valid,8/13/2023
CIPROPHARM 500MG TABLET,CIPROFLOXACIN,-,-,Generic,Prescription,Med city,Saudi Arabia,Valid,5/12/2025
CIPROMAX 500 MG TABLET,CIPROFLOXACIN,-,-,Generic,Prescription,SPIMACO,Saudi Arabia,Valid,4/24/2025
CIPROMAX 750MG TAB,CIPROFLOXACIN,-,-,Generic,Prescription,SPIMACO,Saudi Arabia,Valid,4/24/2025
CHLOROQUINE,CHLOROQUINE PHOSPHATE,-,-,Generic,Prescription,RIYADH PHARMA,Saudi Arabia,Valid,2/27/2024
CHLOROQUINE,CHLOROQUINE PHOSPHATE,100,ml,Generic,Prescription,RIYADH PHARMA,Saudi Arabia,Valid,2/10/2025
DEXTROSE 10% I.V.INFUSION,DEXTROSE,250,ml,Generic,Prescription,Pharmaceutical Solution Industries (PSI),Saudi Arabia,Valid,8/31/2022
DEXTROSE 10% I.V.INFUSION,DEXTROSE,500,ml,Generic,Prescription,Pharmaceutical Solution Industries (PSI),Saudi Arabia,Valid,8/31/2022
DEXTROSE 10% I.V.INFUSION,DEXTROSE,100,ml,Generic,Prescription,Pharmaceutical Solution Industries (PSI),Saudi Arabia,Valid,8/31/2022
DEXTROSE 10% I.V.INFUSION,DEXTROSE,250,ml,Generic,Prescription,Pharmaceutical Solution Industries (PSI),Saudi Arabia,Valid,8/31/2022
10% Dextrose intravenous infusion,DEXTROSE,500,ml,Generic,Prescription,Pharmaceutical Solution Industries (PSI),Saudi Arabia,Valid,6/11/2024
DEXTROSE 10% I.V.INFUSION,DEXTROSE,1000,ml,Generic,Prescription,Pharmaceutical Solution Industries (PSI),Saudi Arabia,Valid,8/31/2022
DEXTROSE 10% I.V.INFUSION,DEXTROSE,1000,ml,Generic,Prescription,Pharmaceutical Solution Industries (PSI),Saudi Arabia,Valid,8/31/2022
DEXTROSE 10% IN 1-2 NORMAL SALINE,"DEXTROSE,SODIUM CHLORIDE",250,ml,Generic,Prescription,Pharmaceutical Solution Industries (PSI),Saudi Arabia,Valid,11/9/2022
DEXTROSE 10% IN 1-2 NORMAL SALINE,"DEXTROSE,SODIUM CHLORIDE",500,ml,Generic,Prescription,Pharmaceutical Solution Industries (PSI),Saudi Arabia,Valid,11/9/2022
DEXTROSE 10% IN 1-2 NORMAL SALINE,"DEXTROSE,SODIUM CHLORIDE",250,ml,Generic,Prescription,Pharmaceutical Solution Industries (PSI),Saudi Arabia,Valid,11/9/2022
DEXTROSE 10%+ SOD.CHLORIDE 0.18%,"DEXTROSE,SODIUM CHLORIDE",1000,ml,Generic,Prescription,Pharmaceutical Solution Industries (PSI),Saudi Arabia,Valid,11/6/2022
DEXTROSE 10% IN0.225% SOD.CHLORIDE INFS,"DEXTROSE,SODIUM CHLORIDE",250,ml,Generic,Prescription,Pharmaceutical Solution Industries (PSI),Saudi Arabia,Valid,11/9/2022
DEXTROSE 10% IN0.225% SOD.CHLORIDE INFS,"DEXTROSE,SODIUM CHLORIDE",250,ml,Generic,Prescription,Pharmaceutical Solution Industries (PSI),Saudi Arabia,Valid,11/9/2022
DEXTROSE 10% IN0.225% SOD.CHLORIDE INFS,"DEXTROSE,SODIUM CHLORIDE",500,ml,Generic,Prescription,Pharmaceutical Solution Industries (PSI),Saudi Arabia,Valid,11/9/2022
DEXTROSE 10% IN 1-5NORMAL SALINE INFUSIO,"DEXTROSE,SODIUM CHLORIDE",500,ml,Generic,Prescription,Pharmaceutical Solution Industries (PSI),Saudi Arabia,Valid,11/24/2022
DEXTROSE 10% IN 1-5NORMAL SALINE INFUSIO,"DEXTROSE,SODIUM CHLORIDE",250,ml,Generic,Prescription,Pharmaceutical Solution Industries (PSI),Saudi Arabia,Valid,3/27/2023
DEXTROSE 10%+ SOD.CHLORIDE 0.18%,"DEXTROSE,SODIUM CHLORIDE",250,ml,Generic,Prescription,Pharmaceutical Solution Industries (PSI),Saudi Arabia,Valid,11/6/2022
"DEXTROSE ,RINGER LACTATE","SODIUM CHLORIDE,SODIUM LACTATE,POTASSIUM CHLORIDE,CALCIUM CHLORIDE",1000,ml,Generic,Prescription,Pharmaceutical Solution Industries (PSI),Saudi Arabia,Valid,10/26/2022
"DEXTROSE ,RINGER","DEXTROSE,SODIUM CHLORIDE,POTASSIUM CHLORIDE, CALCIUM CHLORIDE",500,ml,Generic,Prescription,Pharmaceutical Solution Industries (PSI),Saudi Arabia,Valid,11/20/2022
"DEXTROSE ,RINGER","DEXTROSE,SODIUM CHLORIDE,POTASSIUM CHLORIDE, CALCIUM CHLORIDE",1000,ml,Generic,Prescription,Pharmaceutical Solution Industries (PSI),Saudi Arabia,Valid,11/20/2022
DEXTRAN-70 6% IN N.SALINE INF,"HYPROMELLOSE 2208 (750 MPA.S),DEXTRAN 70",500,ml,Generic,Prescription,Pharmaceutical Solution Industries (PSI),Saudi Arabia,Valid,11/6/2022
DEXTRAN-70 6% IN N.SALINE INF,"DEXTRAN 70,SODIUM CHLORIDE",500,ml,Generic,Prescription,Pharmaceutical Solution Industries (PSI),Saudi Arabia,Valid,11/6/2022
DEXTRAN-70 6% IN DEXTROSE 5% Infusion*,"DEXTRAN 70,DEXTROSE",500,ml,Generic,Prescription,Pharmaceutical Solution Industries (PSI),Saudi Arabia,Valid,11/6/2022
DEXTRAN-70 6% IN DEXTROSE 5% Infusion*,"DEXTRAN 70,DEXTROSE",500,ml,Generic,Prescription,Pharmaceutical Solution Industries (PSI),Saudi Arabia,Valid,11/6/2022
DEXTRAN-40 IN N.SALINE,"DEXTRAN 40,SODIUM CHLORIDE",500,ml,Generic,Prescription,Pharmaceutical Solution Industries (PSI),Saudi Arabia,Valid,11/6/2022
DEXTRAN-40 IN N.SALINE,"DEXTRAN 40,SODIUM CHLORIDE",500,ml,NCE,Prescription,Pharmaceutical Solution Industries (PSI),Saudi Arabia,Valid,11/6/2022
DEXTRAN-40 IN 5% DEXTROSE INJ,"DEXTRAN 40,DEXTROSE",500,ml,NCE,Prescription,Pharmaceutical Solution Industries (PSI),Saudi Arabia,Valid,11/6/2022
DEXTRAN-40 IN 5% DEXTROSE INJ,"DEXTRAN 40,DEXTROSE",500,ml,Generic,Prescription,Pharmaceutical Solution Industries (PSI),Saudi Arabia,Valid,11/6/2022
"DEXTROSE ,RINGER LACTATE","SODIUM LACTATE,SODIUM CHLORIDE, CALCIUM CHLORIDE,POTASSIUM CHLORIDE,DEXTROSE",500,ml,Generic,Prescription,Pharmaceutical Solution Industries (PSI),Saudi Arabia,Valid,6/11/2024
"DEXTROSE ,RINGER LACTATE","SODIUM CHLORIDE,SODIUM LACTATE,POTASSIUM CHLORIDE,CALCIUM CHLORIDE",500,ml,Generic,Prescription,Pharmaceutical Solution Industries (PSI),Saudi Arabia,Valid,10/26/2022
"DEXTROSE ,SOD.CHLORIDE","DEXTROSE,SODIUM CHLORIDE",1000,ml,Generic,Prescription,Pharmaceutical Solution Industries (PSI),Saudi Arabia,Valid,11/9/2022
"DEXTROSE ,SOD.CHLORIDE","DEXTROSE,SODIUM CHLORIDE",500,ml,Generic,Prescription,Pharmaceutical Solution Industries (PSI),Saudi Arabia,Valid,11/9/2022
"DEXTROSE ,SOD.CHLORIDE","DEXTROSE,SODIUM CHLORIDE",500,ml,Generic,Prescription,Pharmaceutical Solution Industries (PSI),Saudi Arabia,Valid,11/9/2022
"DEXTROSE ,SOD.CHLORIDE","DEXTROSE,SODIUM CHLORIDE",250,ml,Generic,Prescription,Pharmaceutical Solution Industries (PSI),Saudi Arabia,Valid,11/9/2022
"DEXTROSE ,SOD.CHLORIDE","DEXTROSE,SODIUM CHLORIDE",500,ml,Generic,Prescription,Pharmaceutical Solution Industries (PSI),Saudi Arabia,Valid,11/9/2022
"DEXTROSE ,SOD.CHLORIDE","DEXTROSE,SODIUM CHLORIDE",500,ml,Generic,Prescription,Pharmaceutical Solution Industries (PSI),Saudi Arabia,Valid,11/15/2023
"DEXTROSE ,SOD.CHLORIDE","DEXTROSE,SODIUM CHLORIDE",1000,ml,Generic,Prescription,Pharmaceutical Solution Industries (PSI),Saudi Arabia,Valid,11/9/2022
"DEXTROSE ,SOD.CHLORIDE","DEXTROSE,SODIUM CHLORIDE",1000,ml,Generic,Prescription,Pharmaceutical Solution Industries (PSI),Saudi Arabia,Valid,11/9/2022
"DEXTROSE ,SOD.CHLORIDE","DEXTROSE,SODIUM CHLORIDE",250,ml,Generic,Prescription,Pharmaceutical Solution Industries (PSI),Saudi Arabia,Valid,11/9/2022
"DEXTROSE ,SOD.CHLORIDE","DEXTROSE,SODIUM CHLORIDE",250,ml,Generic,Prescription,Pharmaceutical Solution Industries (PSI),Saudi Arabia,Valid,11/9/2022
"DEXTROSE ,SOD.CHLORIDE","DEXTROSE,SODIUM CHLORIDE",500,ml,Generic,Prescription,Pharmaceutical Solution Industries (PSI),Saudi Arabia,Valid,11/9/2022
"DEXTROSE ,SOD.CHLORIDE","DEXTROSE,SODIUM CHLORIDE",1000,ml,Generic,Prescription,Pharmaceutical Solution Industries (PSI),Saudi Arabia,Valid,11/9/2022
"DEXTROSE ,SOD.CHLORIDE","DEXTROSE,SODIUM CHLORIDE",1000,ml,Generic,Prescription,Pharmaceutical Solution Industries (PSI),Saudi Arabia,Valid,11/9/2022
"DEXTROSE ,SOD.CHLORIDE","DEXTROSE,SODIUM CHLORIDE",500,ml,Generic,Prescription,Pharmaceutical Solution Industries (PSI),Saudi Arabia,Valid,9/26/2023
"DEXTROSE ,SOD.CHLORIDE","DEXTROSE,SODIUM CHLORIDE",250,ml,Generic,Prescription,Pharmaceutical Solution Industries (PSI),Saudi Arabia,Valid,11/9/2022
DEXTROSE 10%+ SOD.CHLORIDE 0.18%,"DEXTROSE,SODIUM CHLORIDE",500,ml,Generic,Prescription,Pharmaceutical Solution Industries (PSI),Saudi Arabia,Valid,10/14/2024
DEXTROSE 10%+N.SALINE INJ,"DEXTROSE,SODIUM CHLORIDE",500,ml,Generic,Prescription,Pharmaceutical Solution Industries (PSI),Saudi Arabia,Valid,11/9/2022
DEXTROSE 5% IN 0.45% SOD. CHLORIDE INF,"DEXTROSE,SODIUM CHLORIDE",250,ml,Generic,Prescription,Pharmaceutical Solution Industries (PSI),Saudi Arabia,Valid,10/14/2024
DEXTROSE 5% IN 0.45% SOD. CHLORIDE INF,"DEXTROSE,SODIUM CHLORIDE",500,ml,Generic,Prescription,Pharmaceutical Solution Industries (PSI),Saudi Arabia,Valid,11/9/2022
DEXTROSE 5% IN 0.45% SOD. CHLORIDE INF,"DEXTROSE,SODIUM CHLORIDE",1000,ml,Generic,Prescription,Pharmaceutical Solution Industries (PSI),Saudi Arabia,Valid,11/15/2023
DEXTROSE 5% IN 0.225% SOD. CHLORIDE INF,"DEXTROSE,SODIUM CHLORIDE",500,ml,Generic,Prescription,Pharmaceutical Solution Industries (PSI),Saudi Arabia,Valid,11/9/2022
DEXTROSE 5% IN 0.225% SOD. CHLORIDE INF,"DEXTROSE,SODIUM CHLORIDE",1000,ml,Generic,Prescription,Pharmaceutical Solution Industries (PSI),Saudi Arabia,Valid,3/27/2023
DEXTROSE 5% IN 0.225% SOD. CHLORIDE INF,"DEXTROSE,SODIUM CHLORIDE",250,ml,Generic,Prescription,Pharmaceutical Solution Industries (PSI),Saudi Arabia,Valid,10/14/2024
DEXTROSE 5% + 0.9% SODIUM CHLORIDE INFUSION,"DEXTROSE,SODIUM CHLORIDE",500,ml,Generic,Prescription,Pharmaceutical Solution Industries (PSI),Saudi Arabia,Valid,11/9/2022
DEXTROSE 5% + 0.9% SODIUM CHLORIDE INFUSION,"DEXTROSE,SODIUM CHLORIDE",250,ml,Generic,Prescription,Pharmaceutical Solution Industries (PSI),Saudi Arabia,Valid,10/14/2024
DEXTROSE 5% & RINGER LACTATE INFUSION SOLUTION,"DEXTROSE,SODIUM CHLORIDE,POTASSIUM CHLORIDE, CALCIUM CHLORIDE,SODIUM LACTATE",1000,ml,Generic,Prescription,Pharmaceutical Solution Industries (PSI),Saudi Arabia,Valid,3/27/2023
DEXTROSE 5% IN RINGER SOLUTION,"DEXTROSE, RINGER(S) SOLUTION",1000,ml,Generic,Prescription,Pharmaceutical Solution Industries (PSI),Saudi Arabia,Valid,8/31/2022
DEXTROSE 5% INFUSION,DEXTROSE,250,ml,Generic,Prescription,Pharmaceutical Solution Industries (PSI),Saudi Arabia,Valid,8/16/2023
DEXTROSE 10%+N.SALINE INJ,"DEXTROSE,SODIUM CHLORIDE",250,ml,Generic,Prescription,Pharmaceutical Solution Industries (PSI),Saudi Arabia,Valid,11/9/2022
DEXTROSE 5%,DEXTROSE,100,ml,Generic,Prescription,Pharmaceutical Solution Industries (PSI),Saudi Arabia,Valid,8/31/2022
DEXTROSE 4.3%IN 0.18%SOD.CHLORIDE INFU,"DEXTROSE,SODIUM CHLORIDE",1000,ml,Generic,Prescription,Pharmaceutical Solution Industries (PSI),Saudi Arabia,Valid,4/26/2023
DEXTROSE 4.3%IN 0.18%SOD.CHLORIDE INFU,"DEXTROSE,SODIUM CHLORIDE",500,ml,Generic,Prescription,Pharmaceutical Solution Industries (PSI),Saudi Arabia,Valid,6/11/2024
DEXTROSE 25% INJ,DEXTROSE,5,ml,Generic,Prescription,Pharmaceutical Solution Industries (PSI),Saudi Arabia,Valid,8/31/2022
DEXTROSE 25% INJ,DEXTROSE,20,ml,Generic,Prescription,Pharmaceutical Solution Industries (PSI),Saudi Arabia,Valid,8/31/2022
DEXTROSE 25% INJ,DEXTROSE,250,ml,Generic,Prescription,Pharmaceutical Solution Industries (PSI),Saudi Arabia,Valid,10/16/2024
DEXTROSE 25% INJ,DEXTROSE,10,ml,Generic,Prescription,Pharmaceutical Solution Industries (PSI),Saudi Arabia,Valid,8/31/2022
DEXTROSE 25% INJ,DEXTROSE,500,ml,Generic,Prescription,Pharmaceutical Solution Industries (PSI),Saudi Arabia,Valid,6/11/2024
DEXTROSE 20% W-V INFUSION,DEXTROSE,500,ml,Generic,Prescription,Pharmaceutical Solution Industries (PSI),Saudi Arabia,Valid,8/31/2022
DEXTROSE 20% W-V INFUSION,DEXTROSE,500,ml,Generic,Prescription,Pharmaceutical Solution Industries (PSI),Saudi Arabia,Valid,9/22/2024
DEXTROSE 20% INJ,DEXTROSE,5,ml,Generic,Prescription,Pharmaceutical Solution Industries (PSI),Saudi Arabia,Valid,8/31/2022
DEXTROSE 20% INJ,DEXTROSE,20,ml,Generic,Prescription,Pharmaceutical Solution Industries (PSI),Saudi Arabia,Valid,8/31/2022
"20%W/V DEXTROSE injection, USP",DEXTROSE,10,ml,Generic,Prescription,Pharmaceutical Solution Industries (PSI),Saudi Arabia,Valid,8/31/2022
DEXTROSE 40% INFUSION,DEXTROSE,500,ml,Generic,Prescription,Pharmaceutical Solution Industries (PSI),Saudi Arabia,Valid,8/31/2022
DEXTROSE 40% INFUSION,DEXTROSE,10,ml,Generic,Prescription,Pharmaceutical Solution Industries (PSI),Saudi Arabia,Valid,8/31/2022
DEXTROSE 40% INFUSION,DEXTROSE,5,ml,Generic,Prescription,Pharmaceutical Solution Industries (PSI),Saudi Arabia,Valid,8/31/2022
DEXTROSE 40% INFUSION,DEXTROSE,500,ml,Generic,Prescription,Pharmaceutical Solution Industries (PSI),Saudi Arabia,Valid,8/31/2022
DEXTROSE 5%,DEXTROSE,500,ml,Generic,Prescription,Pharmaceutical Solution Industries (PSI),Saudi Arabia,Valid,3/27/2023
DEXTROSE 5%,DEXTROSE,1000,ml,Generic,Prescription,Pharmaceutical Solution Industries (PSI),Saudi Arabia,Valid,5/11/2025
DEXTROSE 5%,DEXTROSE,1000,ml,Generic,Prescription,Pharmaceutical Solution Industries (PSI),Saudi Arabia,Valid,8/1/2022
DEXTROSE 5%,DEXTROSE,150,ml,Generic,Prescription,Pharmaceutical Solution Industries (PSI),Saudi Arabia,Valid,3/27/2023
DEXTROSE 5%,DEXTROSE,50,ml,Generic,Prescription,Pharmaceutical Solution Industries (PSI),Saudi Arabia,Valid,9/26/2023
DEXTROSE 5%,DEXTROSE,100,ml,Generic,Prescription,Pharmaceutical Solution Industries (PSI),Saudi Arabia,Valid,8/16/2023
DEXTROSE 5%,DEXTROSE,500,ml,Generic,Prescription,Pharmaceutical Solution Industries (PSI),Saudi Arabia,Valid,1/23/2024
DEXTROSE 5%,DEXTROSE,500,ml,Generic,Prescription,Pharmaceutical Solution Industries (PSI),Saudi Arabia,Valid,1/7/2024
DEXTROSE 5%,DEXTROSE,1000,ml,Generic,Prescription,Pharmaceutical Solution Industries (PSI),Saudi Arabia,Valid,8/31/2022
DEXTROSE 5%,DEXTROSE,100,ml,Generic,Prescription,Pharmaceutical Solution Industries (PSI),Saudi Arabia,Valid,5/11/2025
DEXTROSE 5%,DEXTROSE,150,ml,Generic,Prescription,Pharmaceutical Solution Industries (PSI),Saudi Arabia,Valid,5/11/2025
DEXTROSE 5%,DEXTROSE,50,ml,Generic,Prescription,Pharmaceutical Solution Industries (PSI),Saudi Arabia,Valid,5/11/2025
40% w/v DEXTROSE Injection USP,DEXTROSE,20,ml,Generic,Prescription,Pharmaceutical Solution Industries (PSI),Saudi Arabia,Valid,9/22/2024
DEXTROSE 5%,DEXTROSE,500,ml,Generic,Prescription,Pharmaceutical Solution Industries (PSI),Saudi Arabia,Valid,3/27/2023
DAONIL M 500/5MG TABLETS,"METFORMIN HYDROCHLORIDE,GLIBENCLAMIDE",-,-,Generic,Prescription,SPIMACO,Saudi Arabia,Valid,6/5/2023
DAONIL M 500/2.5MG TABLETS,"METFORMIN HYDROCHLORIDE,GLIBENCLAMIDE",-,-,Generic,Prescription,SPIMACO,Saudi Arabia,Valid,6/5/2023
DAONIL M 250/1.25MG TABLETS,"METFORMIN HYDROCHLORIDE,GLIBENCLAMIDE",-,-,Generic,Prescription,SPIMACO,Saudi Arabia,Valid,6/5/2023
CROMA EYE DROP,"SODIUM CROMOGLICATE,TETRAHYDROZOLINE",10,ml,Generic,Prescription,Jamjoom Pharmaceuticals Factory Company,Saudi Arabia,Valid,9/3/2023
COXICAM,MELOXICAM,-,-,Generic,Prescription,RIYADH PHARMA,Saudi Arabia,Valid,8/1/2022
COXICAM,MELOXICAM,-,-,Generic,Prescription,RIYADH PHARMA,Saudi Arabia,Valid,11/5/2023
COXICAM,MELOXICAM,-,-,Generic,Prescription,RIYADH PHARMA,Saudi Arabia,Valid,8/1/2022
DERMA-T SOLUTION,CLINDAMYCIN PHOSPHATE,30,ml,Generic,Prescription,TABUK PHARMACEUTICAL MANUFACTURING CO.,Saudi Arabia,Valid,3/27/2023
DERMA T 10MG TOPICAL LOTION,CLINDAMYCIN PHOSPHATE,30,ml,Generic,Prescription,TABUK PHARMACEUTICAL MANUFACTURING CO.,Saudi Arabia,Valid,3/30/2023
DERMOVATE CREAM 0.05%,CLOBETASOL PROPIONATE,25,g,Generic,Prescription,GLAXO SAUDI ARABIA,Saudi Arabia,Valid,11/26/2024
DERMOVATE OINTMENT 0.05%,CLOBETASOL PROPIONATE,25,g,Generic,Prescription,GLAXO SAUDI ARABIA,Saudi Arabia,Valid,6/19/2025
DEXAFLOX OPHTHALMIC SUSPENSION,"OFLOXACIN,DEXAMETHASONE",5,ml,Generic,Prescription,Jamjoom Pharmaceuticals Factory Company,Saudi Arabia,Valid,3/27/2023
DESLOR 5 MG FILM COATED TABLET,DESLORATADINE,-,-,Generic,OTC,Jamjoom Pharmaceuticals Factory Company,Saudi Arabia,Valid,8/29/2022
DEPRALEX 20MG FILM COATED TABLET,ESCITALOPRAM,-,-,Generic,Prescription,TABUK PHARMACEUTICAL MANUFACTURING CO.,Saudi Arabia,Valid,8/29/2022
DEFADOL 160MG-5ML SUGAR FREE SYRUP,PARACETAMOL,100,ml,Generic,OTC,DEEF PHARMACEUTICAL INDUSTRIES,Saudi Arabia,Valid,1/22/2025
DEFADOL 160MG-5ML SUGAR FREE SYRUP,PARACETAMOL,60,ml,Generic,OTC,DEEF PHARMACEUTICAL INDUSTRIES,Saudi Arabia,Valid,1/28/2025
DEFADOL 160MG-5ML SUGAR FREE SYRUP,PARACETAMOL,145,ml,Generic,OTC,DEEF PHARMACEUTICAL INDUSTRIES,Saudi Arabia,Valid,1/22/2025
DEFONASE SYRUP,"PSEUDOEPHEDRINE HYDROCHLORIDE,LORATADINE",100,ml,Generic,OTC,DEEF PHARMACEUTICAL INDUSTRIES,Saudi Arabia,Valid,11/7/2024
DEFONEX 0.05% NASAL SPRAY,MOMETASONE FUROATE,120,-,Generic,Prescription,DEEF PHARMACEUTICAL INDUSTRIES,Saudi Arabia,Valid,5/22/2025
DEFORAX 5% CREAM,ACYCLOVIR,10,g,Generic,Prescription,DEEF PHARMACEUTICAL INDUSTRIES,Saudi Arabia,Valid,12/19/2023
DEPRALEX 10MG FILM COATED TABLET,ESCITALOPRAM,-,-,Generic,Prescription,TABUK PHARMACEUTICAL MANUFACTURING CO.,Saudi Arabia,Valid,8/29/2022
DEFOPAN 5MG-5ML SYRUP,HYOSCINE BUTYLBROMIDE,100,ml,Generic,OTC,DEEF PHARMACEUTICAL INDUSTRIES,Saudi Arabia,Valid,12/9/2024
DEMENTILE 10MG TABLET,DONEPEZIL HYDROCHLORIDE,-,-,Generic,Prescription,TABUK PHARMACEUTICAL MANUFACTURING CO.,Saudi Arabia,Valid,5/8/2025
DEFOSALIC OINTMENT,"SALICYLIC ACID,BETAMETHASONE DIPROPIONATE",30,g,Generic,Prescription,DEEF PHARMACEUTICAL INDUSTRIES,Saudi Arabia,Valid,11/7/2024
DEFOSALIC OINTMENT,"SALICYLIC ACID,BETAMETHASONE DIPROPIONATE",15,g,Generic,Prescription,DEEF PHARMACEUTICAL INDUSTRIES,Saudi Arabia,Valid,11/7/2024
DEFOSALIC LOTION,"SALICYLIC ACID,BETAMETHASONE DIPROPIONATE",30,ml,Generic,Prescription,DEEF PHARMACEUTICAL INDUSTRIES,Saudi Arabia,Valid,11/7/2024
DEFORAX 5% CREAM,ACYCLOVIR,5,g,Generic,Prescription,DEEF PHARMACEUTICAL INDUSTRIES,Saudi Arabia,Valid,12/19/2023
DEMENTILE 5MG TABLET,DONEPEZIL HYDROCHLORIDE,-,-,Generic,Prescription,TABUK PHARMACEUTICAL MANUFACTURING CO.,Saudi Arabia,Valid,5/8/2025
CARVIDOL 6.25MG TABLET,CARVEDILOL,-,-,Generic,Prescription,SPIMACO,Saudi Arabia,Valid,12/9/2024
ANAZOL 500 MG F.C. TAB,METRONIDAZOLE,-,-,Generic,Prescription,Jazeera Pharmaceutical Industries (JPI),Saudi Arabia,Valid,11/26/2024
ANAZOL 250 MG F.C. TAB,METRONIDAZOLE,-,-,Generic,Prescription,Jazeera Pharmaceutical Industries (JPI),Saudi Arabia,Valid,5/5/2024
ANAZOL 200MG-5ML SUSPENSION,METRONIDAZOLE,120,ml,Generic,Prescription,Jazeera Pharmaceutical Industries (JPI),Saudi Arabia,Valid,5/5/2024
ANAZOL   125MG-5ML SUSP.,METRONIDAZOLE,120,ml,Generic,Prescription,Jazeera Pharmaceutical Industries (JPI),Saudi Arabia,Valid,5/5/2024
AMVASC 5MG CAPSULE,AMLODIPINE BESILATE,-,-,Generic,Prescription,Jamjoom Pharmaceuticals Factory Company,Saudi Arabia,Valid,11/7/2024
AMVASC 2.5MG CAPSULE,AMLODIPINE BESILATE,-,-,Generic,Prescription,Jamjoom Pharmaceuticals Factory Company,Saudi Arabia,Valid,8/29/2022
AMLOR CAPS 5MG,AMLODIPINE BESILATE,-,-,NCE,Prescription,PFIZER SAUDI LIMITED,Saudi Arabia,Valid,7/15/2025
AMLOR 10MG CAPSULES,AMLODIPINE BESILATE,-,-,NCE,Prescription,PFIZER SAUDI LIMITED,Saudi Arabia,Valid,7/15/2025
AMLOPINE 5MG CAPSULE,AMLODIPINE BESILATE,-,-,Generic,Prescription,SPIMACO,Saudi Arabia,Valid,4/24/2025
AMLOPINE 10MG CAPSULES,AMLODIPINE BESILATE,-,-,Generic,Prescription,SPIMACO,Saudi Arabia,Valid,1/9/2025
AMLOCARD 5MG TABLETS,AMLODIPINE BESILATE,-,-,Generic,Prescription,BATTERJEE PHARMACETICAL FACTORY,Saudi Arabia,Valid,4/30/2023
AMISTOP 5MG-5ML SUSPENSION,DOMPERIDONE,200,ml,Generic,Prescription,DEEF PHARMACEUTICAL INDUSTRIES,Saudi Arabia,Valid,11/7/2024
AMVASC 10MG CAPSULE,AMLODIPINE BESILATE,-,-,Generic,Prescription,Jamjoom Pharmaceuticals Factory Company,Saudi Arabia,Valid,10/9/2024
AMOXIL POWDER FOR ORAL SUSPENSION 125MG-5ML,AMOXICILLIN,100,ml,Generic,Prescription,SPIMACO,Saudi Arabia,Valid,3/30/2023
AMOXIL 500MG CAP.,AMOXICILLIN,-,-,Generic,Prescription,SPIMACO,Saudi Arabia,Valid,8/29/2022
AMOXIL 250MG CAP.,AMOXICILLIN,-,-,Generic,Prescription,SPIMACO,Saudi Arabia,Valid,8/29/2022
AMOXIL POWDER FOR ORAL SUSPENSION FORTE 250MG-5ML,AMOXICILLIN,100,ml,Generic,Prescription,SPIMACO,Saudi Arabia,Valid,3/30/2023
ASTATIN 40MG F.C TABLETS,ATORVASTATIN CALCIUM,-,-,Generic,Prescription,Jamjoom Pharmaceuticals Factory Company,Saudi Arabia,Valid,8/29/2022
ASTATIN 20MG F.C TABLETS,ATORVASTATIN CALCIUM,-,-,Generic,Prescription,Jamjoom Pharmaceuticals Factory Company,Saudi Arabia,Valid,8/29/2022
ASTATIN 10MG F.C TABLETS,ATORVASTATIN CALCIUM,-,-,Generic,Prescription,Jamjoom Pharmaceuticals Factory Company,Saudi Arabia,Valid,8/29/2022
ASPICARD 81MG TAB,ACETYLSALICYLIC ACID,-,-,Generic,OTC,TABUK PHARMACEUTICAL MANUFACTURING CO.,Saudi Arabia,Valid,7/19/2023
ATORVA 10MG F.C. TABLETS,ATORVASTATIN CALCIUM,-,-,Generic,Prescription,Jazeera Pharmaceutical Industries (JPI),Saudi Arabia,Valid,8/21/2024
ATORVA 80MG F.C. TABLETS,ATORVASTATIN CALCIUM,-,-,Generic,Prescription,Jazeera Pharmaceutical Industries (JPI),Saudi Arabia,Valid,8/21/2024
ATORVA 40MG F.C. TABLETS,ATORVASTATIN CALCIUM,-,-,Generic,Prescription,Jazeera Pharmaceutical Industries (JPI),Saudi Arabia,Valid,10/16/2024
ATORVA 20MG F.C. TABLETS,ATORVASTATIN CALCIUM,-,-,Generic,Prescription,Jazeera Pharmaceutical Industries (JPI),Saudi Arabia,Valid,8/21/2024
ARTIZ 10 MG F.C TABLET,CETIRIZINE HYDROCHLORIDE,-,-,Generic,OTC,TABUK PHARMACEUTICAL MANUFACTURING CO.,Saudi Arabia,Valid,5/9/2024
APPI- D 0.5MG-10ML SYRUP,PIZOTIFEN,100,ml,Generic,Prescription,DEEF PHARMACEUTICAL INDUSTRIES,Saudi Arabia,Valid,10/29/2024
ARENA 300MG TABLET,IRBESARTAN,-,-,Generic,Prescription,Jamjoom Pharmaceuticals Factory Company,Saudi Arabia,Valid,1/31/2023
ARENA 150MG TABLET,IRBESARTAN,-,-,Generic,Prescription,Jamjoom Pharmaceuticals Factory Company,Saudi Arabia,Valid,1/31/2023
ACRETIN,TRETINOIN,30,g,Generic,Prescription,Jamjoom Pharmaceuticals Factory Company,Saudi Arabia,Valid,9/3/2023
ACRETIN,TRETINOIN,30,g,Generic,Prescription,Jamjoom Pharmaceuticals Factory Company,Saudi Arabia,Valid,9/3/2023
ACNEZOYL 5% GEL,BENZOYL PEROXIDE,30,g,Generic,OTC,Jamjoom Pharmaceuticals Factory Company,Saudi Arabia,Valid,8/21/2024
ACILOC,OMEPRAZOLE,-,-,Generic,Prescription,Jamjoom Pharmaceuticals Factory Company,Saudi Arabia,Valid,8/29/2022
ACILOC,OMEPRAZOLE,-,-,Generic,Prescription,Jamjoom Pharmaceuticals Factory Company,Saudi Arabia,Valid,8/29/2022
ACILOC,OMEPRAZOLE,-,-,Generic,Prescription,Jamjoom Pharmaceuticals Factory Company,Saudi Arabia,Valid,8/29/2022
ADOLIN 0.1% W-W CREAM,ADAPALENE,30,g,Generic,Prescription,(Avalon Pharma) Middle East Pharmaceutical Industries Co. Ltd,Saudi Arabia,Valid,7/27/2025
ACILOC,OMEPRAZOLE,-,-,Generic,Prescription,Jamjoom Pharmaceuticals Factory Company,Saudi Arabia,Valid,2/28/2023
ACILOC,OMEPRAZOLE,-,-,Generic,Prescription,Jamjoom Pharmaceuticals Factory Company,Saudi Arabia,Valid,9/14/2023
2% W-V LIDOCAINE HCL INJECTION USP,LIDOCAINE HYDROCHLORIDE,50,ml,Generic,Prescription,Pharmaceutical Solution Industries (PSI),Saudi Arabia,Valid,10/19/2023
2% W-V LIDOCAINE HCL INJECTION USP,LIDOCAINE HYDROCHLORIDE,20,ml,Generic,Prescription,Pharmaceutical Solution Industries (PSI),Saudi Arabia,Valid,6/11/2024
2% W-V LIDOCAINE HCL INJECTION USP,LIDOCAINE HYDROCHLORIDE,10,ml,Generic,Prescription,Pharmaceutical Solution Industries (PSI),Saudi Arabia,Valid,6/11/2024
2% W-V LIDOCAINE HCL INJECTION USP,LIDOCAINE HYDROCHLORIDE,5,ml,Generic,Prescription,Pharmaceutical Solution Industries (PSI),Saudi Arabia,Valid,8/29/2022
15% W-V POTASSIUM CHLORIDE FOR INJ. USP,POTASSIUM CHLORIDE,5,ml,Generic,Prescription,Pharmaceutical Solution Industries (PSI),Saudi Arabia,Valid,8/22/2024
15% W-V POTASSIUM CHLORIDE FOR INJ. USP,POTASSIUM CHLORIDE,10,ml,Generic,Prescription,Pharmaceutical Solution Industries (PSI),Saudi Arabia,Valid,8/22/2024
15% W-V POTASSIUM CHLORIDE FOR INJ. USP,POTASSIUM CHLORIDE,20,ml,Generic,Prescription,Pharmaceutical Solution Industries (PSI),Saudi Arabia,Valid,8/22/2024
1% W-V LIDOCAINE HCL INJECTION USP,LIDOCAINE HYDROCHLORIDE,50,ml,Generic,Prescription,Pharmaceutical Solution Industries (PSI),Saudi Arabia,Valid,6/11/2024
1% W-V LIDOCAINE HCL INJECTION USP,LIDOCAINE HYDROCHLORIDE,20,ml,Generic,Prescription,Pharmaceutical Solution Industries (PSI),Saudi Arabia,Valid,9/22/2024
0.9% W/V SODIUM CHLORIDE INJECTION B.P,SODIUM CHLORIDE,20,ml,Generic,Prescription,Pharmaceutical Solution Industries (PSI),Saudi Arabia,Valid,9/22/2024
0.9% W/V SODIUM CHLORIDE INJECTION B.P,SODIUM CHLORIDE,10,ml,Generic,Prescription,Pharmaceutical Solution Industries (PSI),Saudi Arabia,Valid,8/21/2024
ACILOC,OMEPRAZOLE,-,-,Generic,Prescription,Jamjoom Pharmaceuticals Factory Company,Saudi Arabia,Valid,9/14/2023
ACICAL PLUS CHEWABLE TABLETS,"DIHYDROXYALUMINIUM SODIUM CARBONATE,SIMETHICONE",-,-,NCE,OTC,BATTERJEE PHARMACETICAL FACTORY,Saudi Arabia,Valid,1/1/2023
ACETATE HEMODIALYSIS CAT.NO.3-012-005,HAEMODIALYSIS SOLUTION,5,l,Generic,Prescription,ARABIAN DIAGNOSTIC AND MEDICAL COMPANY,Saudi Arabia,Valid,8/1/2022
ACETATE HEMODIALYSIS CAT.NO 3-085-005,"MAGNESIUM CHLORIDE,POTASSIUM CHLORIDE,ACETIC ACID, CALCIUM CHLORIDE,DEXTROSE,SODIUM CHLORIDE",5,l,Generic,Prescription,ARABIAN DIAGNOSTIC AND MEDICAL COMPANY,Saudi Arabia,Valid,11/29/2022
ADOLIN 0.1% W-W GEL,ADAPALENE,30,g,Generic,Prescription,(Avalon Pharma) Middle East Pharmaceutical Industries Co. Ltd,Saudi Arabia,Valid,6/19/2025
ALENDRO,ALENDRONIC ACID,-,-,Generic,Prescription,Jamjoom Pharmaceuticals Factory Company,Saudi Arabia,Valid,9/14/2023
AERIUS 5MG TABLETS,DESLORATADINE,-,-,NCE,OTC,SPIMACO,Saudi Arabia,Valid,10/23/2024
AERIUS 2.5 MG-5ML SYRUP,DESLORATADINE,150,ml,NCE,OTC,SPIMACO,Saudi Arabia,Valid,10/23/2024
AGOUT 120 mg film-coated tablets,FEBUXOSTAT,-,-,Generic,Prescription,SPIMACO,Saudi Arabia,Valid,3/27/2024
AIRFAST 4MG GRANULES,MONTELUKAST SODIUM,-,-,Generic,Prescription,TABUK PHARMACEUTICAL MANUFACTURING CO.,Saudi Arabia,Valid,2/21/2024
AIRFAST 4MG CHEWABLE TABLETS,MONTELUKAST SODIUM,-,-,Generic,Prescription,TABUK PHARMACEUTICAL MANUFACTURING CO.,Saudi Arabia,Valid,2/19/2025
AIRFAST 10MG FILM COATED TABLET,MONTELUKAST SODIUM,-,-,Generic,Prescription,TABUK PHARMACEUTICAL MANUFACTURING CO.,Saudi Arabia,Valid,2/17/2025
AGOUT 80 mg film-coated tablets,FEBUXOSTAT,-,-,Generic,Prescription,SPIMACO,Saudi Arabia,Valid,8/13/2023
AGOUT 40 mg film-coated tablets,FEBUXOSTAT,-,-,Generic,Prescription,SPIMACO,Saudi Arabia,Valid,4/13/2023
AIRFAST 5MG CHEWABLE TABLETS,MONTELUKAST SODIUM,-,-,Generic,Prescription,TABUK PHARMACEUTICAL MANUFACTURING CO.,Saudi Arabia,Valid,7/1/2025
BRIMO-P OPHTHALMIC SOLUTION 0.1%,BRIMONIDINE TARTRATE,5,ml,Generic,Prescription,Jamjoom Pharmaceuticals Factory Company,Saudi Arabia,Valid,4/24/2025
BRIMO,BRIMONIDINE TARTRATE,5,ml,Generic,Prescription,Jamjoom Pharmaceuticals Factory Company,Saudi Arabia,Valid,6/8/2023
BILAXTEN 20MG TABLET,BILASTINE,-,-,NCE,Prescription,Jazeera Pharmaceutical Industries (JPI),Saudi Arabia,Valid,8/29/2022
BETNOVATE-N OINTMENT,"NEOMYCIN SULFATE,BETAMETHASONE VALERATE",30,g,Generic,Prescription,GLAXO SAUDI ARABIA,Saudi Arabia,Valid,11/18/2022
BETNOVATE-N 0.1% CREAM,"NEOMYCIN SULFATE,BETAMETHASONE VALERATE",30,g,Generic,Prescription,GLAXO SAUDI ARABIA,Saudi Arabia,Valid,5/2/2023
BETNOVATE-C OINT.,"CLIOQUINOL,BETAMETHASONE VALERATE",30,g,NCE,Prescription,GLAXO SAUDI ARABIA,Saudi Arabia,Valid,11/18/2022
BETNOVATE-C CREAM,"CLIOQUINOL,BETAMETHASONE VALERATE",30,g,NCE,Prescription,GLAXO SAUDI ARABIA,Saudi Arabia,Valid,11/18/2022
BETNOVATE OINTMENT 0.1%,BETAMETHASONE VALERATE,30,g,Generic,Prescription,GLAXO SAUDI ARABIA,Saudi Arabia,Valid,8/29/2022
BETNOVATE CREAM 0.1%,BETAMETHASONE VALERATE,30,g,Generic,Prescription,GLAXO SAUDI ARABIA,Saudi Arabia,Valid,8/29/2022
BETAZOL,"MICONAZOLE NITRATE,BETAMETHASONE DIPROPIONATE",30,g,Generic,Prescription,Jamjoom Pharmaceuticals Factory Company,Saudi Arabia,Valid,9/3/2023
BIOCEF 500MG CAPSULE,CEFACLOR,-,-,Generic,Prescription,Jazeera Pharmaceutical Industries (JPI),Saudi Arabia,Valid,3/27/2023
CAPRIL 50MG TAB,CAPTOPRIL,-,-,Generic,Prescription,SPIMACO,Saudi Arabia,Valid,8/29/2022
CAPRIL 25MG TAB,CAPTOPRIL,-,-,Generic,Prescription,SPIMACO,Saudi Arabia,Valid,8/29/2022
CAPD4 PERITONEAL DIALYSIS SOLN,"DEXTROSE,SODIUM CHLORIDE, CALCIUM CHLORIDE,MAGNESIUM CHLORIDE,SODIUM LACTATE",2000,ml,Generic,Prescription,Pharmaceutical Solution Industries (PSI),Saudi Arabia,Valid,11/21/2022
CAPD4 PERITONEAL DIALYSIS SOLN,"DEXTROSE,SODIUM CHLORIDE, CALCIUM CHLORIDE,MAGNESIUM CHLORIDE,SODIUM LACTATE",1000,ml,Generic,Prescription,Pharmaceutical Solution Industries (PSI),Saudi Arabia,Valid,11/21/2022
CAPD4 PERITONEAL DIALYSIS SOLN,"DEXTROSE,SODIUM CHLORIDE, CALCIUM CHLORIDE,MAGNESIUM CHLORIDE,SODIUM LACTATE",500,ml,Generic,Prescription,Pharmaceutical Solution Industries (PSI),Saudi Arabia,Valid,11/21/2022
CAPD4 PERITONEAL DIALYSIS SOLN,"DEXTROSE,SODIUM CHLORIDE, CALCIUM CHLORIDE,MAGNESIUM CHLORIDE,SODIUM LACTATE",250,ml,Generic,Prescription,Pharmaceutical Solution Industries (PSI),Saudi Arabia,Valid,11/21/2022
CAPD3 PERITONEAL DIALYSIS SOLN,"DEXTROSE,SODIUM CHLORIDE, CALCIUM CHLORIDE,MAGNESIUM CHLORIDE,SODIUM LACTATE",1000,ml,Generic,Prescription,Pharmaceutical Solution Industries (PSI),Saudi Arabia,Valid,11/21/2022
CAPD3 PERITONEAL DIALYSIS SOLN,"DEXTROSE,SODIUM CHLORIDE, CALCIUM CHLORIDE,MAGNESIUM CHLORIDE,SODIUM LACTATE",500,ml,Generic,Prescription,Pharmaceutical Solution Industries (PSI),Saudi Arabia,Valid,11/21/2022
CAPD3 PERITONEAL DIALYSIS SOLN,"DEXTROSE,SODIUM CHLORIDE, CALCIUM CHLORIDE,MAGNESIUM CHLORIDE,SODIUM LACTATE",2000,ml,Generic,Prescription,Pharmaceutical Solution Industries (PSI),Saudi Arabia,Valid,11/21/2022
CAPD3 PERITONEAL DIALYSIS SOLN,"DEXTROSE,SODIUM CHLORIDE, CALCIUM CHLORIDE,MAGNESIUM CHLORIDE,SODIUM LACTATE",250,ml,Generic,Prescription,Pharmaceutical Solution Industries (PSI),Saudi Arabia,Valid,11/21/2022
CAPD2 PERITONEAL DIALYSIS SOLN,"DEXTROSE,SODIUM CHLORIDE, CALCIUM CHLORIDE,MAGNESIUM CHLORIDE,SODIUM LACTATE",1000,ml,Generic,Prescription,Pharmaceutical Solution Industries (PSI),Saudi Arabia,Valid,11/21/2022
CAPD2 PERITONEAL DIALYSIS SOLN,"DEXTROSE,SODIUM CHLORIDE, CALCIUM CHLORIDE,MAGNESIUM CHLORIDE,SODIUM LACTATE",2000,ml,Generic,Prescription,Pharmaceutical Solution Industries (PSI),Saudi Arabia,Valid,11/21/2022
CARVIDOL 25 MG TAB,CARVEDILOL,-,-,Generic,Prescription,SPIMACO,Saudi Arabia,Valid,10/3/2022
CAPD2 PERITONEAL DIALYSIS SOLN,"DEXTROSE,SODIUM CHLORIDE, CALCIUM CHLORIDE,MAGNESIUM CHLORIDE,SODIUM LACTATE",500,ml,Generic,Prescription,Pharmaceutical Solution Industries (PSI),Saudi Arabia,Valid,12/1/2022
CARDICOR PLUS 5/12.5MG FILM COATED TABLET,"HYDROCHLOROTHIAZIDE,BISOPROLOL FUMARATE",-,-,Generic,Prescription,Jazeera Pharmaceutical Industries (JPI),Saudi Arabia,Valid,11/18/2022
CARDICOR 5MG FILM COATED TABLET,BISOPROLOL FUMARATE,-,-,Generic,Prescription,Jazeera Pharmaceutical Industries (JPI),Saudi Arabia,Valid,8/29/2022
CARDICOR 2.5MG FILM COATED TABLET,BISOPROLOL FUMARATE,-,-,Generic,Prescription,Jazeera Pharmaceutical Industries (JPI),Saudi Arabia,Valid,8/29/2022
CARDICOR 10MG FILM COATED TABLET,BISOPROLOL FUMARATE,-,-,Generic,Prescription,Jazeera Pharmaceutical Industries (JPI),Saudi Arabia,Valid,8/29/2022
CAPD2 PERITONEAL DIALYSIS SOLN,"DEXTROSE,SODIUM CHLORIDE, CALCIUM CHLORIDE,MAGNESIUM CHLORIDE,SODIUM LACTATE",250,ml,Generic,Prescription,Pharmaceutical Solution Industries (PSI),Saudi Arabia,Valid,11/21/2022
CALCIUM CHLORIDE 7.35% INJECTION,CALCIUM CHLORIDE,20,ml,Generic,Prescription,Pharmaceutical Solution Industries (PSI),Saudi Arabia,Valid,8/31/2022
CALCIUM CHLORIDE 7.35% INJECTION,CALCIUM CHLORIDE,10,ml,Generic,Prescription,Pharmaceutical Solution Industries (PSI),Saudi Arabia,Valid,8/31/2022
CALCIUM CHLORIDE 7.35% INJECTION,CALCIUM CHLORIDE,5,ml,Generic,Prescription,Pharmaceutical Solution Industries (PSI),Saudi Arabia,Valid,8/31/2022
CALCIUM CHLORIDE 10% INJECTION,CALCIUM CHLORIDE,10,ml,Generic,Prescription,Pharmaceutical Solution Industries (PSI),Saudi Arabia,Valid,2/9/2025
CALCINATE,CALCIUM CARBONATE,-,-,Generic,OTC,RIYADH PHARMA,Saudi Arabia,Valid,11/26/2024
CANDEUR 50MG CAPSULES,FLUCONAZOLE,-,-,Generic,Prescription,TABUK PHARMACEUTICAL MANUFACTURING CO.,Saudi Arabia,Valid,8/29/2022
CANDEUR 200MG CAPSULES,FLUCONAZOLE,-,-,Generic,Prescription,TABUK PHARMACEUTICAL MANUFACTURING CO.,Saudi Arabia,Valid,8/29/2022
CANDEUR 150MG CAPSULES,FLUCONAZOLE,-,-,Generic,Prescription,TABUK PHARMACEUTICAL MANUFACTURING CO.,Saudi Arabia,Valid,8/29/2022
CALCIUM GLUCONATE 10% W-V INJECTION,CALCIUM GLUCONATE,5,ml,Generic,Prescription,Pharmaceutical Solution Industries (PSI),Saudi Arabia,Valid,12/18/2024
CALCIUM GLUCONATE 10% W-V INJECTION,CALCIUM GLUCONATE,20,ml,Generic,Prescription,Pharmaceutical Solution Industries (PSI),Saudi Arabia,Valid,12/18/2024
CALCIUM GLUCONATE 10% W-V INJECTION,CALCIUM GLUCONATE,10,ml,Generic,Prescription,Pharmaceutical Solution Industries (PSI),Saudi Arabia,Valid,12/18/2024
AZI-ONCE,AZITHROMYCIN,15,ml,Generic,Prescription,Jamjoom Pharmaceuticals Factory Company,Saudi Arabia,Valid,3/20/2023
AZI-ONCE,AZITHROMYCIN,22.5,ml,Generic,Prescription,Jamjoom Pharmaceuticals Factory Company,Saudi Arabia,Valid,8/15/2023
AZI-ONCE,AZITHROMYCIN,30,ml,Generic,Prescription,Jamjoom Pharmaceuticals Factory Company,Saudi Arabia,Valid,11/26/2024
AZI-ONCE,AZITHROMYCIN,-,-,Generic,Prescription,Jamjoom Pharmaceuticals Factory Company,Saudi Arabia,Valid,9/14/2023
AZIMAC 500 mg,AZITHROMYCIN,-,-,Generic,Prescription,RIYADH PHARMA,Saudi Arabia,Valid,8/3/2025
AZIMAC 250 mg,AZITHROMYCIN,-,-,Generic,Prescription,RIYADH PHARMA,Saudi Arabia,Valid,8/3/2025
AVOTIN- A,TRETINOIN,30,g,Generic,Prescription,(Avalon Pharma) Middle East Pharmaceutical Industries Co. Ltd,Saudi Arabia,Valid,8/21/2024
AVORAL 2% SHAMPOO,KETOCONAZOLE,120,ml,Generic,Prescription,(Avalon Pharma) Middle East Pharmaceutical Industries Co. Ltd,Saudi Arabia,Valid,11/10/2022
AVOQUIN,HYDROQUINONE,50,g,Generic,Prescription,(Avalon Pharma) Middle East Pharmaceutical Industries Co. Ltd,Saudi Arabia,Valid,11/29/2023
AVOMACK,"SALICYLIC ACID,LACTIC ACID",10,ml,Generic,Prescription,(Avalon Pharma) Middle East Pharmaceutical Industries Co. Ltd,Saudi Arabia,Valid,10/16/2024
AVOMACK,"SALICYLIC ACID,LACTIC ACID",15,ml,Generic,Prescription,(Avalon Pharma) Middle East Pharmaceutical Industries Co. Ltd,Saudi Arabia,Valid,10/16/2024
Avocom-M Cream,"MICONAZOLE NITRATE,MOMETASONE FUROATE",50,g,Generic,Prescription,(Avalon Pharma) Middle East Pharmaceutical Industries Co. Ltd,Saudi Arabia,Valid,6/19/2025
Avocom-M Cream,"MICONAZOLE NITRATE,MOMETASONE FUROATE",30,g,Generic,Prescription,(Avalon Pharma) Middle East Pharmaceutical Industries Co. Ltd,Saudi Arabia,Valid,6/19/2025
AVOGAIN,MINOXIDIL,50,ml,Generic,OTC,(Avalon Pharma) Middle East Pharmaceutical Industries Co. Ltd,Saudi Arabia,Valid,4/24/2025
BALAD,FUSIDIC ACID,15,g,Generic,Prescription,RIYADH PHARMA,Saudi Arabia,Valid,11/26/2024
BACTRIM SUSP,"SULFAMETHOXAZOLE,TRIMETHOPRIM",100,ml,Generic,Prescription,SPIMACO,Saudi Arabia,Valid,7/27/2025
AVOGAIN,MINOXIDIL,50,ml,Generic,OTC,(Avalon Pharma) Middle East Pharmaceutical Industries Co. Ltd,Saudi Arabia,Valid,4/24/2025
BABYLYTE ORAL SOLUTION,"DEXTROSE,SODIUM CHLORIDE,SODIUM CITRATE,potassium citrate",240,ml,Generic,OTC,Pharmaceutical Solution Industries (PSI),Saudi Arabia,Valid,8/16/2023
BABYLYTE,"DEXTROSE,SODIUM CHLORIDE,SODIUM CITRATE,POTASSIUM CHLORIDE",500,ml,Generic,OTC,Pharmaceutical Solution Industries (PSI),Saudi Arabia,Valid,3/26/2023
BABYLYTE,"DEXTROSE,SODIUM CHLORIDE,SODIUM CITRATE,POTASSIUM CHLORIDE",240,ml,Generic,OTC,Pharmaceutical Solution Industries (PSI),Saudi Arabia,Valid,3/26/2023
BABYLYTE,"DEXTROSE,SODIUM CHLORIDE,SODIUM CITRATE,POTASSIUM CHLORIDE",1000,ml,Generic,OTC,Pharmaceutical Solution Industries (PSI),Saudi Arabia,Valid,3/26/2023
BACTRIM FORTE TAB,"SULFAMETHOXAZOLE,TRIMETHOPRIM",-,-,Generic,Prescription,SPIMACO,Saudi Arabia,Valid,4/23/2025
AVOCOM,MOMETASONE FUROATE,30,g,Generic,Prescription,(Avalon Pharma) Middle East Pharmaceutical Industries Co. Ltd,Saudi Arabia,Valid,8/21/2024
ATROPINE SULPHATE 0.6MG\ML AMPOULE,ATROPINE SULFATE,2,ml,Generic,Prescription,Pharmaceutical Solution Industries (PSI),Saudi Arabia,Valid,8/31/2022
ATROPINE SULPHATE 0.6MG\ML AMPOULE,ATROPINE SULFATE,1,ml,Generic,Prescription,Pharmaceutical Solution Industries (PSI),Saudi Arabia,Valid,3/27/2023
ATROPINE SULPHATE 0.5MG\ML AMPOULE,ATROPINE SULFATE,1,ml,Generic,Prescription,Pharmaceutical Solution Industries (PSI),Saudi Arabia,Valid,12/29/2024
ATROPINE SULPHATE 0.5MG\ML AMPOULE,ATROPINE SULFATE,2,ml,Generic,Prescription,Pharmaceutical Solution Industries (PSI),Saudi Arabia,Valid,8/31/2022
AVOCOM,MOMETASONE FUROATE,30,g,Generic,Prescription,(Avalon Pharma) Middle East Pharmaceutical Industries Co. Ltd,Saudi Arabia,Valid,4/24/2025
AVOCIN,CLINDAMYCIN PHOSPHATE,40,g,Generic,Prescription,(Avalon Pharma) Middle East Pharmaceutical Industries Co. Ltd,Saudi Arabia,Valid,6/19/2025
AVOCIN,CLINDAMYCIN PHOSPHATE,30,ml,Generic,Prescription,(Avalon Pharma) Middle East Pharmaceutical Industries Co. Ltd,Saudi Arabia,Valid,4/24/2025
AVOBAN 2% W-W OINTMENT,MUPIROCIN CALCIUM,15,g,Generic,Prescription,(Avalon Pharma) Middle East Pharmaceutical Industries Co. Ltd,Saudi Arabia,Valid,10/16/2024
AVOCOM 0.05% AQUEOUS NASAL SPRAY,MOMETASONE FUROATE,120,-,Generic,Prescription,(Avalon Pharma) Middle East Pharmaceutical Industries Co. Ltd,Saudi Arabia,Valid,10/16/2024
AVALON AVOCAINE,LIDOCAINE HYDROCHLORIDE,50,ml,Generic,Prescription,(Avalon Pharma) Middle East Pharmaceutical Industries Co. Ltd,Saudi Arabia,Valid,1/23/2024
BALANCED SALT SOLUTION BOTTLE,"SODIUM CHLORIDE,POTASSIUM CHLORIDE, CALCIUM CHLORIDE,MAGNESIUM CHLORIDE,SODIUM ACETATE,SODIUM CITRATE",500,ml,Generic,Prescription,Pharmaceutical Solution Industries (PSI),Saudi Arabia,Valid,3/27/2023
BALANCED SALT SOLUTION BOTTLE,"SODIUM CHLORIDE,POTASSIUM CHLORIDE, CALCIUM CHLORIDE,MAGNESIUM CHLORIDE,SODIUM ACETATE,SODIUM CITRATE",250,ml,Generic,Prescription,Pharmaceutical Solution Industries (PSI),Saudi Arabia,Valid,8/22/2024
BERTIGO 8 MG TABLET,BETAHISTINE DIHYDROCHLORIDE,-,-,Generic,Prescription,Jazeera Pharmaceutical Industries (JPI),Saudi Arabia,Valid,8/29/2022
BERTIGO 24 MG TABLET,BETAHISTINE DIHYDROCHLORIDE,-,-,Generic,Prescription,Jazeera Pharmaceutical Industries (JPI),Saudi Arabia,Valid,7/8/2025
BERTIGO 16 MG TABLET,BETAHISTINE DIHYDROCHLORIDE,-,-,Generic,Prescription,Jazeera Pharmaceutical Industries (JPI),Saudi Arabia,Valid,8/29/2022
BENZAL 25% LOTION,BENZYL BENZOATE,100,ml,Generic,OTC,Dallah Pharma Factory,Saudi Arabia,Valid,7/27/2025
BETAGEN,BETAHISTINE DIHYDROCHLORIDE,-,-,Generic,Prescription,RIYADH PHARMA,Saudi Arabia,Valid,8/29/2022
BETASAL OINTMENT,"SALICYLIC ACID,BETAMETHASONE",20,g,Generic,Prescription,BATTERJEE PHARMACETICAL FACTORY,Saudi Arabia,Valid,11/18/2022
BETAGEN,BETAHISTINE DIHYDROCHLORIDE,-,-,Generic,Prescription,RIYADH PHARMA,Saudi Arabia,Valid,8/29/2022
BALANCED SALT SOLUTION BOTTLE,"SODIUM CHLORIDE,POTASSIUM CHLORIDE, CALCIUM CHLORIDE,MAGNESIUM CHLORIDE,SODIUM ACETATE,SODIUM CITRATE",-,-,Generic,Prescription,Pharmaceutical Solution Industries (PSI),Saudi Arabia,Valid,8/22/2024
BALANCED SALT SOLUTION BOTTLE,"SODIUM CHLORIDE,POTASSIUM CHLORIDE, CALCIUM CHLORIDE,MAGNESIUM CHLORIDE,SODIUM ACETATE,SODIUM CITRATE",250,ml,Generic,Prescription,Pharmaceutical Solution Industries (PSI),Saudi Arabia,Valid,8/22/2024
BALANCED SALT SOLUTION AMPOULE,"POTASSIUM CHLORIDE,SODIUM CHLORIDE, CALCIUM CHLORIDE,MAGNESIUM CHLORIDE,SODIUM ACETATE,SODIUM CITRATE",5,ml,Generic,Prescription,Pharmaceutical Solution Industries (PSI),Saudi Arabia,Valid,11/30/2022
BALANCED SALT SOLUTION AMPOULE,"SODIUM CHLORIDE,POTASSIUM CHLORIDE, CALCIUM CHLORIDE,MAGNESIUM CHLORIDE,SODIUM ACETATE,SODIUM CITRATE",20,ml,Generic,Prescription,Pharmaceutical Solution Industries (PSI),Saudi Arabia,Valid,8/22/2024
BALANCED SALT SOLUTION AMPOULE,"SODIUM CHLORIDE,POTASSIUM CHLORIDE, CALCIUM CHLORIDE,MAGNESIUM CHLORIDE,SODIUM ACETATE,SODIUM CITRATE",10,ml,Generic,Prescription,Pharmaceutical Solution Industries (PSI),Saudi Arabia,Valid,8/22/2024
BASIC BICARBONATE CONCENTRATE 8.125% INF,SODIUM BICARBONATE,8,l,Generic,Prescription,Pharmaceutical Solution Industries (PSI),Saudi Arabia,Valid,8/22/2024
GUAPHAN,GUAIFENESIN,100,ml,Generic,OTC,RIYADH PHARMA,Saudi Arabia,Valid,11/26/2024
GUAPHAN DM,"GUAIFENESIN,DEXTROMETHORPHAN",100,ml,Generic,Prescription,RIYADH PHARMA,Saudi Arabia,Valid,5/8/2025
HAEMODIALYSIS CONCENTRATE 35X F26,WATER,5,l,Generic,Prescription,Pharmaceutical Solution Industries (PSI),Saudi Arabia,Valid,8/31/2022
HAEMODIALYSIS CONCENTRATE 35X F26,WATER,10,l,Generic,Prescription,Pharmaceutical Solution Industries (PSI),Saudi Arabia,Valid,8/31/2022
GLYCINE IRRIGATION SOLN 1.5%,GLYCINE,3000,ml,Generic,Prescription,Pharmaceutical Solution Industries (PSI),Saudi Arabia,Valid,3/27/2023
GLYCINE IRRIGATION SOLN 1.5%,GLYCINE,1000,ml,Generic,Prescription,Pharmaceutical Solution Industries (PSI),Saudi Arabia,Valid,8/29/2022
GLUCARE 500MG TAB,METFORMIN HYDROCHLORIDE,-,-,Generic,Prescription,Jazeera Pharmaceutical Industries (JPI),Saudi Arabia,Valid,7/8/2025
GLUCARE 850 TAB.,METFORMIN HYDROCHLORIDE,-,-,Generic,Prescription,Jazeera Pharmaceutical Industries (JPI),Saudi Arabia,Valid,7/8/2025
GLYCINE IRRIGATION SOLN 1.5%,GLYCINE,1500,ml,Generic,Prescription,Pharmaceutical Solution Industries (PSI),Saudi Arabia,Valid,8/29/2022
GLYCINE IRRIGATION SOLN 1.5%,GLYCINE,2000,ml,Generic,Prescription,Pharmaceutical Solution Industries (PSI),Saudi Arabia,Valid,12/12/2022
GLYCINE IRRIGATION,GLYCINE,500,ml,Generic,Prescription,Pharmaceutical Solution Industries (PSI),Saudi Arabia,Valid,8/29/2022
GLYCINE IRRIGATION SOLN 1.5%,GLYCINE,5000,ml,Generic,Prescription,Pharmaceutical Solution Industries (PSI),Saudi Arabia,Valid,8/29/2022
GLUCOPHAGE 500 mg tablet,METFORMIN HYDROCHLORIDE,-,-,Generic,Prescription,RIYADH PHARMA,Saudi Arabia,Valid,7/21/2025
HAEMODIALYSIS ACETATE CONC. SOLU.35X F-6,"SODIUM CHLORIDE, CALCIUM CHLORIDE,POTASSIUM CHLORIDE,MAGNESIUM CHLORIDE",5,l,Generic,Prescription,Pharmaceutical Solution Industries (PSI),Saudi Arabia,Valid,11/16/2022
HAEMODIALYSIS ACETATE CONC.SOLU.35X F-40,"SODIUM CHLORIDE,SODIUM ACETATE,DEXTROSE,POTASSIUM CHLORIDE, CALCIUM CHLORIDE,MAGNESIUM CHLORIDE",5,l,Generic,Prescription,Pharmaceutical Solution Industries (PSI),Saudi Arabia,Valid,11/16/2022
HAEMODIALYSIS ACID CONC. SOLU. 45X C-8,"DEXTROSE, CALCIUM CHLORIDE,ACETIC ACID,POTASSIUM CHLORIDE,MAGNESIUM CHLORIDE,SODIUM CHLORIDE",10,l,Generic,Prescription,Pharmaceutical Solution Industries (PSI),Saudi Arabia,Valid,11/15/2022
HAEMODIALYSIS ACID CONC. SOLU. 45X C-6,"SODIUM CHLORIDE,DEXTROSE, CALCIUM CHLORIDE,ACETIC ACID,POTASSIUM CHLORIDE,MAGNESIUM CHLORIDE",10,l,Generic,Prescription,Pharmaceutical Solution Industries (PSI),Saudi Arabia,Valid,11/15/2022
HAEMODIALYSIS ACID CONC. SOLU. 45X C-16,"SODIUM CHLORIDE,DEXTROSE, CALCIUM CHLORIDE,ACETIC ACID,POTASSIUM CHLORIDE,MAGNESIUM CHLORIDE",5,l,Generic,Prescription,Pharmaceutical Solution Industries (PSI),Saudi Arabia,Valid,11/15/2022
HAEMODIALYSIS ACID CONC. SOLU. 45X C-16,"SODIUM CHLORIDE,DEXTROSE, CALCIUM CHLORIDE,ACETIC ACID,POTASSIUM CHLORIDE,MAGNESIUM CHLORIDE",10,l,Generic,Prescription,Pharmaceutical Solution Industries (PSI),Saudi Arabia,Valid,11/15/2022
HAEMODIALYSIS ACID CONC. SOLU. 45X C-15,"SODIUM CHLORIDE,DEXTROSE, CALCIUM CHLORIDE,ACETIC ACID,MAGNESIUM CHLORIDE,POTASSIUM CHLORIDE",5,l,Generic,Prescription,Pharmaceutical Solution Industries (PSI),Saudi Arabia,Valid,11/15/2022
HAEMODIALYSIS ACID CONC. SOLU. 45X C-13,"SODIUM CHLORIDE,DEXTROSE,CALCIUM CHLORIDE,ACETIC ACID,POTASSIUM CHLORIDE,MAGNESIUM CHLORIDE",10,l,Generic,Prescription,Pharmaceutical Solution Industries (PSI),Saudi Arabia,Valid,11/16/2022
HAEMODIALYSIS ACID CONC. SOLU. 45X C-10,"SODIUM CHLORIDE,ACETIC ACID, CALCIUM CHLORIDE,POTASSIUM CHLORIDE,MAGNESIUM CHLORIDE",10,l,Generic,Prescription,Pharmaceutical Solution Industries (PSI),Saudi Arabia,Valid,11/16/2022
HAEMODIALYSIS ACID CONC. SOLU. 35X F-9,"DEXTROSE,CALCIUM CHLORIDE,ACETIC ACID,POTASSIUM CHLORIDE,MAGNESIUM CHLORIDE,SODIUM CHLORIDE",10,l,Generic,Prescription,Pharmaceutical Solution Industries (PSI),Saudi Arabia,Valid,11/16/2022
HAEMODIALYSIS ACID CONC. SOLU. 45X C-12,"DEXTROSE,CALCIUM CHLORIDE,ACETIC ACID,POTASSIUM CHLORIDE,MAGNESIUM CHLORIDE,SODIUM CHLORIDE",10,l,Generic,Prescription,Pharmaceutical Solution Industries (PSI),Saudi Arabia,Valid,11/16/2022
HAEMODIALYSIS CONC.SOLU.35X FORM.(9),"SODIUM CHLORIDE,SODIUM ACETATE,POTASSIUM CHLORIDE, CALCIUM CHLORIDE,MAGNESIUM CHLORIDE",10,l,Generic,Prescription,Pharmaceutical Solution Industries (PSI),Saudi Arabia,Valid,11/29/2022
HAEMODIALYSIS CONC.SOLU.35X FORM.(7),"SODIUM CHLORIDE,SODIUM ACETATE,MAGNESIUM CHLORIDE,POTASSIUM CHLORIDE, CALCIUM CHLORIDE",10,l,Generic,Prescription,Pharmaceutical Solution Industries (PSI),Saudi Arabia,Valid,11/29/2022
HAEMODIALYSIS CONC.SOLU.35X FORM.(5),"SODIUM CHLORIDE,POTASSIUM CHLORIDE, CALCIUM CHLORIDE,MAGNESIUM CHLORIDE,SODIUM ACETATE",10,l,Generic,Prescription,Pharmaceutical Solution Industries (PSI),Saudi Arabia,Valid,11/30/2022
HAEMODIALYSIS CONC.SOLU.35X FORM.(33),"SODIUM CHLORIDE,POTASSIUM CHLORIDE, CALCIUM CHLORIDE,MAGNESIUM CHLORIDE,SODIUM ACETATE",10,l,Generic,Prescription,Pharmaceutical Solution Industries (PSI),Saudi Arabia,Valid,11/30/2022
HAEMODIALYSIS CONC.SOLU.35X FORM.(3),"SODIUM CHLORIDE,POTASSIUM CHLORIDE, CALCIUM CHLORIDE,MAGNESIUM CHLORIDE,SODIUM ACETATE",10,l,Generic,Prescription,Pharmaceutical Solution Industries (PSI),Saudi Arabia,Valid,11/30/2022
HAEMODIALYSIS CONC.SOLU.35X FORM.(19),"SODIUM CHLORIDE, CALCIUM CHLORIDE,MAGNESIUM CHLORIDE,SODIUM ACETATE",10,l,Generic,Prescription,Pharmaceutical Solution Industries (PSI),Saudi Arabia,Valid,11/30/2022
HAEMODIALYSIS CONC.SOLU.35X FORM.(18),"SODIUM CHLORIDE,POTASSIUM CHLORIDE, CALCIUM CHLORIDE,MAGNESIUM CHLORIDE,SODIUM ACETATE",10,l,Generic,Prescription,Pharmaceutical Solution Industries (PSI),Saudi Arabia,Valid,11/30/2022
HAEMODIALYSIS CONC.SOLU.35X FORM.(12),"SODIUM CHLORIDE, CALCIUM CHLORIDE,MAGNESIUM CHLORIDE,SODIUM ACETATE",10,l,Generic,Prescription,Pharmaceutical Solution Industries (PSI),Saudi Arabia,Valid,11/30/2022
HAEMODIALYSIS ACID CONC36.83xF(G-1)BICAR,"SODIUM CHLORIDE,ACETIC ACID, CALCIUM CHLORIDE,POTASSIUM CHLORIDE,MAGNESIUM CHLORIDE",10,l,Generic,Prescription,Pharmaceutical Solution Industries (PSI),Saudi Arabia,Valid,11/16/2022
HAEMODIALYSIS ACID CONC36.83xF(G-1)BICAR,"SODIUM CHLORIDE,ACETIC ACID, CALCIUM CHLORIDE,POTASSIUM CHLORIDE,MAGNESIUM CHLORIDE",5,l,Generic,Prescription,Pharmaceutical Solution Industries (PSI),Saudi Arabia,Valid,11/16/2022
HAEMODIALYSIS ACID CONC. SOLU.35X F-19,"DEXTROSE,CALCIUM CHLORIDE,ACETIC ACID,POTASSIUM CHLORIDE,MAGNESIUM CHLORIDE,SODIUM CHLORIDE",10,l,Generic,Prescription,Pharmaceutical Solution Industries (PSI),Saudi Arabia,Valid,11/16/2022
HAEMODIALYSIS ACID CONC. SOLU. 45X C-5,"DEXTROSE,CALCIUM CHLORIDE,ACETIC ACID,MAGNESIUM CHLORIDE,POTASSIUM CHLORIDE,SODIUM CHLORIDE",10,l,Generic,Prescription,Pharmaceutical Solution Industries (PSI),Saudi Arabia,Valid,11/16/2022
HAEMODIALYSIS CONC.SOLU.35 X FORM.(4),"SODIUM CHLORIDE,POTASSIUM CHLORIDE,CALCIUM CHLORIDE,MAGNESIUM CHLORIDE,SODIUM ACETATE",10,l,Generic,Prescription,Pharmaceutical Solution Industries (PSI),Saudi Arabia,Valid,11/30/2022
HAEMODIALYSIS ACETATE CONC. SOLU.35X F-6,"SODIUM CHLORIDE,SODIUM ACETATE,DEXTROSE, CALCIUM CHLORIDE,MAGNESIUM CHLORIDE,POTASSIUM CHLORIDE",10,l,Generic,Prescription,Pharmaceutical Solution Industries (PSI),Saudi Arabia,Valid,11/16/2022
HAEMODIALYSIS ACID CONC. SOLU. 35X F-18,"SODIUM CHLORIDE,ACETIC ACID,POTASSIUM CHLORIDE, CALCIUM CHLORIDE,MAGNESIUM CHLORIDE",10,l,Generic,Prescription,Pharmaceutical Solution Industries (PSI),Saudi Arabia,Valid,11/16/2022
HAEMODIALYSIS ACID CONC. SOLU. 35X F-17,"DEXTROSE,ACETIC ACID,POTASSIUM CHLORIDE,CALCIUM CHLORIDE,MAGNESIUM CHLORIDE,SODIUM CHLORIDE",10,l,Generic,Prescription,Pharmaceutical Solution Industries (PSI),Saudi Arabia,Valid,11/16/2022
HAEMODIALYSIS ACID CONC. SOLU. 35X F-24,"DEXTROSE,CALCIUM CHLORIDE,ACETIC ACID,POTASSIUM CHLORIDE,MAGNESIUM CHLORIDE,SODIUM CHLORIDE",10,l,Generic,Prescription,Pharmaceutical Solution Industries (PSI),Saudi Arabia,Valid,11/16/2022
HAEMODIALYSIS ACID CONC. SOLU. 35X F-21,"DEXTROSE,ACETIC ACID,MAGNESIUM CHLORIDE,CALCIUM CHLORIDE,POTASSIUM CHLORIDE,SODIUM CHLORIDE",10,l,Generic,Prescription,Pharmaceutical Solution Industries (PSI),Saudi Arabia,Valid,11/16/2022
HAEMODIALYSIS ACID CONC. SOLU. 35X F-10,"SODIUM CHLORIDE,DEXTROSE, CALCIUM CHLORIDE,ACETIC ACID,MAGNESIUM CHLORIDE,POTASSIUM CHLORIDE",10,l,Generic,Prescription,Pharmaceutical Solution Industries (PSI),Saudi Arabia,Valid,11/15/2022
HAEMODIALYSIS ACETATE CONC.SOLU.35X F-40,"SODIUM CHLORIDE,SODIUM ACETATE,DEXTROSE,POTASSIUM CHLORIDE, CALCIUM CHLORIDE,MAGNESIUM CHLORIDE",10,l,Generic,Prescription,Pharmaceutical Solution Industries (PSI),Saudi Arabia,Valid,11/16/2022
HAEMODIALYSIS ACID CONC. SOLU. 35X F-25,"SODIUM CHLORIDE,DEXTROSE, CALCIUM CHLORIDE,ACETIC ACID,MAGNESIUM CHLORIDE,POTASSIUM CHLORIDE",10,l,Generic,Prescription,Pharmaceutical Solution Industries (PSI),Saudi Arabia,Valid,11/16/2022
HAEMODIALYSIS ACID CONC. SOLU. 35X F-25,"SODIUM CHLORIDE,DEXTROSE, CALCIUM CHLORIDE,ACETIC ACID,MAGNESIUM CHLORIDE,POTASSIUM CHLORIDE",5,l,Generic,Prescription,Pharmaceutical Solution Industries (PSI),Saudi Arabia,Valid,11/16/2022
HAEMODIALYSIS ACID CONC. SOLU. 35X F-27,"SODIUM CHLORIDE,DEXTROSE, CALCIUM CHLORIDE,ACETIC ACID,POTASSIUM CHLORIDE,MAGNESIUM CHLORIDE",10,l,Generic,Prescription,Pharmaceutical Solution Industries (PSI),Saudi Arabia,Valid,11/16/2022
HAEMODIALYSIS ACID CONC. SOLU. 35X F-27,"SODIUM CHLORIDE,DEXTROSE, CALCIUM CHLORIDE,ACETIC ACID,POTASSIUM CHLORIDE,MAGNESIUM CHLORIDE",5,l,Generic,Prescription,Pharmaceutical Solution Industries (PSI),Saudi Arabia,Valid,11/16/2022
HAEMODIALYSIS ACID CONC. SOLU. 35X F-16,"SODIUM CHLORIDE,DEXTROSE, CALCIUM CHLORIDE,ACETIC ACID,MAGNESIUM CHLORIDE,POTASSIUM CHLORIDE",10,l,Generic,Prescription,Pharmaceutical Solution Industries (PSI),Saudi Arabia,Valid,11/16/2022
HAEMODIALYSIS ACID CONC. SOLU. 35X F-13,"SODIUM CHLORIDE, CALCIUM CHLORIDE,MAGNESIUM CHLORIDE,POTASSIUM CHLORIDE,ACETIC ACID",10,l,Generic,Prescription,Pharmaceutical Solution Industries (PSI),Saudi Arabia,Valid,11/16/2022
HAEMODIALYSIS ACID CONC. SOLU. 35X F-12,"SODIUM CHLORIDE, CALCIUM CHLORIDE,ACETIC ACID,POTASSIUM CHLORIDE,MAGNESIUM CHLORIDE",5,l,Generic,Prescription,Pharmaceutical Solution Industries (PSI),Saudi Arabia,Valid,11/16/2022
HAEMODIALYSIS ACID CONC. SOLU. 35X F-12,"SODIUM CHLORIDE, CALCIUM CHLORIDE,ACETIC ACID,POTASSIUM CHLORIDE,MAGNESIUM CHLORIDE",10,l,Generic,Prescription,Pharmaceutical Solution Industries (PSI),Saudi Arabia,Valid,11/16/2022
HAEMODIALYSIS ACID CONC. SOLU. 35X F-7,"SODIUM CHLORIDE,DEXTROSE, CALCIUM CHLORIDE,ACETIC ACID,POTASSIUM CHLORIDE,MAGNESIUM CHLORIDE",10,l,Generic,Prescription,Pharmaceutical Solution Industries (PSI),Saudi Arabia,Valid,11/16/2022
HAEMODIALYSIS ACID CONC. SOLU. 35X F-5,"SODIUM CHLORIDE,DEXTROSE, CALCIUM CHLORIDE,ACETIC ACID,MAGNESIUM CHLORIDE,POTASSIUM CHLORIDE",10,l,Generic,Prescription,Pharmaceutical Solution Industries (PSI),Saudi Arabia,Valid,11/16/2022
HAEMODIALYSIS ACID CONC. SOLU. 35X F-3,"SODIUM CHLORIDE, CALCIUM CHLORIDE,ACETIC ACID,MAGNESIUM CHLORIDE,POTASSIUM CHLORIDE",5,l,Generic,Prescription,Pharmaceutical Solution Industries (PSI),Saudi Arabia,Valid,11/16/2022
HAEMODIALYSIS ACID CONC. SOLU. 35X F-29,"SODIUM CHLORIDE,DEXTROSE, CALCIUM CHLORIDE,ACETIC ACID,POTASSIUM CHLORIDE,MAGNESIUM CHLORIDE",10,l,Generic,Prescription,Pharmaceutical Solution Industries (PSI),Saudi Arabia,Valid,11/16/2022
HAEMODIALYSIS ACID CONC. SOLU. 35X F-28,"SODIUM CHLORIDE,DEXTROSE, CALCIUM CHLORIDE,ACETIC ACID,POTASSIUM CHLORIDE,MAGNESIUM CHLORIDE",5,l,Generic,Prescription,Pharmaceutical Solution Industries (PSI),Saudi Arabia,Valid,11/16/2022
HAEMODIALYSIS ACID CONC. SOLU. 35X F-28,"SODIUM CHLORIDE,DEXTROSE, CALCIUM CHLORIDE,ACETIC ACID,POTASSIUM CHLORIDE,MAGNESIUM CHLORIDE",10,l,Generic,Prescription,Pharmaceutical Solution Industries (PSI),Saudi Arabia,Valid,11/16/2022
HAEMODIALYSIS CONCENTRATE 35 F2 SOLUTION,"SODIUM CHLORIDE,DEXTROSE, CALCIUM CHLORIDE,ACETIC ACID,POTASSIUM CHLORIDE,MAGNESIUM CHLORIDE",10,l,Generic,Prescription,Pharmaceutical Solution Industries (PSI),Saudi Arabia,Valid,11/16/2022
FUSIBACT-B CREAM,"FUSIDIC ACID,BETAMETHASONE VALERATE",15,g,Generic,Prescription,Jamjoom Pharmaceuticals Factory Company,Saudi Arabia,Valid,6/19/2025
FUSIBACT OINTMENT2%,FUSIDIC ACID,15,g,Generic,Prescription,Jamjoom Pharmaceuticals Factory Company,Saudi Arabia,Valid,8/29/2022
FUSIBACT CREAM 2% W-W,FUSIDIC ACID,15,g,Generic,Prescription,Jamjoom Pharmaceuticals Factory Company,Saudi Arabia,Valid,8/22/2024
FUNGO 1% CREAM,CLOTRIMAZOLE,20,g,Generic,OTC,BATTERJEE PHARMACETICAL FACTORY,Saudi Arabia,Valid,8/29/2022
FUSIDERM 2% CREAM,FUSIDIC ACID,15,g,Generic,Prescription,SPIMACO,Saudi Arabia,Valid,7/22/2023
FUSIDERM 2% OINTMENT,FUSIDIC ACID,15,g,Generic,Prescription,SPIMACO,Saudi Arabia,Valid,6/19/2023
FUSIDERM B CREAM,"FUSIDIC ACID,BETAMETHASONE VALERATE",15,g,Generic,Prescription,SPIMACO,Saudi Arabia,Valid,11/6/2022
GALVUS MET ,"METFORMIN HYDROCHLORIDE,VILDAGLIPTIN",-,-,NCE,Prescription,AJA PHARMACEUTICAL INDUSTRIES,Saudi Arabia,Valid,8/15/2024
GALVUS MET,"METFORMIN HYDROCHLORIDE,VILDAGLIPTIN",-,-,NCE,Prescription,AJA PHARMACEUTICAL INDUSTRIES,Saudi Arabia,Valid,8/15/2024
GABIN 400MG CAPSULE,GABAPENTIN,-,-,Generic,Prescription,DEEF PHARMACEUTICAL INDUSTRIES,Saudi Arabia,Valid,8/29/2022
GABIN 300MG CAPSULE,GABAPENTIN,-,-,Generic,Prescription,DEEF PHARMACEUTICAL INDUSTRIES,Saudi Arabia,Valid,8/29/2022
GABIN 300MG CAPSULE,GABAPENTIN,-,-,Generic,Prescription,DEEF PHARMACEUTICAL INDUSTRIES,Saudi Arabia,Valid,8/29/2022
GABIN 100MG CAPSULE,GABAPENTIN,-,-,Generic,Prescription,DEEF PHARMACEUTICAL INDUSTRIES,Saudi Arabia,Valid,8/29/2022
GABIN 100MG CAPSULE,GABAPENTIN,-,-,Generic,Prescription,DEEF PHARMACEUTICAL INDUSTRIES,Saudi Arabia,Valid,8/29/2022
FUSIZONE CREAM,"FUSIDIC ACID,BETAMETHASONE VALERATE",15,g,Generic,Prescription,BATTERJEE PHARMACETICAL FACTORY,Saudi Arabia,Valid,10/22/2023
GABIN 400MG CAPSULE,GABAPENTIN,-,-,Generic,Prescription,DEEF PHARMACEUTICAL INDUSTRIES,Saudi Arabia,Valid,8/29/2022
FORMIT 850 MG TABLETS,METFORMIN HYDROCHLORIDE,-,-,Generic,Prescription,SPIMACO,Saudi Arabia,Valid,11/29/2023
FOLIC ACID,FOLIC ACID,-,-,Generic,OTC,RIYADH PHARMA,Saudi Arabia,Valid,4/23/2024
FOLIC ACID,FOLIC ACID,-,-,Generic,OTC,RIYADH PHARMA,Saudi Arabia,Valid,8/22/2024
FOXITIN 1GM VIAL I.V OR I.M ADMINISTRATI,CEFOXITIN SODIUM,-,-,Generic,Prescription,TABUK PHARMACEUTICAL MANUFACTURING CO.,Saudi Arabia,Valid,6/19/2025
FOXIME 500MG VIAL+AMP OF WATER IM-IV USE,CEFOTAXIME,-,-,Generic,Prescription,TABUK PHARMACEUTICAL MANUFACTURING CO.,Saudi Arabia,Valid,8/13/2023
FOXIME 1GM VIAL+5ML WATER FOR INJ IV USE,CEFOTAXIME,-,-,Generic,Prescription,TABUK PHARMACEUTICAL MANUFACTURING CO.,Saudi Arabia,Valid,8/13/2023
FOXIME 1GM VIAL+5ML SOLVENT LIDOCAINE IM,CEFOTAXIME,-,-,Generic,Prescription,TABUK PHARMACEUTICAL MANUFACTURING CO.,Saudi Arabia,Valid,3/11/2024
GLIDE 3MG TABLET,GLIMEPIRIDE,-,-,Generic,Prescription,DEEF PHARMACEUTICAL INDUSTRIES,Saudi Arabia,Valid,8/29/2022
GLIDE 2MG TABLET,GLIMEPIRIDE,-,-,Generic,Prescription,DEEF PHARMACEUTICAL INDUSTRIES,Saudi Arabia,Valid,8/29/2022
GLIDE 1MG TABLET,GLIMEPIRIDE,-,-,Generic,Prescription,DEEF PHARMACEUTICAL INDUSTRIES,Saudi Arabia,Valid,8/29/2022
GLAZE 80MG TAB,GLICLAZIDE,-,-,Generic,Prescription,SPIMACO,Saudi Arabia,Valid,8/29/2022
GLAZE 80MG TAB,GLICLAZIDE,-,-,Generic,Prescription,SPIMACO,Saudi Arabia,Valid,8/29/2022
GLADOS 30MG TABLET,PIOGLITAZONE,-,-,Generic,Prescription,TABUK PHARMACEUTICAL MANUFACTURING CO.,Saudi Arabia,Valid,1/22/2024
GLADOS 15MG TABLET,PIOGLITAZONE,-,-,Generic,Prescription,TABUK PHARMACEUTICAL MANUFACTURING CO.,Saudi Arabia,Valid,1/22/2024
GLACERA 30MG TABLET,PIOGLITAZONE,-,-,Generic,Prescription,RIYADH PHARMA,Saudi Arabia,Valid,11/26/2024
GLACERA 15MG TABLET,PIOGLITAZONE,-,-,Generic,Prescription,RIYADH PHARMA,Saudi Arabia,Valid,11/26/2024
GLIDE 4MG TABLET,GLIMEPIRIDE,-,-,Generic,Prescription,DEEF PHARMACEUTICAL INDUSTRIES,Saudi Arabia,Valid,8/29/2022
GLIM 1MG TABLETS,GLIMEPIRIDE,-,-,Generic,Prescription,SPIMACO,Saudi Arabia,Valid,10/19/2023
GLIM 2MG TABLETS,GLIMEPIRIDE,-,-,Generic,Prescription,SPIMACO,Saudi Arabia,Valid,10/19/2023
GLIM 3MG TABLETS,GLIMEPIRIDE,-,-,Generic,Prescription,SPIMACO,Saudi Arabia,Valid,10/19/2023
GLIM 6MG TABLETS,GLIMEPIRIDE,-,-,Generic,Prescription,SPIMACO,Saudi Arabia,Valid,10/19/2023
GLIM 4MG TABLETS,GLIMEPIRIDE,-,-,Generic,Prescription,SPIMACO,Saudi Arabia,Valid,10/19/2023
GASTROZOLE,OMEPRAZOLE,-,-,Generic,Prescription,RIYADH PHARMA,Saudi Arabia,Suspended,8/29/2022
GASEC 40MG GASTRO CAPSULES,OMEPRAZOLE,-,-,Generic,Prescription,ALPHA PHARMA INDUSTRY ,Saudi Arabia,Valid,6/19/2025
GASEC 40MG GASTRO CAPSULES,OMEPRAZOLE,-,-,Generic,Prescription,ALPHA PHARMA INDUSTRY ,Saudi Arabia,Valid,6/19/2025
GASEC 20MG GASTRO CAPS,OMEPRAZOLE,-,-,Generic,Prescription,ALPHA PHARMA INDUSTRY ,Saudi Arabia,Valid,6/19/2025
GASEC 20MG GASTRO CAPS,OMEPRAZOLE,-,-,Generic,Prescription,ALPHA PHARMA INDUSTRY ,Saudi Arabia,Valid,6/19/2025
GAPENTIN,GABAPENTIN,-,-,Generic,Prescription,RIYADH PHARMA,Saudi Arabia,Valid,8/11/2022
GAPENTIN,GABAPENTIN,-,-,Generic,Prescription,RIYADH PHARMA,Saudi Arabia,Valid,8/1/2022
GENTAM 80MG-2ML AMP,GENTAMICIN,2,ml,Generic,Prescription,SPIMACO,Saudi Arabia,Valid,10/3/2022
GENTAM 20MG-2ML AMP,GENTAMICIN,2,ml,Generic,Prescription,SPIMACO,Saudi Arabia,Valid,10/3/2022
GENTACIN,GENTAMICIN,8,ml,Generic,Prescription,RIYADH PHARMA,Saudi Arabia,Valid,3/30/2023
GENTACIN,GENTAMICIN,5,g,Generic,Prescription,RIYADH PHARMA,Saudi Arabia,Valid,6/6/2024
GENPRID,SULPIRIDE,-,-,Generic,Prescription,RIYADH PHARMA,Saudi Arabia,Valid,11/26/2024
GENPRID,SULPIRIDE,-,-,Generic,Prescription,RIYADH PHARMA,Saudi Arabia,Valid,11/26/2024
GIAD 50 mg film-coated tablets,SILDENAFIL,-,-,Generic,Prescription,DEEF PHARMACEUTICAL INDUSTRIES,Saudi Arabia,Valid,8/29/2022
HAEMODIALYSIS CONCENTRATE 35 F2 SOLUTION,"SODIUM CHLORIDE,DEXTROSE, CALCIUM CHLORIDE,ACETIC ACID,POTASSIUM CHLORIDE,MAGNESIUM CHLORIDE",5,l,Generic,Prescription,Pharmaceutical Solution Industries (PSI),Saudi Arabia,Valid,11/16/2022
HAEMODIALYSIS CONCENTRATE 35X (F-38),WATER,5,l,Generic,Prescription,Pharmaceutical Solution Industries (PSI),Saudi Arabia,Valid,8/29/2022
HAEMODIALYSIS CONCENTRATE 35X (F-38),WATER,10,l,Generic,Prescription,Pharmaceutical Solution Industries (PSI),Saudi Arabia,Valid,8/29/2022
ISOBIDE,ISOSORBIDE DINITRATE,-,-,Generic,Prescription,RIYADH PHARMA,Saudi Arabia,Valid,5/21/2023
ISOBIDE,ISOSORBIDE DINITRATE,-,-,Generic,Prescription,RIYADH PHARMA,Saudi Arabia,Valid,5/21/2023
IPRAMAX 25 MG FILM COATED TABLET,TOPIRAMATE,-,-,Generic,Prescription,TABUK PHARMACEUTICAL MANUFACTURING CO.,Saudi Arabia,Valid,8/17/2023
IPRAMAX 100 MG FILM COATED TABLET,TOPIRAMATE,-,-,Generic,Prescription,TABUK PHARMACEUTICAL MANUFACTURING CO.,Saudi Arabia,Valid,8/15/2023
JAZOFEN 200 MG TAB,IBUPROFEN,-,-,Generic,OTC,Jazeera Pharmaceutical Industries (JPI),Saudi Arabia,Valid,8/29/2022
IVARIN 5MG FILM COATED TABLET,ROSUVASTATIN,-,-,Generic,Prescription,TABUK PHARMACEUTICAL MANUFACTURING CO.,Saudi Arabia,Valid,2/4/2025
IVARIN 40MG FILM COATED TABLET,ROSUVASTATIN,-,-,Generic,Prescription,TABUK PHARMACEUTICAL MANUFACTURING CO.,Saudi Arabia,Valid,2/4/2025
IVARIN 20MG FILM COATED TABLET,ROSUVASTATIN,-,-,Generic,Prescription,TABUK PHARMACEUTICAL MANUFACTURING CO.,Saudi Arabia,Valid,2/4/2025
IVARIN 10MG FILM COATED TABLET,ROSUVASTATIN,-,-,Generic,Prescription,TABUK PHARMACEUTICAL MANUFACTURING CO.,Saudi Arabia,Valid,2/4/2025
ITRAZOL 100 mg capsule,ITRACONAZOLE,-,-,Generic,Prescription,SAJA-SAUDI ARABIAN JAPANESE PHARMACEUTICAL CO,Saudi Arabia,Valid,8/29/2022
ITRAZOL 100 mg capsule,ITRACONAZOLE,-,-,Generic,Prescription,SAJA-SAUDI ARABIAN JAPANESE PHARMACEUTICAL CO,Saudi Arabia,Valid,8/29/2022
JAZOFEN 400MG TAB,IBUPROFEN,-,-,Generic,OTC,Jazeera Pharmaceutical Industries (JPI),Saudi Arabia,Valid,3/27/2023
KLAVOX SUSPENSION 156MG-5ML,"AMOXICILLIN,CLAVULANIC ACID",100,ml,Generic,Prescription,SPIMACO,Saudi Arabia,Valid,11/18/2022
KLAVOX 625MG F.C.TAB,"AMOXICILLIN,CLAVULANIC ACID",-,-,Generic,Prescription,SPIMACO,Saudi Arabia,Valid,11/19/2022
KLAVOX 457MG\5ML SUSPENSION,"AMOXICILLIN,CLAVULANIC ACID",70,ml,Generic,Prescription,SPIMACO,Saudi Arabia,Valid,11/19/2022
KLAVOX 375MG F.C.TAB,"AMOXICILLIN,CLAVULANIC ACID",-,-,Generic,Prescription,SPIMACO,Saudi Arabia,Valid,11/19/2022
KLAVOX 312.5 MG-5ML SUSPENSION,"AMOXICILLIN,CLAVULANIC ACID",100,ml,Generic,Prescription,SPIMACO,Saudi Arabia,Valid,11/19/2022
KLAVOX 1GM TAB,"AMOXICILLIN,CLAVULANIC ACID",-,-,Generic,Prescription,SPIMACO,Saudi Arabia,Valid,11/19/2022
KERASAL 10 % OINTMENT,SALICYLIC ACID,50,ml,NCE,OTC,Dallah Pharma Factory,Saudi Arabia,Valid,1/9/2025
KAFOSED SYRUP 15MG-5ML,DEXTROMETHORPHAN,100,ml,Generic,Prescription,SPIMACO,Saudi Arabia,Valid,9/4/2024
KLAVOX 228MG\5ML SUSPENSION,"AMOXICILLIN,CLAVULANIC ACID",70,ml,Generic,Prescription,SPIMACO,Saudi Arabia,Valid,11/19/2022
HISTOFEN SYRUP 1MG/5ML,KETOTIFEN,100,ml,Generic,OTC,RIYADH PHARMA,Saudi Arabia,Valid,6/6/2024
HISTOP 2MG-5ML SYRUP,CHLORPHENIRAMINE MALEATE,100,ml,Generic,OTC,SPIMACO,Saudi Arabia,Valid,1/31/2023
HI- QUIN 4% CREAM,HYDROQUINONE,30,g,Generic,Prescription,Jamjoom Pharmaceuticals Factory Company,Saudi Arabia,Valid,3/27/2023
HISTOP TAB 4MG,CHLORPHENIRAMINE MALEATE,-,-,Generic,OTC,SPIMACO,Saudi Arabia,Valid,9/13/2022
HI- QUIN 2% CREAM,HYDROQUINONE,30,g,Generic,OTC,Jamjoom Pharmaceuticals Factory Company,Saudi Arabia,Valid,3/27/2023
HARTMANNS SOLUTION 1\2,SODIUM LACTATE,500,ml,Generic,Prescription,Pharmaceutical Solution Industries (PSI),Saudi Arabia,Valid,8/31/2022
HARNAL 0.4MG MODIFIED RELEASE CAPSULES,TAMSULOSIN HYDROCHLORIDE,-,-,NCE,Prescription,SAJA-SAUDI ARABIAN JAPANESE PHARMACEUTICAL CO,Saudi Arabia,Valid,3/17/2025
HAEMODIALYSIS CONCENTRATE SOLUTION 35 F1,"SODIUM CHLORIDE, CALCIUM CHLORIDE,MAGNESIUM CHLORIDE,SODIUM ACETATE,DEXTROSE",10,l,Generic,Prescription,Pharmaceutical Solution Industries (PSI),Saudi Arabia,Valid,11/30/2022
HAEMODIALYSIS CONCENTRATE SOLUTION 35 F1,"SODIUM CHLORIDE, CALCIUM CHLORIDE,MAGNESIUM CHLORIDE,SODIUM ACETATE,DEXTROSE",5,l,Generic,Prescription,Pharmaceutical Solution Industries (PSI),Saudi Arabia,Valid,11/30/2022
HEMAMAX 100 MG CHEWABLE OR SWALLOWABLE TABLETS,IRON POLYMALTOSE,-,-,Generic,OTC,DEEF PHARMACEUTICAL INDUSTRIES,Saudi Arabia,Valid,8/29/2022
HEMAMAX 50 MG-5ML SYRUP,IRON POLYMALTOSE,100,ml,Generic,OTC,DEEF PHARMACEUTICAL INDUSTRIES,Saudi Arabia,Valid,8/29/2022
HEMAMAX F CHEWABLE TABLETS,"FERRIC HYDROXIDE,FOLIC ACID",-,-,Generic,OTC,DEEF PHARMACEUTICAL INDUSTRIES,Saudi Arabia,Valid,11/21/2022
HEPIX 100MG F-C TABLETS,LAMIVUDINE,-,-,Generic,Prescription,TABUK PHARMACEUTICAL MANUFACTURING CO.,Saudi Arabia,Valid,8/29/2022
HI CARE CREAM,HYDROQUINONE,60,g,Generic,OTC,SAUDI PHARMACEUTICAL INDUSTRIES,Saudi Arabia,Valid,8/21/2024
HYMOX 125MG-5ML POWDER FOR ORAL SUSPENSION,AMOXICILLIN,100,ml,Generic,Prescription,SPIMACO,Saudi Arabia,Valid,4/24/2025
HYFRESH 2 MG- ML OPHTHALMIC SOLUTION,HYALURONIC ACID,10,ml,Generic,OTC,Jamjoom Pharmaceuticals Factory Company,Saudi Arabia,Valid,8/29/2022
HYMOX 250MG CAPS,AMOXICILLIN,-,-,Generic,Prescription,SPIMACO,Saudi Arabia,Valid,2/10/2025
HYDRODERM CREAM PLUS,"HYDROQUINONE,RETINOIC ACID,DEXAMETHASONE SODIUM PHOSPHATE",30,g,NCE,Prescription,Dallah Pharma Factory,Saudi Arabia,Valid,1/9/2025
HYMOX 250MG-5ML POWDER FOR ORAL SUSPENSION,AMOXICILLIN,100,ml,Generic,Prescription,SPIMACO,Saudi Arabia,Valid,2/10/2025
HYMOX 500MG CAPS,AMOXICILLIN,-,-,Generic,Prescription,SPIMACO,Saudi Arabia,Valid,2/10/2025
ICHTHAMMOL 10% OINTMENT,ICHTHAMMOL,30,ml,Generic,OTC,Dallah Pharma Factory,Saudi Arabia,Valid,7/27/2025
Brofenex 5GM- 100GM CREAM,IBUPROFEN,50,g,Generic,OTC,DEEF PHARMACEUTICAL INDUSTRIES,Saudi Arabia,Valid,12/4/2024
HYMOX 875 mg film-coated tablet,AMOXICILLIN,-,-,Generic,Prescription,SPIMACO,Saudi Arabia,Valid,2/10/2025
FLUTAB TABLET,"PARACETAMOL,PSEUDOEPHEDRINE HYDROCHLORIDE,DIPHENHYDRAMINE HYDROCHLORIDE",-,-,Generic,OTC,SPIMACO,Saudi Arabia,Valid,1/14/2025
FLUTAB Sinus TABLETS,"PARACETAMOL,PSEUDOEPHEDRINE HYDROCHLORIDE",-,-,Generic,OTC,SPIMACO,Saudi Arabia,Valid,5/22/2025
DIVIDO 75MG DUAL RELEASE CAP,DICLOFENAC SODIUM,-,-,Generic,Prescription,TABUK PHARMACEUTICAL MANUFACTURING CO.,Saudi Arabia,Valid,8/29/2022
DISPRIN,ACETYLSALICYLIC ACID,-,-,Generic,OTC,RIYADH PHARMA,Saudi Arabia,Valid,11/7/2023
DOMPY 10MG TABLET,DOMPERIDONE,-,-,Generic,Prescription,Jamjoom Pharmaceuticals Factory Company,Saudi Arabia,Valid,10/16/2024
DOMPY 0.1% ORAL SUSPENTION,DOMPERIDONE,200,ml,Generic,Prescription,Jamjoom Pharmaceuticals Factory Company,Saudi Arabia,Valid,10/17/2024
DOLVIC- K 50 MG F- C TABLETS,DICLOFENAC POTASSIUM,-,-,Generic,Prescription,Med city,Saudi Arabia,Valid,4/15/2025
DICLOMAX 50 MG TAB,DICLOFENAC SODIUM,-,-,Generic,Prescription,Jazeera Pharmaceutical Industries (JPI),Saudi Arabia,Valid,3/30/2023
DICLOMAX 25MG TAB,DICLOFENAC SODIUM,-,-,Generic,Prescription,Jazeera Pharmaceutical Industries (JPI),Saudi Arabia,Valid,8/21/2024
DICLOMAX 1% EMULGEL,DICLOFENAC SODIUM,50,g,Generic,OTC,Jazeera Pharmaceutical Industries (JPI),Saudi Arabia,Valid,3/27/2023
EARCALM,"PHENAZONE,BENZOCAINE",5,ml,Generic,Prescription,RIYADH PHARMA,Saudi Arabia,Valid,6/6/2024
DUSPATALIN 200MG PROLONGED RELEASE CAPS,MEBEVERINE HYDROCHLORIDE,-,-,Generic,Prescription,AJA PHARMACEUTICAL INDUSTRIES,Saudi Arabia,Valid,7/27/2025
DUSPAMEN 135MG TAB,MEBEVERINE HYDROCHLORIDE,-,-,Generic,Prescription,Jazeera Pharmaceutical Industries (JPI),Saudi Arabia,Valid,5/8/2025
DURACAN 150MG CAPSULE,FLUCONAZOLE,-,-,Generic,Prescription,Jamjoom Pharmaceuticals Factory Company,Saudi Arabia,Valid,2/10/2025
ECZADERM 0.1% W-W OINTMENT,MOMETASONE FUROATE,30,g,Generic,Prescription,BATTERJEE PHARMACETICAL FACTORY,Saudi Arabia,Valid,7/13/2025
ECZADERM 0.1% W-W CREAM,MOMETASONE FUROATE,30,g,Generic,Prescription,BATTERJEE PHARMACETICAL FACTORY,Saudi Arabia,Valid,10/22/2023
DOXIVENIL,CALCIUM DOBESILATE MONOHYDRATE,-,-,NCE,Prescription,RIYADH PHARMA,Saudi Arabia,Valid,3/30/2023
DOXYCIN,DOXYCYCLINE,-,-,Generic,Prescription,RIYADH PHARMA,Saudi Arabia,Valid,4/24/2025
DROF 2% SHAMPOO,KETOCONAZOLE,100,ml,Generic,Prescription,DEEF PHARMACEUTICAL INDUSTRIES,Saudi Arabia,Valid,1/29/2025
"DEXTROSE,SOD.CHLORIDE","DEXTROSE,SODIUM CHLORIDE",500,ml,Generic,Prescription,Pharmaceutical Solution Industries (PSI),Saudi Arabia,Valid,11/9/2022
0.18% W/V SODIUM CHLORIDE and 5% W/V DEXTROSE intravenous infusion,"DEXTROSE,SODIUM CHLORIDE",1000,ml,Generic,Prescription,Pharmaceutical Solution Industries (PSI),Saudi Arabia,Valid,11/9/2022
0.18% W/V SODIUM CHLORIDE and 5% W/V DEXTROSE intravenous infusion,"DEXTROSE,SODIUM CHLORIDE",500,ml,Generic,Prescription,Pharmaceutical Solution Industries (PSI),Saudi Arabia,Valid,11/9/2022
0.18% W/V SODIUM CHLORIDE and 5% W/V DEXTROSE intravenous infusion,"DEXTROSE,SODIUM CHLORIDE",500,ml,Generic,Prescription,Pharmaceutical Solution Industries (PSI),Saudi Arabia,Valid,6/11/2024
DEXTROSE 50%,DEXTROSE,10,ml,Generic,Prescription,Pharmaceutical Solution Industries (PSI),Saudi Arabia,Valid,8/31/2022
DEXTROSE 50%,DEXTROSE,500,ml,Generic,Prescription,Pharmaceutical Solution Industries (PSI),Saudi Arabia,Valid,8/31/2022
50% w/v DEXTROSE intravenous infusion,DEXTROSE,50,ml,Generic,Prescription,Pharmaceutical Solution Industries (PSI),Saudi Arabia,Valid,10/3/2023
DEXTROSE 50%,DEXTROSE,100,ml,Generic,Prescription,Pharmaceutical Solution Industries (PSI),Saudi Arabia,Valid,8/31/2022
DEXTROSE 50%,DEXTROSE,5,ml,Generic,Prescription,Pharmaceutical Solution Industries (PSI),Saudi Arabia,Valid,8/31/2022
DEXTROSE 50%,DEXTROSE,20,ml,Generic,Prescription,Pharmaceutical Solution Industries (PSI),Saudi Arabia,Valid,9/22/2024
DEXTROSE 50%,DEXTROSE,250,ml,Generic,Prescription,Pharmaceutical Solution Industries (PSI),Saudi Arabia,Valid,8/31/2022
50%W/V DESTROSE intravenous infusion,DEXTROSE,500,ml,Generic,Prescription,Pharmaceutical Solution Industries (PSI),Saudi Arabia,Valid,8/16/2023
0.18% W/V SODIUM CHLORIDE and 5% W/V DEXTROSE intravenous infusion,"DEXTROSE,CALCIUM CHLORIDE DIHYDRATE, MAGNESIUM CHLORIDE 6H2O, SODIUM CHLORIDE, POTASSIUM CHLORIDE, DISODIUM PHOSPHATE DIHYDRATE, SODIUM HYDROGEN CARBONATE",250,ml,Generic,Prescription,Pharmaceutical Solution Industries (PSI),Saudi Arabia,Valid,11/9/2022
"DEXTROSE,N.SALINE","DEXTROSE,SODIUM CHLORIDE",250,ml,Generic,Prescription,Pharmaceutical Solution Industries (PSI),Saudi Arabia,Valid,11/9/2022
"DEXTROSE,N.SALINE","DEXTROSE,SODIUM CHLORIDE",1000,ml,Generic,Prescription,Pharmaceutical Solution Industries (PSI),Saudi Arabia,Valid,11/9/2022
"DEXTROSE,N.SALINE","DEXTROSE,SODIUM CHLORIDE",500,ml,Generic,Prescription,Pharmaceutical Solution Industries (PSI),Saudi Arabia,Valid,11/9/2022
"DEXTROSE,N.SALINE","DEXTROSE,SODIUM CHLORIDE",250,ml,Generic,Prescription,Pharmaceutical Solution Industries (PSI),Saudi Arabia,Valid,11/9/2022
"DEXTROSE, SOD.CHLORIDE","DEXTROSE,SODIUM CHLORIDE",500,ml,Generic,Prescription,Pharmaceutical Solution Industries (PSI),Saudi Arabia,Valid,11/9/2022
"DEXTROSE, SOD.CHLORIDE","DEXTROSE,SODIUM CHLORIDE",1000,ml,Generic,Prescription,Pharmaceutical Solution Industries (PSI),Saudi Arabia,Valid,11/9/2022
0.18% W/V SODIUM CHLORIDE and 5% W/V DEXTROSE intravenous infusion,"DEXTROSE,SODIUM CHLORIDE",250,ml,Generic,Prescription,Pharmaceutical Solution Industries (PSI),Saudi Arabia,Valid,11/9/2022
"DEXTROSE, SOD.CHLORIDE","DEXTROSE,SODIUM CHLORIDE",1000,ml,Generic,Prescription,Pharmaceutical Solution Industries (PSI),Saudi Arabia,Valid,11/9/2022
"DEXTROSE, HARTMANNS","DEXTROSE,SODIUM CHLORIDE,SODIUM LACTATE,POTASSIUM CHLORIDE, CALCIUM CHLORIDE",500,ml,Generic,Prescription,Pharmaceutical Solution Industries (PSI),Saudi Arabia,Valid,11/24/2022
DIANEAL PD4 GLUCOSE 3.86% SOLUTION FOR PERITONEAL DIALYSIS,"SODIUM CHLORIDE,SODIUM LACTATE,CALCIUM CHLORIDE,GLUCOSE,MAGNESIUM CHLORIDE",2000,ml,Generic,Prescription,BAXTER CO LIMITED,Saudi Arabia,Valid,4/2/2023
DIANEAL PD4 GLUCOSE 2.27% SOLUTION FOR PERITONEAL DIALYSIS,"SODIUM CHLORIDE,SODIUM LACTATE,CALCIUM CHLORIDE,GLUCOSE,MAGNESIUM CHLORIDE",5000,ml,Generic,Prescription,BAXTER CO LIMITED,Saudi Arabia,Valid,4/2/2023
DIANEAL PD4 GLUCOSE 2.27% SOLUTION FOR PERITONEAL DIALYSIS,"SODIUM CHLORIDE,SODIUM LACTATE,CALCIUM CHLORIDE,GLUCOSE,MAGNESIUM CHLORIDE",3000,ml,Generic,Prescription,BAXTER CO LIMITED,Saudi Arabia,Valid,4/2/2023
DIANEAL PD4 GLUCOSE 2.27% SOLUTION FOR PERITONEAL DIALYSIS,"SODIUM CHLORIDE,SODIUM LACTATE,CALCIUM CHLORIDE,GLUCOSE,MAGNESIUM CHLORIDE",2500,ml,Generic,Prescription,BAXTER CO LIMITED,Saudi Arabia,Valid,4/2/2023
DIANEAL PD4 GLUCOSE 2.27% SOLUTION FOR PERITONEAL DIALYSIS,"SODIUM CHLORIDE,SODIUM LACTATE,CALCIUM CHLORIDE,GLUCOSE,MAGNESIUM CHLORIDE",2000,ml,Generic,Prescription,BAXTER CO LIMITED,Saudi Arabia,Valid,4/2/2023
DIANEAL PD4 GLUCOSE 3.86% SOLUTION FOR PERITONEAL DIALYSIS,"SODIUM CHLORIDE,SODIUM LACTATE,CALCIUM CHLORIDE,GLUCOSE,MAGNESIUM CHLORIDE",2500,ml,Generic,Prescription,BAXTER CO LIMITED,Saudi Arabia,Valid,4/2/2023
DIANEAL PD4 GLUCOSE 3.86% SOLUTION FOR PERITONEAL DIALYSIS,"SODIUM CHLORIDE,SODIUM LACTATE,CALCIUM CHLORIDE,GLUCOSE,MAGNESIUM CHLORIDE",3000,ml,Generic,Prescription,BAXTER CO LIMITED,Saudi Arabia,Valid,4/2/2023
DIANEAL PD4 GLUCOSE 3.86% SOLUTION FOR PERITONEAL DIALYSIS,"SODIUM CHLORIDE,SODIUM LACTATE,CALCIUM CHLORIDE,GLUCOSE,MAGNESIUM CHLORIDE",5000,ml,Generic,Prescription,BAXTER CO LIMITED,Saudi Arabia,Valid,4/2/2023
DIANEAL PD4 GLUCOSE 1.36% SOLUTION FOR PERITONEAL DIALYSIS,"SODIUM CHLORIDE,SODIUM LACTATE,CALCIUM CHLORIDE,GLUCOSE,MAGNESIUM CHLORIDE",5000,ml,Generic,Prescription,BAXTER CO LIMITED,Saudi Arabia,Valid,4/2/2023
DIANEAL PD4 GLUCOSE 1.36% SOLUTION FOR PERITONEAL DIALYSIS,"SODIUM LACTATE,SODIUM CHLORIDE,CALCIUM CHLORIDE,GLUCOSE,MAGNESIUM CHLORIDE",3000,ml,Generic,Prescription,BAXTER CO LIMITED,Saudi Arabia,Valid,4/2/2023
DIANEAL PD4 GLUCOSE 1.36% SOLUTION FOR PERITONEAL DIALYSIS,"SODIUM CHLORIDE,SODIUM LACTATE,CALCIUM CHLORIDE,GLUCOSE,MAGNESIUM CHLORIDE",2500,ml,Generic,Prescription,BAXTER CO LIMITED,Saudi Arabia,Valid,4/2/2023
DIANEAL PD4 GLUCOSE 1.36% SOLUTION FOR PERITONEAL DIALYSIS,"SODIUM CHLORIDE,SODIUM LACTATE,CALCIUM CHLORIDE,GLUCOSE,MAGNESIUM CHLORIDE",2000,ml,Generic,Prescription,BAXTER CO LIMITED,Saudi Arabia,Valid,4/2/2023
CO-VALISTA,"VALSARTAN,HYDROCHLOROTHIAZIDE",-,-,Generic,Prescription,SPIMACO,Saudi Arabia,Valid,3/20/2023
ELDOQUIN FORT 4% CREAM,HYDROQUINONE,15,g,NCE,Prescription,RIYADH PHARMA,Saudi Arabia,Valid,5/1/2024
ELICA 0.1% CREAM,MOMETASONE FUROATE,30,g,Generic,Prescription,Jamjoom Pharmaceuticals Factory Company,Saudi Arabia,Valid,3/27/2023
FEVADOL FAST 500MG TABLETS,"SODIUM BICARBONATE,PARACETAMOL",-,-,Generic,OTC,SPIMACO,Saudi Arabia,Valid,11/7/2024
FEVADOL EXTRA TAB.,"PARACETAMOL,CAFFEINE CITRATE",-,-,Generic,OTC,SPIMACO,Saudi Arabia,Valid,1/7/2025
FEVADOL COLD & FLU TABLETS,"PARACETAMOL,PSEUDOEPHEDRINE HYDROCHLORIDE,CHLORPHENIRAMINE MALEATE",-,-,Generic,OTC,SPIMACO,Saudi Arabia,Valid,11/7/2024
FEVADOL 500MG TAB,PARACETAMOL,-,-,Generic,OTC,SPIMACO,Saudi Arabia,Valid,7/9/2025
FEVADOL 350MG SUPPOSITORY,PARACETAMOL,-,-,Generic,OTC,SPIMACO,Saudi Arabia,Valid,7/27/2025
FEVADOL 200MG SUPPOSITORY,PARACETAMOL,-,-,Generic,OTC,SPIMACO,Saudi Arabia,Valid,7/27/2025
FEVADOL 100MG SUPPOSITORY,PARACETAMOL,-,-,Generic,OTC,SPIMACO,Saudi Arabia,Valid,7/27/2025
FEROTON 20MG-ML SOLU. FOR I.V. INJECTION,IRON SUCROSE,5,ml,Generic,Prescription,Jamjoom Pharmaceuticals Factory Company,Saudi Arabia,Valid,8/31/2022
FEROSE TAB (EQV.TO 100MG OF IRON),IRON POLYMALTOSE,-,-,NCE,OTC,SPIMACO,Saudi Arabia,Valid,8/29/2022
FEVADOL PLUS TAB,"PARACETAMOL,CAFFEINE CITRATE,CODEINE",-,-,Generic,Prescription,SPIMACO,Saudi Arabia,Valid,11/8/2023
FEVADOL SF 120MG\5ML SYRUP,PARACETAMOL,100,ml,Generic,OTC,SPIMACO,Saudi Arabia,Valid,10/9/2022
FEVADOL SF 120MG\5ML SYRUP,PARACETAMOL,145,ml,Generic,OTC,SPIMACO,Saudi Arabia,Valid,10/9/2022
FEVADOL SYRUP 120MG-5ML,PARACETAMOL,100,ml,Generic,OTC,SPIMACO,Saudi Arabia,Valid,10/9/2022
FIXIT 300MG CAPSULE,NIZATIDINE,-,-,Generic,Prescription,Jamjoom Pharmaceuticals Factory Company,Saudi Arabia,Valid,8/29/2022
FIXIT 150MG CAPSULE,NIZATIDINE,-,-,Generic,Prescription,Jamjoom Pharmaceuticals Factory Company,Saudi Arabia,Valid,3/27/2023
FIXIT 150MG CAPSULE,NIZATIDINE,-,-,Generic,Prescription,Jamjoom Pharmaceuticals Factory Company,Saudi Arabia,Valid,8/29/2022
FEROSE SYRUP 50MG-5ML,IRON POLYMALTOSE,100,ml,NCE,OTC,SPIMACO,Saudi Arabia,Valid,7/27/2025
FINISCAR 5MG F.C. TABLETS,FINASTERIDE,-,-,Generic,Prescription,TABUK PHARMACEUTICAL MANUFACTURING CO.,Saudi Arabia,Valid,5/8/2024
FEXOTEL 120MG TABLET,FEXOFENADINE HYDROCHLORIDE,-,-,Generic,OTC,BATTERJEE PHARMACETICAL FACTORY,Saudi Arabia,Valid,8/21/2024
FEXODINE 180MG TABLET,FEXOFENADINE HYDROCHLORIDE,-,-,Generic,OTC,TABUK PHARMACEUTICAL MANUFACTURING CO.,Saudi Arabia,Valid,11/26/2024
FEXODINE 120MG TABLET,FEXOFENADINE HYDROCHLORIDE,-,-,Generic,OTC,TABUK PHARMACEUTICAL MANUFACTURING CO.,Saudi Arabia,Valid,11/26/2024
FEVADOL SYRUP 160MG-5ML SUGAR FREE,PARACETAMOL,145,ml,Generic,OTC,SPIMACO,Saudi Arabia,Valid,8/29/2022
FEVADOL SYRUP 160MG-5ML SUGAR FREE,PARACETAMOL,100,ml,Generic,OTC,SPIMACO,Saudi Arabia,Valid,8/29/2022
FINASID 5MG FILM COATED TABLET,FINASTERIDE,-,-,Generic,Prescription,SAJA-SAUDI ARABIAN JAPANESE PHARMACEUTICAL CO,Saudi Arabia,Valid,5/8/2024
FEROSAC INJ 20MG-ML AMP,IRON SUCROSE,5,ml,Generic,Prescription,SPIMACO,Saudi Arabia,Valid,5/22/2025
FENAM 250MG TAB,MEFENAMIC ACID,-,-,Generic,Prescription,Jazeera Pharmaceutical Industries (JPI),Saudi Arabia,Valid,3/30/2023
FELDENE 20MG-ML AMP.,PIROXICAM,1,ml,NCE,Prescription,SPIMACO,Saudi Arabia,Valid,8/29/2022
FELDENE 20MG DISPERSABLE TAB,PIROXICAM,-,-,NCE,Prescription,SPIMACO,Saudi Arabia,Valid,7/27/2025
FENAM 50MG-5ML SYRUP,MEFENAMIC ACID,120,ml,Generic,Prescription,Jazeera Pharmaceutical Industries (JPI),Saudi Arabia,Valid,6/19/2025
FENAM FORTE 500MG TAB,MEFENAMIC ACID,-,-,Generic,Prescription,Jazeera Pharmaceutical Industries (JPI),Saudi Arabia,Valid,11/26/2024
FEROMIN ORAL DROPS,FERROUS SULFATE,30,ml,Generic,Prescription,RIYADH PHARMA,Saudi Arabia,Valid,9/29/2022
FEROMIN,FERROUS SULFATE,-,-,Generic,OTC,RIYADH PHARMA,Saudi Arabia,Valid,3/30/2023
FEROSE - F TABLET,"FERRIC HYDROXIDE,FOLIC ACID",-,-,NCE,OTC,SPIMACO,Saudi Arabia,Valid,7/9/2025
FLAMAZINE CREAM,SULFADIAZINE SILVER,50,g,Generic,OTC,RIYADH PHARMA,Saudi Arabia,Valid,5/8/2025
FLUCO-SOL 2MG/ML SOLUTION FOR I.V. INFUSION,FLUCONAZOLE,100,ml,Generic,Prescription,Pharmaceutical Solution Industries (PSI),Saudi Arabia,Valid,2/28/2023
FLUCA OPTHALMIC SUSP.,"FLUOROMETHOLONE,SODIUM CROMOGLICATE",5,ml,Generic,Prescription,Jamjoom Pharmaceuticals Factory Company,Saudi Arabia,Valid,9/3/2023
FLUMED DM PAED SYRUP,"PSEUDOEPHEDRINE HYDROCHLORIDE,DEXTROMETHORPHAN HYDROBROMIDE,CHLORPHENIRAMINE MALEATE",100,ml,Generic,Prescription,RIYADH PHARMA,Saudi Arabia,Valid,5/8/2025
FLAZOL 500MG TAB,METRONIDAZOLE,-,-,Generic,Prescription,TABUK PHARMACEUTICAL MANUFACTURING CO.,Saudi Arabia,Valid,3/17/2024
FLAZOL 125MG-5ML ORAL SUSP,METRONIDAZOLE,120,ml,Generic,Prescription,TABUK PHARMACEUTICAL MANUFACTURING CO.,Saudi Arabia,Valid,11/12/2024
FLATICON 60MG CHEWABLE TABLETS,SIMETHICONE,-,-,Generic,OTC,RIYADH PHARMA,Saudi Arabia,Valid,7/8/2025
FLATICON 40MG CHEWABLE TABLETS,SIMETHICONE,-,-,Generic,OTC,RIYADH PHARMA,Saudi Arabia,Valid,7/8/2025
FLOZAK,FLUOXETINE,-,-,Generic,Prescription,RIYADH PHARMA,Saudi Arabia,Valid,11/26/2024
FLOCAZOLE 150 MG CAPSULES,FLUCONAZOLE,-,-,Generic,Prescription,SPIMACO,Saudi Arabia,Valid,10/23/2024
FLOCAZOLE 50 MG CAPSULES,FLUCONAZOLE,-,-,Generic,Prescription,SPIMACO,Saudi Arabia,Valid,2/22/2024
FATLOS 120MG CAPSULES,ORLISTAT,-,-,Generic,Prescription,TABUK PHARMACEUTICAL MANUFACTURING CO.,Saudi Arabia,Valid,8/29/2022
FATLOS 120MG CAPSULES,ORLISTAT,-,-,Generic,Prescription,TABUK PHARMACEUTICAL MANUFACTURING CO.,Saudi Arabia,Valid,8/29/2022
ENTAPRO 20MG FILM COATED TABLETS,ESCITALOPRAM,-,-,Generic,Prescription,SPIMACO,Saudi Arabia,Valid,2/17/2025
ENTAPRO 10MG FILM COATED TABLETS,ESCITALOPRAM,-,-,Generic,Prescription,SPIMACO,Saudi Arabia,Valid,2/17/2025
ELICASAL OINTMENT,"SALICYLIC ACID,MOMETASONE FUROATE",30,g,Generic,Prescription,Jamjoom Pharmaceuticals Factory Company,Saudi Arabia,Valid,2/19/2023
ELICA-M CREAM,"MICONAZOLE NITRATE,MOMETASONE FUROATE",30,g,Generic,Prescription,Jamjoom Pharmaceuticals Factory Company,Saudi Arabia,Valid,2/19/2023
ELICA 0.1% OINTMENT,MOMETASONE FUROATE,30,g,Generic,Prescription,Jamjoom Pharmaceuticals Factory Company,Saudi Arabia,Valid,3/14/2023
ENAPRIL 10 MG TAB,ENALAPRIL MALEATE,-,-,Generic,Prescription,SPIMACO,Saudi Arabia,Valid,8/29/2022
EXYLIN PEDIATRIC SYRUP,"DIPHENHYDRAMINE HYDROCHLORIDE,MENTHOL",100,ml,Generic,OTC,SPIMACO,Saudi Arabia,Valid,11/24/2022
EXYLIN SYRUP 14MG-5ML,DIPHENHYDRAMINE HYDROCHLORIDE,100,ml,Generic,OTC,SPIMACO,Saudi Arabia,Valid,10/3/2022
FAST- FLAM 50MG F.C. TABLETS,DICLOFENAC POTASSIUM,-,-,Generic,Prescription,Jamjoom Pharmaceuticals Factory Company,Saudi Arabia,Valid,3/20/2023
FALLAH 50 mg film-coated tablets,SILDENAFIL,-,-,Generic,Prescription,Jazeera Pharmaceutical Industries (JPI),Saudi Arabia,Valid,2/27/2023
FALLAH 25 mg film-coated tablets,SILDENAFIL,-,-,Generic,Prescription,Jazeera Pharmaceutical Industries (JPI),Saudi Arabia,Valid,2/27/2023
FACTIVE 320MG F.C. TABLETS,GEMIFLOXACIN MESILATE,-,-,Generic,Prescription,TABUK PHARMACEUTICAL MANUFACTURING CO.,Saudi Arabia,Valid,10/16/2024
FACTIVE 320MG F.C. TABLETS,GEMIFLOXACIN MESILATE,-,-,Generic,Prescription,TABUK PHARMACEUTICAL MANUFACTURING CO.,Saudi Arabia,Valid,10/16/2024
EZIPECT 12.5MG-5ML SYRUP,DIPHENHYDRAMINE HYDROCHLORIDE,100,ml,Generic,OTC,TABUK PHARMACEUTICAL MANUFACTURING CO.,Saudi Arabia,Valid,3/6/2025
EZILAX 10G-15ML SYRUP,LACTULOSE,300,ml,Generic,OTC,TABUK PHARMACEUTICAL MANUFACTURING CO.,Saudi Arabia,Valid,2/10/2025
FALLAH 100 mg film-coated tablets,SILDENAFIL,-,-,Generic,Prescription,Jazeera Pharmaceutical Industries (JPI),Saudi Arabia,Valid,2/27/2023
ERECTA 50 mg film-coated tablets,SILDENAFIL,-,-,Generic,Prescription,Jamjoom Pharmaceuticals Factory Company,Saudi Arabia,Valid,8/29/2022
ERECTA 100 mg film-coated tablets,SILDENAFIL,-,-,Generic,Prescription,Jamjoom Pharmaceuticals Factory Company,Saudi Arabia,Valid,10/16/2024
ELDOQUIN FORT 4% CREAM,HYDROQUINONE,30,g,NCE,Prescription,RIYADH PHARMA,Saudi Arabia,Valid,7/15/2025
CO-VALISTA,"VALSARTAN,HYDROCHLOROTHIAZIDE",-,-,Generic,Prescription,SPIMACO,Saudi Arabia,Valid,11/9/2022
ROFLAST 500 mcg,ROFLUMILAST,-,-,Generic,Prescription,SPIMACO,Saudi Arabia,Valid,8/29/2022
Relaxon Forte 500MG TAB,CHLORZOXAZONE,-,-,Generic,Prescription,Jamjoom Pharmaceuticals Factory Company,Saudi Arabia,Valid,8/21/2024
COVATEL,"TELMISARTAN,AMLODIPINE BESILATE",-,-,Generic,Prescription,TABUK PHARMACEUTICAL MANUFACTURING CO.,Saudi Arabia,Valid,11/28/2022
COVATEL,"TELMISARTAN,AMLODIPINE BESILATE",-,-,Generic,Prescription,TABUK PHARMACEUTICAL MANUFACTURING CO.,Saudi Arabia,Valid,11/28/2022
VERCANZA 450 MG FILM COATED TABLET,Valganciclovir,-,-,Generic,Prescription,SPIMACO,Saudi Arabia,Valid,6/19/2025
LEUKAIR 10MG F.C.TABLET,MONTELUKAST SODIUM,-,-,Generic,Prescription,SAUDI PHARMACEUTICAL INDUSTRIES,Saudi Arabia,Valid,3/20/2024
ZORON 2MG/ML INJECTION,ONDANSETRON,2,ml,Generic,Prescription,Jamjoom Pharmaceuticals Factory Company,Saudi Arabia,Valid,8/21/2024
ZORON 2MG/ML INJECTION,ONDANSETRON,4,ml,Generic,Prescription,Jamjoom Pharmaceuticals Factory Company,Saudi Arabia,Valid,8/21/2024
MEBAGEN SR 200MG CAPSULE,MEBEVERINE HYDROCHLORIDE,-,-,Generic,Prescription,RIYADH PHARMA,Saudi Arabia,Valid,11/26/2024
ABIRATERONE SPC 250MG F.C.TABLET,ABIRATERONE ACETATE,-,-,Generic,Prescription,Sudair Pharma Company,Saudi Arabia,Valid,8/21/2024
CLAREX 500MG TABLET,CLARITHROMYCIN,-,-,Generic,Prescription,SAJA-SAUDI ARABIAN JAPANESE PHARMACEUTICAL CO,Saudi Arabia,Valid,10/30/2024
FLOXACIN 500 MG COATED TABLET,CIPROFLOXACIN,-,-,Generic,Prescription,SAJA-SAUDI ARABIAN JAPANESE PHARMACEUTICAL CO,Saudi Arabia,Valid,10/30/2024
VEGGIE VITAMIN D3 50000 I.U. Soft Gelatin Capsule,COLECALCIFEROL,-,-,Generic,Prescription,SAUDI DOX FOR PHARMACEUTICAL INDUSTRIES,Saudi Arabia,Valid,8/6/2023
VEGGIE VITAMIN D3 50000 I.U. Soft Gelatin Capsule,COLECALCIFEROL,-,-,Generic,Prescription,SAUDI DOX FOR PHARMACEUTICAL INDUSTRIES,Saudi Arabia,Valid,8/6/2023
"VEGGIE Vitamin D3 5,000 IU",COLECALCIFEROL,-,-,Generic,Prescription,SAUDI DOX FOR PHARMACEUTICAL INDUSTRIES,Saudi Arabia,Valid,4/22/2024
COVAZ,"VALSARTAN,HYDROCHLOROTHIAZIDE",-,-,Generic,Prescription,RIYADH PHARMA,Saudi Arabia,Valid,9/14/2023
COVAZ,"VALSARTAN,HYDROCHLOROTHIAZIDE",-,-,Generic,Prescription,RIYADH PHARMA,Saudi Arabia,Valid,9/14/2023
COVAZ,"VALSARTAN,HYDROCHLOROTHIAZIDE",-,-,Generic,Prescription,RIYADH PHARMA,Saudi Arabia,Valid,9/14/2023
OMEPREX 20 mg capsule,OMEPRAZOLE,-,-,Generic,Prescription,SAJA-SAUDI ARABIAN JAPANESE PHARMACEUTICAL CO,Saudi Arabia,Valid,10/30/2024
OMEPREX 20 mg capsule,OMEPRAZOLE,-,-,Generic,Prescription,SAJA-SAUDI ARABIAN JAPANESE PHARMACEUTICAL CO,Saudi Arabia,Valid,10/30/2024
AMLOPRESS 5MG CAPSULES,AMLODIPINE BESILATE,-,-,Generic,Prescription,SAJA-SAUDI ARABIAN JAPANESE PHARMACEUTICAL CO,Saudi Arabia,Valid,10/30/2024
ADOL 500MG CAPLET,PARACETAMOL,-,-,Generic,OTC,ALPHA PHARMA INDUSTRY ,Saudi Arabia,Valid,6/11/2023
AZOMAX 250MG CAPSULE,AZITHROMYCIN,-,-,Generic,Prescription,SAJA-SAUDI ARABIAN JAPANESE PHARMACEUTICAL CO,Saudi Arabia,Valid,10/30/2024
ARBAVAL 320 mg film-coated tablet,VALSARTAN,-,-,Generic,Prescription,SAJA-SAUDI ARABIAN JAPANESE PHARMACEUTICAL CO,Saudi Arabia,Valid,10/30/2024
ARBAVAL PLUS,"VALSARTAN,HYDROCHLOROTHIAZIDE",-,-,Generic,Prescription,SAJA-SAUDI ARABIAN JAPANESE PHARMACEUTICAL CO,Saudi Arabia,Valid,10/30/2024
ARBAVAL PLUS,"VALSARTAN,HYDROCHLOROTHIAZIDE",-,-,Generic,Prescription,SAJA-SAUDI ARABIAN JAPANESE PHARMACEUTICAL CO,Saudi Arabia,Valid,10/30/2024
ARBAVAL PLUS,"VALSARTAN,HYDROCHLOROTHIAZIDE",-,-,Generic,Prescription,SAJA-SAUDI ARABIAN JAPANESE PHARMACEUTICAL CO,Saudi Arabia,Valid,10/30/2024
Feradef 100 mg injection,IRON SUCROSE,5,ml,Generic,Prescription,TABUK PHARMACEUTICAL MANUFACTURING CO.,Saudi Arabia,Valid,9/1/2022
ZOLIX 5 mg film-coated tablet,LEVOCETIRIZINE DIHYDROCHLORIDE,-,-,Generic,OTC,TABUK PHARMACEUTICAL MANUFACTURING CO.,Saudi Arabia,Valid,3/30/2023
NEUROGAB 150 mg capsule,PREGABALIN,-,-,Generic,Prescription,DAMMAM PHARMA,Saudi Arabia,Valid,11/9/2023
ZENORIT 8 mg lyophilisate for solution for injection,LORNOXICAM,-,-,Generic,Prescription,TABUK PHARMACEUTICAL MANUFACTURING CO.,Saudi Arabia,Valid,7/31/2023
MOXIFLOX 400 mg film-coated tablet,MOXIFLOXACIN HYDROCHLORIDE,-,-,Generic,Prescription,DAMMAM PHARMA,Saudi Arabia,Valid,8/29/2022
MOXIFLOX 400 mg film-coated tablet,MOXIFLOXACIN HYDROCHLORIDE,-,-,Generic,Prescription,DAMMAM PHARMA,Saudi Arabia,Valid,8/29/2022
COLAT 500 mg powder for solution for infusion,VANCOMYCIN,-,-,Generic,Prescription,TABUK PHARMACEUTICAL MANUFACTURING CO.,Saudi Arabia,Valid,8/31/2022
NORMATEC 20 mg film-coated tablet,OLMESARTAN MEDOXOMIL,-,-,Generic,Prescription,TABUK PHARMACEUTICAL MANUFACTURING CO.,Saudi Arabia,Valid,3/30/2023
NORMATEC 40 mg film-coated tablet,OLMESARTAN MEDOXOMIL,-,-,Generic,Prescription,TABUK PHARMACEUTICAL MANUFACTURING CO.,Saudi Arabia,Valid,8/29/2022
ARBAVAL 160 mg film-coated tablet,VALSARTAN,-,-,Generic,Prescription,SAJA-SAUDI ARABIAN JAPANESE PHARMACEUTICAL CO,Saudi Arabia,Valid,10/30/2024
ARBAVAL 80 mg film-coated tablet,VALSARTAN,-,-,Generic,Prescription,SAJA-SAUDI ARABIAN JAPANESE PHARMACEUTICAL CO,Saudi Arabia,Valid,10/30/2024
ARBAVAL 40 mg film-coated tablet,VALSARTAN,-,-,Generic,Prescription,SAJA-SAUDI ARABIAN JAPANESE PHARMACEUTICAL CO,Saudi Arabia,Valid,10/30/2024
LEVAQUIN 500 mg film-coated tablet,LEVOFLOXACIN,-,-,Generic,Prescription,SAJA-SAUDI ARABIAN JAPANESE PHARMACEUTICAL CO,Saudi Arabia,Valid,10/30/2024
BUTAFYL 1% cream,BUTENAFINE,15,g,Generic,Prescription,(Avalon Pharma) Middle East Pharmaceutical Industries Co. Ltd,Saudi Arabia,Valid,2/27/2023
AMAGLIME 1 mg tablet,GLIMEPIRIDE,-,-,Generic,Prescription,(Avalon Pharma) Middle East Pharmaceutical Industries Co. Ltd,Saudi Arabia,Valid,12/6/2023
AMAGLIME 1 mg tablet,GLIMEPIRIDE,-,-,Generic,Prescription,(Avalon Pharma) Middle East Pharmaceutical Industries Co. Ltd,Saudi Arabia,Valid,8/31/2022
AMAGLIME 2 mg tablet,GLIMEPIRIDE,-,-,Generic,Prescription,(Avalon Pharma) Middle East Pharmaceutical Industries Co. Ltd,Saudi Arabia,Valid,8/29/2022
AMAGLIME 3 mg tablet,GLIMEPIRIDE,-,-,Generic,Prescription,(Avalon Pharma) Middle East Pharmaceutical Industries Co. Ltd,Saudi Arabia,Valid,12/6/2023
AMAGLIME 3 mg tablet,GLIMEPIRIDE,-,-,Generic,Prescription,(Avalon Pharma) Middle East Pharmaceutical Industries Co. Ltd,Saudi Arabia,Valid,8/31/2022
CLOVIRAX 5% cream,ACYCLOVIR,10,g,Generic,Prescription,(Avalon Pharma) Middle East Pharmaceutical Industries Co. Ltd,Saudi Arabia,Valid,12/19/2023
CLOVIRAX 5% cream,ACYCLOVIR,2,g,Generic,Prescription,(Avalon Pharma) Middle East Pharmaceutical Industries Co. Ltd,Saudi Arabia,Valid,12/19/2023
LYRGABA 75 mg capsule,PREGABALIN,-,-,Generic,Prescription,(Avalon Pharma) Middle East Pharmaceutical Industries Co. Ltd,Saudi Arabia,Valid,11/9/2023
LYRGABA 75 mg capsule,PREGABALIN,-,-,Generic,Prescription,(Avalon Pharma) Middle East Pharmaceutical Industries Co. Ltd,Saudi Arabia,Valid,11/9/2023
LYRGABA 150 mg capsule,PREGABALIN,-,-,Generic,Prescription,(Avalon Pharma) Middle East Pharmaceutical Industries Co. Ltd,Saudi Arabia,Valid,11/9/2023
NORMATEC PLUS 40/12.5 mg film-coated tablet,"OLMESARTAN MEDOXOMIL,HYDROCHLOROTHIAZIDE",-,-,Generic,Prescription,TABUK PHARMACEUTICAL MANUFACTURING CO.,Saudi Arabia,Valid,1/13/2025
LYRGABA 150 mg capsule,PREGABALIN,-,-,Generic,Prescription,(Avalon Pharma) Middle East Pharmaceutical Industries Co. Ltd,Saudi Arabia,Valid,11/9/2023
LEVACIN 750 mg film-coated tablet,LEVOFLOXACIN,-,-,Generic,Prescription,DEEF PHARMACEUTICAL INDUSTRIES,Saudi Arabia,Valid,8/21/2024
GLANDY 60 mg film-coated tablet,CINACALCET,-,-,Generic,Prescription,SPIMACO,Saudi Arabia,Valid,1/9/2025
10% DEXTROSE W/V intravenous infusion,DEXTROSE,250,ml,Generic,Prescription,Pharmaceutical Solution Industries (PSI),Saudi Arabia,Valid,9/22/2024
MEMAXIA 10 mg film-coated tablet,MEMANTINE HYDROCHLORIDE,-,-,Generic,Prescription,Jamjoom Pharmaceuticals Factory Company,Saudi Arabia,Valid,11/8/2023
ALLAIR 4 mg chewable tablet,MONTELUKAST SODIUM,-,-,Generic,Prescription,SAJA-SAUDI ARABIAN JAPANESE PHARMACEUTICAL CO,Saudi Arabia,Valid,10/30/2024
ALLAIR 5 mg chewable tablet,MONTELUKAST SODIUM,-,-,Generic,Prescription,SAJA-SAUDI ARABIAN JAPANESE PHARMACEUTICAL CO,Saudi Arabia,Valid,10/30/2024
FERROVEN 20 mg/ml injection,FERRIC HYDROXIDE,5,ml,Generic,Prescription,Pharmaceutical Solution Industries (PSI),Saudi Arabia,Valid,8/31/2022
NORMATEC PLUS 20/12.5 mg film-coated tablet,"OLMESARTAN MEDOXOMIL,HYDROCHLOROTHIAZIDE",-,-,Generic,Prescription,TABUK PHARMACEUTICAL MANUFACTURING CO.,Saudi Arabia,Valid,1/21/2025
NORMATEC PLUS 40/25 mg film-coated tablet,"OLMESARTAN MEDOXOMIL,HYDROCHLOROTHIAZIDE",-,-,Generic,Prescription,TABUK PHARMACEUTICAL MANUFACTURING CO.,Saudi Arabia,Valid,1/13/2025
QUETTA XR 300 mg tablet,QUETIAPINE,-,-,Generic,Prescription,SPIMACO,Saudi Arabia,Valid,2/16/2023
QUETTA XR 400 mg tablet,QUETIAPINE,-,-,Generic,Prescription,SPIMACO,Saudi Arabia,Valid,2/16/2023
AMODIP 5 mg capsule,AMLODIPINE BESILATE,-,-,Generic,Prescription,(Avalon Pharma) Middle East Pharmaceutical Industries Co. Ltd,Saudi Arabia,Valid,2/28/2024
AVOBAN 2% nasal ointment,MUPIROCIN CALCIUM,3,g,Generic,Prescription,(Avalon Pharma) Middle East Pharmaceutical Industries Co. Ltd,Saudi Arabia,Valid,7/27/2023
QUETTA XR 200 mg tablet,QUETIAPINE,-,-,Generic,Prescription,SPIMACO,Saudi Arabia,Valid,2/16/2023
MODEXA 30 mg gastro-resistant capsule,DULOXETINE,-,-,Generic,Prescription,TABUK PHARMACEUTICAL MANUFACTURING CO.,Saudi Arabia,Valid,3/30/2023
MINOCET 300 mg capsule,CEFDINIR,-,-,Generic,Prescription,TABUK PHARMACEUTICAL MANUFACTURING CO.,Saudi Arabia,Valid,3/6/2025
MINOCET 125 mg/5 ml powder for oral suspension,CEFDINIR,80,ml,Generic,Prescription,TABUK PHARMACEUTICAL MANUFACTURING CO.,Saudi Arabia,Valid,7/24/2025
MINOCET 125 mg/5 ml powder for oral suspension,CEFDINIR,40,ml,Generic,Prescription,TABUK PHARMACEUTICAL MANUFACTURING CO.,Saudi Arabia,Valid,7/27/2025
OCUFLOXIN 3 mg/ml ophthamic solution,OFLOXACIN,0.5,ml,Generic,Prescription,Pharmaceutical Solution Industries (PSI),Saudi Arabia,Valid,2/20/2024
MODEXA 60 mg gastro-resistant capsule,DULOXETINE,-,-,Generic,Prescription,TABUK PHARMACEUTICAL MANUFACTURING CO.,Saudi Arabia,Valid,3/30/2023
CIPROGRAM 750 mg film-coated tablet,CIPROFLOXACIN,-,-,Generic,Prescription,(Avalon Pharma) Middle East Pharmaceutical Industries Co. Ltd,Saudi Arabia,Valid,12/6/2023
REZAL XR 50 mg extended-release tablet,QUETIAPINE,-,-,Generic,Prescription,TABUK PHARMACEUTICAL MANUFACTURING CO.,Saudi Arabia,Valid,12/26/2023
REZAL XR 200 mg extended-release tablet,QUETIAPINE,-,-,Generic,Prescription,TABUK PHARMACEUTICAL MANUFACTURING CO.,Saudi Arabia,Valid,12/26/2023
REZAL XR 300 mg extended-release tablet,QUETIAPINE,-,-,Generic,Prescription,TABUK PHARMACEUTICAL MANUFACTURING CO.,Saudi Arabia,Valid,8/29/2022
VEGA 50 mg film-coated tablet,SILDENAFIL,-,-,Generic,Prescription,SAUDI PHARMACEUTICAL INDUSTRIES,Saudi Arabia,Valid,8/29/2022
KLARE 500 mg film-coated tablet,CLARITHROMYCIN,-,-,Generic,Prescription,(Avalon Pharma) Middle East Pharmaceutical Industries Co. Ltd,Saudi Arabia,Valid,8/4/2024
CANDAN 16 mg tablet,CANDESARTAN CILEXETIL,-,-,Generic,Prescription,(Avalon Pharma) Middle East Pharmaceutical Industries Co. Ltd,Saudi Arabia,Valid,8/21/2023
CANDAN PLUS 16/12.5 mg tablet,"CANDESARTAN CILEXETIL,HYDROCHLOROTHIAZIDE",-,-,Generic,Prescription,(Avalon Pharma) Middle East Pharmaceutical Industries Co. Ltd,Saudi Arabia,Valid,1/27/2025
SNAFI 20MG TAB,TADALAFIL,-,-,Generic,Prescription,SPIMACO,Saudi Arabia,Valid,3/30/2023
SAVIR 5% cream,ACYCLOVIR,15,g,Generic,Prescription,SAUDI PHARMACEUTICAL INDUSTRIES,Saudi Arabia,Valid,12/19/2023
PROTENSE 40 mg/5 ml oral solution,PROPRANOLOL,100,ml,Generic,Prescription,Jazeera Pharmaceutical Industries (JPI),Saudi Arabia,Valid,3/30/2023
EZECHOL 10 mg tablet,EZETIMIBE,-,-,Generic,Prescription,SAJA-SAUDI ARABIAN JAPANESE PHARMACEUTICAL CO,Saudi Arabia,Valid,8/29/2022
SETAPRO 20 mg film-coated tablet,ESCITALOPRAM,-,-,Generic,Prescription,Jamjoom Pharmaceuticals Factory Company,Saudi Arabia,Valid,8/1/2022
SETAPRO 10 mg film-coated tablet,ESCITALOPRAM,-,-,Generic,Prescription,Jamjoom Pharmaceuticals Factory Company,Saudi Arabia,Valid,8/1/2022
CIPROGRAM 500 mg film-coated tablet,CIPROFLOXACIN,-,-,Generic,Prescription,(Avalon Pharma) Middle East Pharmaceutical Industries Co. Ltd,Saudi Arabia,Valid,12/6/2023
VERO 100 mg film-coated tablets,SILDENAFIL,-,-,Generic,Prescription,TABUK PHARMACEUTICAL MANUFACTURING CO.,Saudi Arabia,Valid,8/29/2022
EPITAM 250 mg film-coated tablet,LEVETIRACETAM,-,-,Generic,Prescription,Jazeera Pharmaceutical Industries (JPI),Saudi Arabia,Valid,8/29/2022
EPITAM 500 mg film-coated tablet,LEVETIRACETAM,-,-,Generic,Prescription,Jazeera Pharmaceutical Industries (JPI),Saudi Arabia,Valid,8/29/2022
EPITAM 100 mg/ml syrup,LEVETIRACETAM,150,ml,Generic,Prescription,Jazeera Pharmaceutical Industries (JPI),Saudi Arabia,Valid,6/12/2023
MEGAMOX ES 600 mg powder for oral suspension,"AMOXICILLIN,CLAVULANIC ACID",100,ml,Generic,Prescription,Jazeera Pharmaceutical Industries (JPI),Saudi Arabia,Valid,4/16/2024
PROLAX ER 15 mg extended-release capsule,CYCLOBENZAPRINE HYDROCHLORIDE,-,-,Generic,Prescription,TABUK PHARMACEUTICAL MANUFACTURING CO.,Saudi Arabia,Valid,8/29/2022
PROLAX ER 30 mg extended-release capsule,CYCLOBENZAPRINE HYDROCHLORIDE,-,-,Generic,Prescription,TABUK PHARMACEUTICAL MANUFACTURING CO.,Saudi Arabia,Valid,8/29/2022
AMLOR PLUS 5/320 mg film-coated tablet,"VALSARTAN,AMLODIPINE BESILATE",-,-,Generic,Prescription,TABUK PHARMACEUTICAL MANUFACTURING CO.,Saudi Arabia,Suspended,11/19/2022
Avysk Plus 5/160 mg film-coated tablet,"VALSARTAN,AMLODIPINE BESILATE",-,-,Generic,Prescription,Med city,Saudi Arabia,Valid,10/15/2024
AMLOR PLUS 10/320 mg film-coated tablet,"VALSARTAN,AMLODIPINE BESILATE",-,-,Generic,Prescription,TABUK PHARMACEUTICAL MANUFACTURING CO.,Saudi Arabia,Suspended,11/19/2022
Avysk Plus 10/160 mg film-coated tablet,"VALSARTAN,AMLODIPINE BESILATE",-,-,Generic,Prescription,Med city,Saudi Arabia,Valid,10/15/2024
LEVACIN 500 mg film-coated tablet,LEVOFLOXACIN,-,-,Generic,Prescription,DEEF PHARMACEUTICAL INDUSTRIES,Saudi Arabia,Valid,8/21/2024
ARPENIA 15 mg tablet,ARIPIPRAZOLE,-,-,Generic,Prescription,TABUK PHARMACEUTICAL MANUFACTURING CO.,Saudi Arabia,Valid,8/29/2022
ARPENIA 10 mg tablet,ARIPIPRAZOLE,-,-,Generic,Prescription,TABUK PHARMACEUTICAL MANUFACTURING CO.,Saudi Arabia,Valid,8/29/2022
CRESCHOL 5 mg film-coated tablet,ROSUVASTATIN,-,-,Generic,Prescription,Med city,Saudi Arabia,Valid,5/21/2024
CRESCHOL 10 mg film-coated tablet,ROSUVASTATIN,-,-,Generic,Prescription,Med city,Saudi Arabia,Valid,5/21/2024
CRESCHOL 20 mg film-coated tablet,ROSUVASTATIN,-,-,Generic,Prescription,Med city,Saudi Arabia,Valid,5/21/2024
ZEMENTA 10 mg film-coated tablet,MEMANTINE HYDROCHLORIDE,-,-,Generic,Prescription,SPIMACO,Saudi Arabia,Valid,8/29/2022
ZEMENTA 20 mg film-coated tablet,MEMANTINE HYDROCHLORIDE,-,-,Generic,Prescription,SPIMACO,Saudi Arabia,Valid,8/29/2022
GLANDY 30 mg film-coated tablet,CINACALCET,-,-,Generic,Prescription,SPIMACO,Saudi Arabia,Valid,1/9/2025
CALMTROL 1 mg film-coated tablet,RISPERIDONE,-,-,Generic,Prescription,TABUK PHARMACEUTICAL MANUFACTURING CO.,Saudi Arabia,Valid,5/5/2024
CALMTROL 2 mg film-coated tablet,RISPERIDONE,-,-,Generic,Prescription,TABUK PHARMACEUTICAL MANUFACTURING CO.,Saudi Arabia,Valid,5/5/2024
CALMTROL 4 mg film-coated tablet,RISPERIDONE,-,-,Generic,Prescription,TABUK PHARMACEUTICAL MANUFACTURING CO.,Saudi Arabia,Valid,5/5/2024
CEFAJECT 500 mg IV,CEFTRIAXONE,-,-,Generic,Prescription,TABUK PHARMACEUTICAL MANUFACTURING CO.,Saudi Arabia,Valid,8/31/2022
CEFAJECT 1 g IV,CEFTRIAXONE,-,-,Generic,Prescription,TABUK PHARMACEUTICAL MANUFACTURING CO.,Saudi Arabia,Valid,8/31/2022
CEFAJECT 500 mg IM,CEFTRIAXONE,-,-,Generic,Prescription,TABUK PHARMACEUTICAL MANUFACTURING CO.,Saudi Arabia,Valid,11/12/2023
CEFAJECT 1 g IM,CEFTRIAXONE,-,-,Generic,Prescription,TABUK PHARMACEUTICAL MANUFACTURING CO.,Saudi Arabia,Valid,11/12/2023
HEROX 5 mg film-coated tablet,TADALAFIL,-,-,Generic,Prescription,TABUK PHARMACEUTICAL MANUFACTURING CO.,Saudi Arabia,Valid,12/27/2024
HEROX 5 mg film-coated tablet,TADALAFIL,-,-,Generic,Prescription,TABUK PHARMACEUTICAL MANUFACTURING CO.,Saudi Arabia,Valid,12/27/2024
HEROX 20 mg film-coated tablet,TADALAFIL,-,-,Generic,Prescription,TABUK PHARMACEUTICAL MANUFACTURING CO.,Saudi Arabia,Valid,8/15/2023
HEROX 20 mg film-coated tablet,TADALAFIL,-,-,Generic,Prescription,TABUK PHARMACEUTICAL MANUFACTURING CO.,Saudi Arabia,Valid,8/15/2023
VEGA 100 mg film-coated tablet,SILDENAFIL,-,-,Generic,Prescription,SAUDI PHARMACEUTICAL INDUSTRIES,Saudi Arabia,Valid,8/29/2022
LOCASONE M cream,"MICONAZOLE NITRATE,MOMETASONE FUROATE",30,g,Generic,Prescription,DEEF PHARMACEUTICAL INDUSTRIES,Saudi Arabia,Valid,11/7/2024
LOCASONE M cream,"MICONAZOLE NITRATE,MOMETASONE FUROATE",50,g,Generic,Prescription,DEEF PHARMACEUTICAL INDUSTRIES,Saudi Arabia,Valid,11/7/2024
LOCASONE M cream,"MICONAZOLE NITRATE,MOMETASONE FUROATE",100,g,Generic,Prescription,DEEF PHARMACEUTICAL INDUSTRIES,Saudi Arabia,Valid,11/7/2024
EPITAM 750 mg film-coated tablet,LEVETIRACETAM,-,-,Generic,Prescription,Jazeera Pharmaceutical Industries (JPI),Saudi Arabia,Valid,8/29/2022
LOCASONE M cream,"MICONAZOLE NITRATE,MOMETASONE FUROATE",15,g,Generic,Prescription,DEEF PHARMACEUTICAL INDUSTRIES,Saudi Arabia,Valid,8/21/2024
CIPROGRAM 250 mg film-coated tablet,CIPROFLOXACIN,-,-,Generic,Prescription,(Avalon Pharma) Middle East Pharmaceutical Industries Co. Ltd,Saudi Arabia,Valid,12/6/2023
PROF 400 mg ,IBUPROFEN,4,ml,Generic,Prescription,TABUK PHARMACEUTICAL MANUFACTURING CO.,Saudi Arabia,Valid,9/30/2022
IROVEL PLUS 150/12.5 mg film-coated tablet,"IRBESARTAN,HYDROCHLOROTHIAZIDE",-,-,Generic,Prescription,TABUK PHARMACEUTICAL MANUFACTURING CO.,Saudi Arabia,Valid,1/1/2023
IROVEL PLUS 300/12.5 mg film-coated tablet,"IRBESARTAN,HYDROCHLOROTHIAZIDE",-,-,Generic,Prescription,TABUK PHARMACEUTICAL MANUFACTURING CO.,Saudi Arabia,Valid,1/1/2023
IROVEL PLUS 300/25 mg film-coated tablet,"IRBESARTAN,HYDROCHLOROTHIAZIDE",-,-,Generic,Prescription,TABUK PHARMACEUTICAL MANUFACTURING CO.,Saudi Arabia,Valid,1/1/2023
LEVETAM 1000 mg film-coated tablet,LEVETIRACETAM,-,-,Generic,Prescription,SPIMACO,Saudi Arabia,Valid,1/9/2025
CREVAST 5 mg film-coated tablet,ROSUVASTATIN,-,-,Generic,Prescription,SPIMACO,Saudi Arabia,Valid,8/29/2022
CREVAST 10 mg film-coated tablet,ROSUVASTATIN,-,-,Generic,Prescription,SPIMACO,Saudi Arabia,Valid,8/29/2022
CREVAST 20 mg film-coated tablet,ROSUVASTATIN,-,-,Generic,Prescription,SPIMACO,Saudi Arabia,Valid,8/29/2022
CREVAST 40 mg film-coated tablet,ROSUVASTATIN,-,-,Generic,Prescription,SPIMACO,Saudi Arabia,Valid,8/29/2022
0.4% LIDOCAINE HCL AND 5% DEXTROSE IV infusion USP,"DEXTROSE,LIDOCAINE HYDROCHLORIDE",500,ml,Generic,Prescription,Pharmaceutical Solution Industries (PSI),Saudi Arabia,Valid,3/30/2023
CONTRA 15/200 mg softgel capsule,"DEXTROMETHORPHAN,GUAIFENESIN",-,-,Generic,Prescription,Jamjoom Pharmaceuticals Factory Company,Saudi Arabia,Valid,1/23/2024
ZOFRAN 8 mg tablet,ONDANSETRON,-,-,NCE,Prescription,GLAXO SAUDI ARABIA,Saudi Arabia,Valid,5/13/2024
POTASSIUM CHLORIDE in  DEXTROSE and  SODIUM CHLORIDE Injection USP,"DEXTROSE,SODIUM CHLORIDE,POTASSIUM CHLORIDE",1000,ml,Generic,Prescription,Pharmaceutical Solution Industries (PSI),Saudi Arabia,Valid,10/3/2024
POTASSIUM CHLORIDE in DEXTROSE and SODIUM CHLORIDE Injection USP,"DEXTROSE,SODIUM CHLORIDE,POTASSIUM CHLORIDE",1000,ml,Generic,Prescription,Pharmaceutical Solution Industries (PSI),Saudi Arabia,Valid,3/30/2023
POTASSIUM CHLORIDE in DEXTROSE and SODIUM CHLORIDE Injection USP,"DEXTROSE,SODIUM CHLORIDE,POTASSIUM CHLORIDE",500,ml,Generic,Prescription,Pharmaceutical Solution Industries (PSI),Saudi Arabia,Valid,3/30/2023
OZAPIN 5 mg orally disintegrating tablet,OLANZAPINE,-,-,Generic,Prescription,SPIMACO,Saudi Arabia,Valid,10/17/2023
OZAPIN 10 mg orally disintegrating tablet,OLANZAPINE,-,-,Generic,Prescription,SPIMACO,Saudi Arabia,Valid,10/17/2023
TAVFLOX 500 mg film-coated tablet,LEVOFLOXACIN,-,-,Generic,Prescription,(Avalon Pharma) Middle East Pharmaceutical Industries Co. Ltd,Saudi Arabia,Valid,2/19/2023
QUETAL 50 mg XR extended-release tablet,QUETIAPINE,-,-,Generic,Prescription,Jazeera Pharmaceutical Industries (JPI),Saudi Arabia,Valid,2/27/2023
LAVIE ORAL SOLUTION 150 ML,LEVETIRACETAM,150,ml,Generic,Prescription,Jamjoom Pharmaceuticals Factory Company,Saudi Arabia,Valid,12/1/2022
ROZAVI 10 mg film-coated tablet,ROSUVASTATIN,-,-,Generic,Prescription,SAJA-SAUDI ARABIAN JAPANESE PHARMACEUTICAL CO,Saudi Arabia,Valid,10/30/2024
ROZAVI 20 mg film-coated tablet,ROSUVASTATIN,-,-,Generic,Prescription,SAJA-SAUDI ARABIAN JAPANESE PHARMACEUTICAL CO,Saudi Arabia,Valid,10/30/2024
TIMOLOL 0.5% OPHTHALMIC SOLUTION,TIMOLOL MALEATE,0.3,ml,Generic,Prescription,Pharmaceutical Solution Industries (PSI),Saudi Arabia,Valid,2/20/2024
EFRAM XR 500 mg TABLET,LEVETIRACETAM,-,-,Generic,Prescription,DAMMAM PHARMA,Saudi Arabia,Valid,8/29/2022
EFRAM XR 750 mg TABLET,LEVETIRACETAM,-,-,Generic,Prescription,DAMMAM PHARMA,Saudi Arabia,Valid,8/29/2022
LEVETAM XR 500 mg TABLET,LEVETIRACETAM,-,-,Generic,Prescription,SPIMACO,Saudi Arabia,Valid,8/13/2023
0.18% SODIUM CHLORIDE and 5% DEXTROSE intravenous infusion,"DEXTROSE,SODIUM CHLORIDE",250,ml,Generic,Prescription,Pharmaceutical Solution Industries (PSI),Saudi Arabia,Valid,10/14/2024
VULGA 80 mg XR film-coated tablet,MINOCYCLINE,-,-,Generic,Prescription,Jazeera Pharmaceutical Industries (JPI),Saudi Arabia,Valid,4/5/2023
VULGA 105 mg XR film-coated tablet,MINOCYCLINE,-,-,Generic,Prescription,Jazeera Pharmaceutical Industries (JPI),Saudi Arabia,Valid,4/5/2023
BENZAFLEX 5 mg Film-Coated Tablets,CYCLOBENZAPRINE HYDROCHLORIDE,-,-,Generic,Prescription,SPIMACO,Saudi Arabia,Valid,2/28/2023
BENZAFLEX 10 mg Film-Coated Tablets,CYCLOBENZAPRINE HYDROCHLORIDE,-,-,Generic,Prescription,SPIMACO,Saudi Arabia,Valid,1/16/2023
VULGA 55 mg XR film-coated tablet,MINOCYCLINE,-,-,Generic,Prescription,Jazeera Pharmaceutical Industries (JPI),Saudi Arabia,Valid,4/5/2023
LEUKAST 4 mg chewable tablet,MONTELUKAST SODIUM,-,-,Generic,Prescription,Jazeera Pharmaceutical Industries (JPI),Saudi Arabia,Valid,8/29/2022
LEUKAST 5 mg chewable tablet,MONTELUKAST SODIUM,-,-,Generic,Prescription,Jazeera Pharmaceutical Industries (JPI),Saudi Arabia,Valid,8/29/2022
LOTEVAN PLUS 5MG/160MG/12.5MG FILM COATED TABLET,"VALSARTAN,HYDROCHLOROTHIAZIDE,AMLODIPINE BESILATE",-,-,Generic,Prescription,TABUK PHARMACEUTICAL MANUFACTURING CO.,Saudi Arabia,Valid,11/26/2024
LOTEVAN PLUS 5MG/160MG/25MG FILM COATED TABLET,"VALSARTAN,HYDROCHLOROTHIAZIDE,AMLODIPINE BESILATE",-,-,Generic,Prescription,TABUK PHARMACEUTICAL MANUFACTURING CO.,Saudi Arabia,Valid,11/26/2024
LOTEVAN PLUS10MG/160MG/12.5MG FILM COATED TABLET,"VALSARTAN,HYDROCHLOROTHIAZIDE,AMLODIPINE BESILATE",-,-,Generic,Prescription,TABUK PHARMACEUTICAL MANUFACTURING CO.,Saudi Arabia,Valid,11/26/2024
LOTEVAN PLUS 10MG/160MG/25MG FILM COATED TABLET,"VALSARTAN,HYDROCHLOROTHIAZIDE,AMLODIPINE BESILATE",-,-,Generic,Prescription,TABUK PHARMACEUTICAL MANUFACTURING CO.,Saudi Arabia,Valid,11/26/2024
LOTEVAN PLUS 10MG/320MG/25MG FILM COATED TABLET,"VALSARTAN,HYDROCHLOROTHIAZIDE,AMLODIPINE BESILATE",-,-,Generic,Prescription,TABUK PHARMACEUTICAL MANUFACTURING CO.,Saudi Arabia,Valid,11/26/2024
AGRIPLAT 12.5 MG SOLUTION FOR INFUSION,TIROFIBAN,50,ml,Generic,Prescription,TABUK PHARMACEUTICAL MANUFACTURING CO.,Saudi Arabia,Valid,3/30/2023
LEVERA 60 mg film-coated tablet,DACLATASVIR,-,-,Generic,Prescription,SPIMACO,Saudi Arabia,Valid,6/12/2023
OCUDINE 0.15% EYE DROPS SOLUTION,BRIMONIDINE TARTRATE,0.3,ml,Generic,Prescription,Pharmaceutical Solution Industries (PSI),Saudi Arabia,Valid,2/20/2024
CLOVAINE 10% w/wgel,BENZOCAINE,20,g,NCE,Prescription,DEEF PHARMACEUTICAL INDUSTRIES,Saudi Arabia,Valid,10/16/2024
TENORYL 5 MG film-coated tablet,PERINDOPRIL ARGININE,-,-,Generic,Prescription,TABUK PHARMACEUTICAL MANUFACTURING CO.,Saudi Arabia,Valid,1/21/2025
TENORYL 10 MG film-coated tablet,PERINDOPRIL ARGININE,-,-,Generic,Prescription,TABUK PHARMACEUTICAL MANUFACTURING CO.,Saudi Arabia,Valid,1/21/2025
ZOFRAN 4 mg tablet,ONDANSETRON,-,-,NCE,Prescription,GLAXO SAUDI ARABIA,Saudi Arabia,Valid,5/13/2024
GLUCARE 1000 mg XR Tablet,METFORMIN HYDROCHLORIDE,-,-,Generic,Prescription,Jazeera Pharmaceutical Industries (JPI),Saudi Arabia,Valid,3/30/2023
LEVONIC 250 mg film-coated tablet,LEVOFLOXACIN,-,-,Generic,Prescription,Jazeera Pharmaceutical Industries (JPI),Saudi Arabia,Valid,3/30/2023
LEVON 500 mg film-coated tablet,LEVOFLOXACIN,-,-,Generic,Prescription,DAMMAM PHARMA,Saudi Arabia,Valid,8/29/2022
LEVON 750 mg film-coated tablet,LEVOFLOXACIN,-,-,Generic,Prescription,DAMMAM PHARMA,Saudi Arabia,Valid,8/29/2022
OLENZA 5 mg orally disintegrating tablet,OLANZAPINE,-,-,Generic,Prescription,SPIMACO,Saudi Arabia,Valid,1/9/2025
OLENZA 10 mg orally disintegrating tablet,OLANZAPINE,-,-,Generic,Prescription,SPIMACO,Saudi Arabia,Valid,1/9/2025
OLENZA 15 mg orally disintegrating tablet,OLANZAPINE,-,-,Generic,Prescription,SPIMACO,Saudi Arabia,Valid,1/9/2025
LEVONIC 750 mg film-coated tablet,LEVOFLOXACIN,-,-,Generic,Prescription,Jazeera Pharmaceutical Industries (JPI),Saudi Arabia,Valid,7/8/2025
0.3% POTASSIUM CHLORIDE in 5% DEXTROSE Injection USP,"DEXTROSE,POTASSIUM CHLORIDE",500,ml,Generic,Prescription,Pharmaceutical Solution Industries (PSI),Saudi Arabia,Valid,10/26/2022
0.3% POTASSIUM CHLORIDE in 0.9% SODIUM CHLORIDE USP,"SODIUM CHLORIDE,POTASSIUM CHLORIDE",100,ml,Generic,Prescription,Pharmaceutical Solution Industries (PSI),Saudi Arabia,Valid,10/25/2022
0.3% POTASSIUM CHLORIDE in 0.9% SODIUM CHLORIDE USP,"SODIUM CHLORIDE,POTASSIUM CHLORIDE",500,ml,Generic,Prescription,Pharmaceutical Solution Industries (PSI),Saudi Arabia,Valid,3/30/2023
0.075% POTASSIUM CHLORIDE in 0.9% SODIUM CHLORIDE Injection USP,"SODIUM CHLORIDE,POTASSIUM CHLORIDE",100,ml,Generic,Prescription,Pharmaceutical Solution Industries (PSI),Saudi Arabia,Valid,10/25/2022
0.075% POTASSIUM CHLORIDE in 0.9% SODIUM CHLORIDE Injection USP,"SODIUM CHLORIDE,POTASSIUM CHLORIDE",500,ml,Generic,Prescription,Pharmaceutical Solution Industries (PSI),Saudi Arabia,Valid,10/25/2022
0.22% POTASSIUM CHLORIDE in 0.9% SODIUM CHLORIDE Injection USP,"SODIUM CHLORIDE,POTASSIUM CHLORIDE",100,ml,Generic,Prescription,Pharmaceutical Solution Industries (PSI),Saudi Arabia,Valid,10/25/2022
0.22% POTASSIUM CHLORIDE in 0.9% SODIUM CHLORIDE Injection USP,"SODIUM CHLORIDE,POTASSIUM CHLORIDE",500,ml,Generic,Prescription,Pharmaceutical Solution Industries (PSI),Saudi Arabia,Valid,10/25/2022
0.15% POTASSIUM CHLORIDE in 0.9% SODIUM CHLORIDE Injection USP,"SODIUM CHLORIDE,POTASSIUM CHLORIDE",250,ml,Generic,Prescription,Pharmaceutical Solution Industries (PSI),Saudi Arabia,Valid,10/25/2022
0.15% POTASSIUM CHLORIDE in 0.9% SODIUM CHLORIDE Injection USP,"SODIUM CHLORIDE,POTASSIUM CHLORIDE",500,ml,Generic,Prescription,Pharmaceutical Solution Industries (PSI),Saudi Arabia,Valid,3/30/2023
0.075% POTASSIUM CHLORIDE in 5% DEXTROSE and 0.45% SODIUM CHLORIDE Injection USP,"DEXTROSE,SODIUM CHLORIDE,POTASSIUM CHLORIDE",500,ml,Generic,Prescription,Pharmaceutical Solution Industries (PSI),Saudi Arabia,Valid,10/26/2022
ZOLEDRON 4 mg per 5 ml,ZOLEDRONIC ACID,5,ml,Generic,Prescription,Pharmaceutical Solution Industries (PSI),Saudi Arabia,Valid,6/12/2023
ARPENIA 15 mg ORODISPERSIBLE TABLET,ARIPIPRAZOLE,-,-,Generic,Prescription,TABUK PHARMACEUTICAL MANUFACTURING CO.,Saudi Arabia,Valid,8/6/2023
PREGA 50 MG CAPSULE,PREGABALIN,-,-,Generic,Prescription,DEEF PHARMACEUTICAL INDUSTRIES,Saudi Arabia,Valid,8/21/2024
PREGA 75 MG CAPSULE,PREGABALIN,-,-,Generic,Prescription,DEEF PHARMACEUTICAL INDUSTRIES,Saudi Arabia,Valid,10/16/2024
PREGA 75 MG CAPSULE,PREGABALIN,-,-,Generic,Prescription,DEEF PHARMACEUTICAL INDUSTRIES,Saudi Arabia,Valid,8/21/2024
PREGA 150 MG CAPSULE,PREGABALIN,-,-,Generic,Prescription,DEEF PHARMACEUTICAL INDUSTRIES,Saudi Arabia,Valid,8/21/2024
PREGA 150 MG CAPSULE,PREGABALIN,-,-,Generic,Prescription,DEEF PHARMACEUTICAL INDUSTRIES,Saudi Arabia,Valid,8/21/2024
PREGA 300 MG CAPSULE,PREGABALIN,-,-,Generic,Prescription,DEEF PHARMACEUTICAL INDUSTRIES,Saudi Arabia,Valid,8/21/2024
PREGA 300 MG CAPSULE,PREGABALIN,-,-,Generic,Prescription,DEEF PHARMACEUTICAL INDUSTRIES,Saudi Arabia,Valid,8/21/2024
ESSERA 50 mg film-coated tablet,SILDENAFIL,-,-,Generic,Prescription,DAMMAM PHARMA,Saudi Arabia,Valid,8/29/2022
ESSERA 100 mg film-coated tablet,SILDENAFIL,-,-,Generic,Prescription,DAMMAM PHARMA,Saudi Arabia,Valid,8/29/2022
LOCASONE S OINTMENT,"SALICYLIC ACID,MOMETASONE FUROATE",15,g,Generic,Prescription,DEEF PHARMACEUTICAL INDUSTRIES,Saudi Arabia,Valid,8/21/2024
LOCASONE S OINTMENT,"SALICYLIC ACID,MOMETASONE FUROATE",50,g,Generic,Prescription,DEEF PHARMACEUTICAL INDUSTRIES,Saudi Arabia,Valid,8/21/2024
LOCASONE S OINTMENT,"SALICYLIC ACID,MOMETASONE FUROATE",100,g,Generic,Prescription,DEEF PHARMACEUTICAL INDUSTRIES,Saudi Arabia,Valid,8/21/2024
LAMIRA 25 mg TABLET,LAMOTRIGINE,-,-,Generic,Prescription,SPIMACO,Saudi Arabia,Valid,8/15/2023
LAMIRA 50 mg TABLET,LAMOTRIGINE,-,-,Generic,Prescription,SPIMACO,Saudi Arabia,Valid,8/15/2023
LAMIRA 100 mg TABLET,LAMOTRIGINE,-,-,Generic,Prescription,SPIMACO,Saudi Arabia,Valid,3/30/2023
LOCASONE S OINTMENT,"SALICYLIC ACID,MOMETASONE FUROATE",30,g,Generic,Prescription,DEEF PHARMACEUTICAL INDUSTRIES,Saudi Arabia,Valid,10/16/2024
ARPENIA 10 mg ORODISPERSIBLE TABLET,ARIPIPRAZOLE,-,-,Generic,Prescription,TABUK PHARMACEUTICAL MANUFACTURING CO.,Saudi Arabia,Valid,11/26/2024
LEVOZIN 5 mg film-coated tablet,LEVOCETIRIZINE DIHYDROCHLORIDE,-,-,Generic,OTC,SAJA-SAUDI ARABIAN JAPANESE PHARMACEUTICAL CO,Saudi Arabia,Valid,8/1/2022
RIDON 1 MG/ML ORAL SOLUTION,RISPERIDONE,100,ml,Generic,Prescription,TABUK PHARMACEUTICAL MANUFACTURING CO.,Saudi Arabia,Valid,1/23/2024
MOXICAN 400 mg film-coated tablet,MOXIFLOXACIN HYDROCHLORIDE,-,-,Generic,Prescription,SAJA-SAUDI ARABIAN JAPANESE PHARMACEUTICAL CO,Saudi Arabia,Valid,10/30/2024
DANOVAR,"TENOFOVIR DISOPROXIL,EMTRICITABINE",-,-,Generic,Prescription,TABUK PHARMACEUTICAL MANUFACTURING CO.,Saudi Arabia,Valid,2/28/2023
ADAZIO 25 mg film-coated tablet,QUETIAPINE,-,-,Generic,Prescription,RIYADH PHARMA,Saudi Arabia,Valid,8/29/2022
ADAZIO 100 mg film-coated tablet,QUETIAPINE,-,-,Generic,Prescription,RIYADH PHARMA,Saudi Arabia,Valid,8/29/2022
ADAZIO 200 mg film-coated tablet,QUETIAPINE,-,-,Generic,Prescription,RIYADH PHARMA,Saudi Arabia,Valid,8/29/2022
ADAZIO 300 mg film-coated tablet,QUETIAPINE,-,-,Generic,Prescription,RIYADH PHARMA,Saudi Arabia,Valid,8/29/2022
BRONCHOFAST 10 mg film-coated tablet,MONTELUKAST SODIUM,-,-,Generic,Prescription,RIYADH PHARMA,Saudi Arabia,Valid,8/29/2022
SORTIVA H 100/12.5 mg film-coated tablet,"LOSARTAN POTASSIUM,HYDROCHLOROTHIAZIDE",-,-,Generic,Prescription,SPIMACO,Saudi Arabia,Valid,5/8/2024
FERINJECT,FERRIC CARBOXYMALTOSE,10,ml,NCE,Prescription,SPIMACO,Saudi Arabia,Valid,5/8/2025
FERINJECT,FERRIC CARBOXYMALTOSE,10,ml,NCE,Prescription,SPIMACO,Saudi Arabia,Valid,5/8/2025
SODIUM CHLORIDE 0.45% INFUSION,SODIUM CHLORIDE,250,ml,Generic,Prescription,Pharmaceutical Solution Industries (PSI),Saudi Arabia,Valid,8/29/2022
SODIUM CHLORIDE 0.45% INFUSION,SODIUM CHLORIDE,500,ml,Generic,Prescription,Pharmaceutical Solution Industries (PSI),Saudi Arabia,Valid,3/30/2023
AVOQUIN cream,HYDROQUINONE,50,ml,Generic,OTC,(Avalon Pharma) Middle East Pharmaceutical Industries Co. Ltd,Saudi Arabia,Valid,6/19/2025
BLOCAL 5 mg capsule,AMLODIPINE BESILATE,-,-,Generic,Prescription,DEEF PHARMACEUTICAL INDUSTRIES,Saudi Arabia,Valid,7/28/2025
DEMENT 10 mg film-coated tablet,MEMANTINE HYDROCHLORIDE,-,-,Generic,Prescription,Jazeera Pharmaceutical Industries (JPI),Saudi Arabia,Valid,8/29/2022
BRONCHOVENT 5mg/ml nebuliser solution,SALBUTAMOL,20,ml,Generic,Prescription,Pharmaceutical Solution Industries (PSI),Saudi Arabia,Valid,5/21/2023
NATURAL E 400 softgel capsule,ALPHA TOCOFERIL,-,-,Generic,OTC,Jamjoom Pharmaceuticals Factory Company,Saudi Arabia,Valid,11/6/2023
IROVEL 150 mg film-coated tablet,IRBESARTAN,-,-,Generic,Prescription,TABUK PHARMACEUTICAL MANUFACTURING CO.,Saudi Arabia,Valid,2/28/2023
IROVEL 300 mg film-coated tablet,IRBESARTAN,-,-,Generic,Prescription,TABUK PHARMACEUTICAL MANUFACTURING CO.,Saudi Arabia,Valid,11/7/2022
VIOTOPIC 0.03% ointment,TACROLIMUS,30,g,Generic,Prescription,Jazeera Pharmaceutical Industries (JPI),Saudi Arabia,Valid,3/30/2023
VIOTOPIC 0.1% ointment,TACROLIMUS,30,g,Generic,Prescription,Jazeera Pharmaceutical Industries (JPI),Saudi Arabia,Valid,3/30/2023
BALANCED ELECTROLYTES pH 7.4 solution for infusion,BALANCED ELECTROLYTES,500,ml,Generic,Prescription,Pharmaceutical Solution Industries (PSI),Saudi Arabia,Valid,8/31/2022
BALANCED ELECTROLYTES pH 7.4 solution for infusion,BALANCED ELECTROLYTES,250,ml,Generic,Prescription,Pharmaceutical Solution Industries (PSI),Saudi Arabia,Valid,8/31/2022
BALANCED ELECTROLYTES pH 7.4 solution for infusion,BALANCED ELECTROLYTES,500,ml,Generic,Prescription,Pharmaceutical Solution Industries (PSI),Saudi Arabia,Valid,8/31/2022
BRONCAST 10 mg film-coated tablet,MONTELUKAST SODIUM,-,-,Generic,Prescription,(Avalon Pharma) Middle East Pharmaceutical Industries Co. Ltd,Saudi Arabia,Valid,2/19/2025
BRONCAST 5 mg chewable tablet,MONTELUKAST SODIUM,-,-,Generic,Prescription,(Avalon Pharma) Middle East Pharmaceutical Industries Co. Ltd,Saudi Arabia,Valid,6/19/2025
BROFIX 0.09% eye drops solution,BROMFENAC SODIUM,5,ml,Generic,Prescription,Jamjoom Pharmaceuticals Factory Company,Saudi Arabia,Valid,11/7/2022
DEFIROX 250 mg dispersible tablet,DEFERASIROX,-,-,Generic,Prescription,Jazeera Pharmaceutical Industries (JPI),Saudi Arabia,Valid,8/29/2022
DEFIROX 500 mg dispersible tablet,DEFERASIROX,-,-,Generic,Prescription,Jazeera Pharmaceutical Industries (JPI),Saudi Arabia,Valid,8/29/2022
MOXIVE 400 mg film-coated tablet,MOXIFLOXACIN HYDROCHLORIDE,-,-,Generic,Prescription,SPIMACO,Saudi Arabia,Valid,12/20/2022
MOXIVE 400 mg film-coated tablet,MOXIFLOXACIN HYDROCHLORIDE,-,-,Generic,Prescription,SPIMACO,Saudi Arabia,Valid,12/20/2022
DEFIROX 125 mg dispersible tablet,DEFERASIROX,-,-,Generic,Prescription,Jazeera Pharmaceutical Industries (JPI),Saudi Arabia,Valid,8/29/2022
Elong 30 mg film-coated tablet,DAPOXETINE,-,-,Generic,Prescription,DAMMAM PHARMA,Saudi Arabia,Valid,8/29/2022
Elong 60 mg film-coated tablet,DAPOXETINE,-,-,Generic,Prescription,DAMMAM PHARMA,Saudi Arabia,Valid,8/29/2022
TABIXA 20 mg film-coated tablet,MEMANTINE HYDROCHLORIDE,-,-,Generic,Prescription,TABUK PHARMACEUTICAL MANUFACTURING CO.,Saudi Arabia,Valid,8/29/2022
HALURAN inhalation solution,SEVOFLURANE,250,ml,Generic,Prescription,TABUK PHARMACEUTICAL MANUFACTURING CO.,Saudi Arabia,Valid,8/29/2022
LORETA 5mg film-coated tablet,DESLORATADINE,-,-,Generic,OTC,DAMMAM PHARMA,Saudi Arabia,Valid,8/29/2022
LORA FM 10 mg tablet,LORATADINE,-,-,Generic,OTC,DAMMAM PHARMA,Saudi Arabia,Valid,8/1/2022
NORMALIX SR 1.5 mg modified-release tablet,INDAPAMIDE,-,-,Generic,Prescription,Jazeera Pharmaceutical Industries (JPI),Saudi Arabia,Valid,8/29/2022
BALANCED ELECTROLYTES pH 7.4 solution for infusion,BALANCED ELECTROLYTES,1000,ml,Generic,Prescription,Pharmaceutical Solution Industries (PSI),Saudi Arabia,Valid,8/31/2022
PANTOL 40 mg enteric-coated tablet,PANTOPRAZOLE,-,-,Generic,Prescription,SPIMACO,Saudi Arabia,Valid,7/21/2025
ALERSON 0.1 % Cream,MOMETASONE FUROATE,30,g,Generic,Prescription,Jazeera Pharmaceutical Industries (JPI),Saudi Arabia,Valid,2/16/2023
ALERSON 0.1 % Ointment,MOMETASONE FUROATE,30,g,Generic,Prescription,Jazeera Pharmaceutical Industries (JPI),Saudi Arabia,Valid,2/16/2023
HEPAVIR 0.5 mg film-coated tablet,ENTECAVIR,-,-,Generic,Prescription,SPIMACO,Saudi Arabia,Valid,8/29/2022
HEPAVIR 1 mg film-coated tablet,ENTECAVIR,-,-,Generic,Prescription,SPIMACO,Saudi Arabia,Valid,8/29/2022
EVITAR 0.1% gel,TAZAROTENE,15,g,Generic,Prescription,DEEF PHARMACEUTICAL INDUSTRIES,Saudi Arabia,Valid,8/29/2022
EVITAR 0.1% gel,TAZAROTENE,30,g,Generic,Prescription,DEEF PHARMACEUTICAL INDUSTRIES,Saudi Arabia,Valid,8/29/2022
EVITAR 0.1% gel,TAZAROTENE,50,g,Generic,Prescription,DEEF PHARMACEUTICAL INDUSTRIES,Saudi Arabia,Valid,8/29/2022
EVITAR 0.1% gel,TAZAROTENE,60,g,Generic,Prescription,DEEF PHARMACEUTICAL INDUSTRIES,Saudi Arabia,Valid,8/1/2022
PEMAR 10 mg prolonged-release tablet,DALFAMPRIDINE,-,-,Generic,Prescription,TABUK PHARMACEUTICAL MANUFACTURING CO.,Saudi Arabia,Valid,9/30/2022
PANTOL 20 mg enteric-coated tablet,PANTOPRAZOLE,-,-,Generic,Prescription,SPIMACO,Saudi Arabia,Valid,7/21/2025
ATROSOL 250 mcg/ml nebuliser solution,IPRATROPIUM BROMIDE,-,-,Generic,Prescription,Pharmaceutical Solution Industries (PSI),Saudi Arabia,Valid,7/31/2023
PANTOL 40 mg enteric-coated tablet,PANTOPRAZOLE,-,-,Generic,Prescription,SPIMACO,Saudi Arabia,Valid,6/20/2023
AZAR 50 mg film-coated tablet,LOSARTAN POTASSIUM,-,-,Generic,Prescription,SPIMACO,Saudi Arabia,Valid,10/3/2023
AZAR 100 mg film-coated tablet,LOSARTAN POTASSIUM,-,-,Generic,Prescription,SPIMACO,Saudi Arabia,Valid,10/3/2023
AZAR-D 50/12.5 mg film-coated tablet,"LOSARTAN POTASSIUM,HYDROCHLOROTHIAZIDE",-,-,Generic,Prescription,SPIMACO,Saudi Arabia,Valid,5/8/2024
AZAR-D 100/25 mg film-coated tablet,"LOSARTAN POTASSIUM,HYDROCHLOROTHIAZIDE",-,-,Generic,Prescription,SPIMACO,Saudi Arabia,Valid,5/8/2024
LD-NOR 10 mg film-coated tablet,ATORVASTATIN CALCIUM,-,-,Generic,Prescription,SPIMACO,Saudi Arabia,Valid,9/4/2023
LD-NOR 20 mg film-coated tablet,ATORVASTATIN CALCIUM,-,-,Generic,Prescription,SPIMACO,Saudi Arabia,Valid,9/4/2023
LD-NOR 40 mg film-coated tablet,ATORVASTATIN CALCIUM,-,-,Generic,Prescription,SPIMACO,Saudi Arabia,Valid,9/4/2023
HEPATAB 0.5 mg film-coated tablet,ENTECAVIR,-,-,Generic,Prescription,TABUK PHARMACEUTICAL MANUFACTURING CO.,Saudi Arabia,Valid,8/29/2022
HEPATAB 1 mg film-coated tablet,ENTECAVIR,-,-,Generic,Prescription,TABUK PHARMACEUTICAL MANUFACTURING CO.,Saudi Arabia,Valid,8/29/2022
CLOGREL 75 mg film-coated tablet,CLOPIDOGREL,-,-,Generic,Prescription,AJA PHARMACEUTICAL INDUSTRIES,Saudi Arabia,Valid,8/29/2022
QUETAL XR 200 mg film-coated tablet,QUETIAPINE,-,-,Generic,Prescription,Jazeera Pharmaceutical Industries (JPI),Saudi Arabia,Valid,2/27/2023
QUETAL XR 150 mg film-coated tablet,QUETIAPINE,-,-,Generic,Prescription,Jazeera Pharmaceutical Industries (JPI),Saudi Arabia,Valid,2/27/2023
QUETAL XR 300 mg film-coated tablet,QUETIAPINE,-,-,Generic,Prescription,Jazeera Pharmaceutical Industries (JPI),Saudi Arabia,Valid,2/27/2023
BALANCED ELECTROLYTES pH 5.5 solution for infusion,BALANCED ELECTROLYTES,500,ml,Generic,Prescription,Pharmaceutical Solution Industries (PSI),Saudi Arabia,Valid,8/31/2022
BALANCED ELECTROLYTES pH 5.5 solution for infusion,BALANCED ELECTROLYTES,500,ml,Generic,Prescription,Pharmaceutical Solution Industries (PSI),Saudi Arabia,Valid,8/31/2022
VALES 500 mg film-coated tablet,LEVETIRACETAM,-,-,Generic,Prescription,TABUK PHARMACEUTICAL MANUFACTURING CO.,Saudi Arabia,Valid,11/7/2024
VALES 500 mg film-coated tablet,LEVETIRACETAM,-,-,Generic,Prescription,TABUK PHARMACEUTICAL MANUFACTURING CO.,Saudi Arabia,Valid,11/7/2024
IMATOX 4 mg/2 ml solution for injection/infusion,ONDANSETRON,2,ml,Generic,Prescription,TABUK PHARMACEUTICAL MANUFACTURING CO.,Saudi Arabia,Valid,8/29/2022
IMATOX 4 mg/2 ml solution for injection/infusion,ONDANSETRON,4,ml,Generic,Prescription,TABUK PHARMACEUTICAL MANUFACTURING CO.,Saudi Arabia,Valid,8/29/2022
VALES 250 mg film-coated tablet,LEVETIRACETAM,-,-,Generic,Prescription,TABUK PHARMACEUTICAL MANUFACTURING CO.,Saudi Arabia,Valid,11/7/2024
VALES 1000 mg film-coated tablet,LEVETIRACETAM,-,-,Generic,Prescription,TABUK PHARMACEUTICAL MANUFACTURING CO.,Saudi Arabia,Valid,11/7/2024
LAVOXIN 500 mg solution for infusion,LEVOFLOXACIN,100,ml,Generic,Prescription,TABUK PHARMACEUTICAL MANUFACTURING CO.,Saudi Arabia,Valid,8/31/2022
PARACETOL 10 mg/ml intravenous infusion,PARACETAMOL,100,ml,Generic,Prescription,Pharmaceutical Solution Industries (PSI),Saudi Arabia,Valid,7/31/2023
VIRECTA 50 mg film-coated tablet,SILDENAFIL,-,-,Generic,Prescription,(Avalon Pharma) Middle East Pharmaceutical Industries Co. Ltd,Saudi Arabia,Valid,11/28/2023
OCUFENAC 1 mg/ml ophthalmic solution,DICLOFENAC SODIUM,0.3,ml,Generic,Prescription,Pharmaceutical Solution Industries (PSI),Saudi Arabia,Valid,2/20/2024
10% DEXTROSE in 0.45% SODIUM CHLORIDE intravenous infusion,"DEXTROSE,SODIUM CHLORIDE",250,ml,Generic,Prescription,Pharmaceutical Solution Industries (PSI),Saudi Arabia,Valid,10/14/2024
ARIPEX 10 mg tablet,ARIPIPRAZOLE,-,-,Generic,Prescription,DAMMAM PHARMA,Saudi Arabia,Valid,8/29/2022
ARIPEX 5 mg tablet,ARIPIPRAZOLE,-,-,Generic,Prescription,DAMMAM PHARMA,Saudi Arabia,Valid,8/29/2022
ARIPEX 15 mg tablet,ARIPIPRAZOLE,-,-,Generic,Prescription,DAMMAM PHARMA,Saudi Arabia,Valid,8/29/2022
FUSIBACT 2% ointment,FUSIDIC ACID,30,g,Generic,Prescription,Jamjoom Pharmaceuticals Factory Company,Saudi Arabia,Valid,11/5/2023
OLOPAT 0.1 % ophthalmic solution  - unit dose,OLOPATADINE,0.4,ml,Generic,Prescription,Jamjoom Pharmaceuticals Factory Company,Saudi Arabia,Valid,9/26/2024
VAROXA 10 mg film-coated tablet,RIVAROXABAN,-,-,Generic,Prescription,TABUK PHARMACEUTICAL MANUFACTURING CO.,Saudi Arabia,Valid,10/16/2024
VAROXA 15 mg film-coated tablet,RIVAROXABAN,-,-,Generic,Prescription,TABUK PHARMACEUTICAL MANUFACTURING CO.,Saudi Arabia,Valid,8/29/2022
VAROXA 20 mg film-coated tablet,RIVAROXABAN,-,-,Generic,Prescription,TABUK PHARMACEUTICAL MANUFACTURING CO.,Saudi Arabia,Valid,8/29/2022
TABIFLEX 75 mg solution for injection/infusion ,DICLOFENAC SODIUM,3,ml,Generic,Prescription,TABUK PHARMACEUTICAL MANUFACTURING CO.,Saudi Arabia,Valid,8/17/2023
GLUCARE XR 500 mg tablet,METFORMIN HYDROCHLORIDE,-,-,Generic,Prescription,Jazeera Pharmaceutical Industries (JPI),Saudi Arabia,Valid,3/20/2023
GLUCARE XR 500 mg tablet,METFORMIN HYDROCHLORIDE,-,-,Generic,Prescription,Jazeera Pharmaceutical Industries (JPI),Saudi Arabia,Valid,3/20/2023
GLUCARE XR 500 mg tablet,METFORMIN HYDROCHLORIDE,-,-,Generic,Prescription,Jazeera Pharmaceutical Industries (JPI),Saudi Arabia,Valid,3/20/2023
GLUCARE XR 750 mg tablet,METFORMIN HYDROCHLORIDE,-,-,Generic,Prescription,Jazeera Pharmaceutical Industries (JPI),Saudi Arabia,Valid,3/20/2023
GLUCARE XR 750 mg tablet,METFORMIN HYDROCHLORIDE,-,-,Generic,Prescription,Jazeera Pharmaceutical Industries (JPI),Saudi Arabia,Valid,3/20/2023
ZOLINDA 10 mg tablet,ARIPIPRAZOLE,-,-,Generic,Prescription,SPIMACO,Saudi Arabia,Valid,5/24/2023
ZOLINDA 5 mg tablet,ARIPIPRAZOLE,-,-,Generic,Prescription,SPIMACO,Saudi Arabia,Valid,5/24/2023
ZOLINDA 15 mg tablet,ARIPIPRAZOLE,-,-,Generic,Prescription,SPIMACO,Saudi Arabia,Valid,5/24/2023
STERILE WATER for injection,WATER,10,ml,Generic,Prescription,TABUK PHARMACEUTICAL MANUFACTURING CO.,Saudi Arabia,Valid,3/30/2023
BALANCED ELECTROLYTES pH 5.5 solution for infusion,BALANCED ELECTROLYTES,1000,ml,Generic,Prescription,Pharmaceutical Solution Industries (PSI),Saudi Arabia,Valid,8/31/2022
BALANCED ELECTROLYTES pH 5 and 5% dextrose solution for infusion,"DEXTROSE,SODIUM CHLORIDE,SODIUM GLUCONATE,SODIUM ACETATE,POTASSIUM CHLORIDE,MAGNESIUM CHLORIDE",250,ml,Generic,Prescription,Pharmaceutical Solution Industries (PSI),Saudi Arabia,Valid,11/18/2022
BALANCED ELECTROLYTES pH 5 and 5% dextrose solution for infusion,"DEXTROSE,SODIUM CHLORIDE,SODIUM GLUCONATE,SODIUM ACETATE,POTASSIUM CHLORIDE,MAGNESIUM CHLORIDE",500,ml,Generic,Prescription,Pharmaceutical Solution Industries (PSI),Saudi Arabia,Valid,11/18/2022
BALANCED ELECTROLYTES pH 5 and 5% dextrose solution for infusion,"DEXTROSE,SODIUM CHLORIDE,SODIUM GLUCONATE,SODIUM ACETATE,POTASSIUM CHLORIDE,MAGNESIUM CHLORIDE",1000,ml,Generic,Prescription,Pharmaceutical Solution Industries (PSI),Saudi Arabia,Valid,11/18/2022
BALANCED ELECTROLYTES pH 5 and 5% dextrose solution for infusion,"DEXTROSE,SODIUM CHLORIDE,SODIUM GLUCONATE,SODIUM ACETATE,POTASSIUM CHLORIDE,MAGNESIUM CHLORIDE",500,ml,Generic,Prescription,Pharmaceutical Solution Industries (PSI),Saudi Arabia,Valid,11/18/2022
MULTILYTE pH 5.5 solution for infusion,"MAGNESIUM ACETATE,POTASSIUM ACETATE,SODIUM CHLORIDE",500,ml,Generic,Prescription,Pharmaceutical Solution Industries (PSI),Saudi Arabia,Valid,11/30/2022
MULTILYTE pH 5.5 solution for infusion,"MAGNESIUM ACETATE,POTASSIUM ACETATE,SODIUM CHLORIDE",250,ml,Generic,Prescription,Pharmaceutical Solution Industries (PSI),Saudi Arabia,Valid,11/30/2022
MULTILYTE pH 5.5 solution for infusion,"MAGNESIUM ACETATE,POTASSIUM ACETATE,SODIUM CHLORIDE",500,ml,Generic,Prescription,Pharmaceutical Solution Industries (PSI),Saudi Arabia,Valid,11/30/2022
MULTILYTE pH 5.5 solution for infusion,"MAGNESIUM ACETATE,POTASSIUM ACETATE,SODIUM CHLORIDE",1000,ml,Generic,Prescription,Pharmaceutical Solution Industries (PSI),Saudi Arabia,Valid,11/30/2022
STERILE WATER for injection,WATER,5,ml,Generic,Prescription,TABUK PHARMACEUTICAL MANUFACTURING CO.,Saudi Arabia,Valid,8/31/2022
MEMENTA 10 mg film-coated tablet,MEMANTINE HYDROCHLORIDE,-,-,Generic,Prescription,TABUK PHARMACEUTICAL MANUFACTURING CO.,Saudi Arabia,Valid,4/9/2025
QUINOX 200 mg solution for infusion,CIPROFLOXACIN,100,ml,Generic,Prescription,TABUK PHARMACEUTICAL MANUFACTURING CO.,Saudi Arabia,Valid,5/8/2025
ILLUSOF 300 mg/ml solution for injection/infusion,IOHEXOL,50,ml,Generic,Prescription,TABUK PHARMACEUTICAL MANUFACTURING CO.,Saudi Arabia,Valid,8/31/2022
ILLUSOF 300 mg/ml solution for injection/infusion,IOHEXOL,100,ml,Generic,Prescription,TABUK PHARMACEUTICAL MANUFACTURING CO.,Saudi Arabia,Valid,8/31/2022
LIDOCAINE HYDROCHLORIDE 1% solution for injection,LIDOCAINE HYDROCHLORIDE,5,ml,Generic,Prescription,TABUK PHARMACEUTICAL MANUFACTURING CO.,Saudi Arabia,Valid,8/29/2022
BALANCED ELECTROLYTES pH 5.5 solution for infusion,BALANCED ELECTROLYTES,250,ml,Generic,Prescription,Pharmaceutical Solution Industries (PSI),Saudi Arabia,Valid,8/31/2022
SERONORM 0.25 mg solution for IV injection,PALONOSETRON HYDROCHLORIDE,5,ml,Generic,Prescription,TABUK PHARMACEUTICAL MANUFACTURING CO.,Saudi Arabia,Valid,10/7/2023
OSTADIL 4 mg concentrate for IV infusion,ZOLEDRONIC ACID,5,ml,Generic,Prescription,TABUK PHARMACEUTICAL MANUFACTURING CO.,Saudi Arabia,Valid,9/14/2023
AMBAFEN 4 mg/ml solution for infusion,IBUPROFEN,100,ml,NCE,Prescription,Pharmaceutical Solution Industries (PSI),Saudi Arabia,Valid,9/14/2023
GOUTEX 80 mg film-coated tablet,FEBUXOSTAT,-,-,Generic,Prescription,DAMMAM PHARMA,Saudi Arabia,Valid,9/12/2022
GOUTEX 40 mg film-coated tablet,FEBUXOSTAT,-,-,Generic,Prescription,DAMMAM PHARMA,Saudi Arabia,Valid,9/12/2022
SERONORM 0.075 mg solution for IV injection,PALONOSETRON HYDROCHLORIDE,1.5,ml,Generic,Prescription,TABUK PHARMACEUTICAL MANUFACTURING CO.,Saudi Arabia,Valid,9/30/2022
1% CALCIUM GLUCONATE intravenous infusion BP,CALCIUM GLUCONATE,100,ml,Generic,Prescription,Pharmaceutical Solution Industries (PSI),Saudi Arabia,Valid,8/31/2022
SOVIRA 400 mg film-coated tablet,SOFOSBUVIR,-,-,Generic,Prescription,SPIMACO,Saudi Arabia,Valid,8/1/2022
GABEX 75 mg capsule,PREGABALIN,-,-,Generic,Prescription,Jamjoom Pharmaceuticals Factory Company,Saudi Arabia,Valid,11/9/2023
GABEX 150 mg capsule,PREGABALIN,-,-,Generic,Prescription,Jamjoom Pharmaceuticals Factory Company,Saudi Arabia,Valid,11/9/2023
GABEX 300 mg capsule,PREGABALIN,-,-,Generic,Prescription,Jamjoom Pharmaceuticals Factory Company,Saudi Arabia,Valid,11/9/2023
VALES 100 mg/ml oral solutin,LEVETIRACETAM,300,ml,Generic,Prescription,TABUK PHARMACEUTICAL MANUFACTURING CO.,Saudi Arabia,Valid,8/29/2022
LAVISTINA 24 mg tablet,BETAHISTINE DIHYDROCHLORIDE,-,-,Generic,Prescription,TABUK PHARMACEUTICAL MANUFACTURING CO.,Saudi Arabia,Valid,11/28/2022
LAVISTINA 8 mg tablet,BETAHISTINE DIHYDROCHLORIDE,-,-,Generic,Prescription,TABUK PHARMACEUTICAL MANUFACTURING CO.,Saudi Arabia,Valid,11/28/2022
LAVISTINA 16 mg tablet,BETAHISTINE DIHYDROCHLORIDE,-,-,Generic,Prescription,TABUK PHARMACEUTICAL MANUFACTURING CO.,Saudi Arabia,Valid,11/28/2022
VITAL E 400 mg capsule,ALPHA TOCOFERIL,-,-,Generic,OTC,Jamjoom Pharmaceuticals Factory Company,Saudi Arabia,Valid,8/1/2022
DELAXIN 30 mg delayed-release capsule,DULOXETINE,-,-,Generic,Prescription,Jazeera Pharmaceutical Industries (JPI),Saudi Arabia,Valid,1/17/2024
DELAXIN 60 mg delayed-release capsule,DULOXETINE,-,-,Generic,Prescription,Jazeera Pharmaceutical Industries (JPI),Saudi Arabia,Valid,8/15/2023
PRANZA ODT 5 mg,OLANZAPINE,-,-,Generic,Prescription,Jazeera Pharmaceutical Industries (JPI),Saudi Arabia,Valid,8/8/2024
PRANZA ODT 10 mg,OLANZAPINE,-,-,Generic,Prescription,Jazeera Pharmaceutical Industries (JPI),Saudi Arabia,Valid,8/8/2024
PRANZA 5 mg film-coated tablet,OLANZAPINE,-,-,Generic,Prescription,Jazeera Pharmaceutical Industries (JPI),Saudi Arabia,Valid,3/30/2023
PRANZA 10 mg film-coated tablet,OLANZAPINE,-,-,Generic,Prescription,Jazeera Pharmaceutical Industries (JPI),Saudi Arabia,Valid,3/30/2023
PRIMA D3 5000 IU softgel capsule,COLECALCIFEROL,-,-,Generic,Prescription,Jamjoom Pharmaceuticals Factory Company,Saudi Arabia,Valid,11/5/2023
PRIMA D3 10000 IU softgel capsule,COLECALCIFEROL,-,-,Generic,Prescription,Jamjoom Pharmaceuticals Factory Company,Saudi Arabia,Valid,9/14/2023
PRIMA D3 50000 IU softgel capsule,COLECALCIFEROL,-,-,Generic,Prescription,Jamjoom Pharmaceuticals Factory Company,Saudi Arabia,Valid,11/5/2023
NULEX 100 mg Capsule,GABAPENTIN,-,-,Generic,Prescription,Jazeera Pharmaceutical Industries (JPI),Saudi Arabia,Valid,9/14/2023
NULEX 300 mg Capsule,GABAPENTIN,-,-,Generic,Prescription,Jazeera Pharmaceutical Industries (JPI),Saudi Arabia,Valid,7/17/2025
NULEX 400 mg Capsule,GABAPENTIN,-,-,Generic,Prescription,Jazeera Pharmaceutical Industries (JPI),Saudi Arabia,Valid,7/17/2025
NULEX 600 mg Film Coated Tablet,GABAPENTIN,-,-,Generic,Prescription,Jazeera Pharmaceutical Industries (JPI),Saudi Arabia,Valid,9/14/2023
NULEX 800 mg Film Coated Tablet,GABAPENTIN,-,-,Generic,Prescription,Jazeera Pharmaceutical Industries (JPI),Saudi Arabia,Valid,9/14/2023
SEQUIT 25 mg Film Coated Tablets,QUETIAPINE,-,-,Generic,Prescription,Jamjoom Pharmaceuticals Factory Company,Saudi Arabia,Valid,6/4/2025
SEQUIT 100 mg Film Coated Tablets,QUETIAPINE,-,-,Generic,Prescription,Jamjoom Pharmaceuticals Factory Company,Saudi Arabia,Valid,5/14/2025
SEQUIT 200 mg Film Coated Tablets,QUETIAPINE,-,-,Generic,Prescription,Jamjoom Pharmaceuticals Factory Company,Saudi Arabia,Valid,11/29/2023
SEQUIT 300 mg Film Coated Tablets,QUETIAPINE,-,-,Generic,Prescription,Jamjoom Pharmaceuticals Factory Company,Saudi Arabia,Valid,11/29/2023
VILDATIN 50 mg Tablet,VILDAGLIPTIN,-,-,Generic,Prescription,Med city,Saudi Arabia,Valid,6/29/2025
VILDATIN 50 mg Tablet,VILDAGLIPTIN,-,-,Generic,Prescription,Med city,Saudi Arabia,Valid,6/29/2025
PRIMA D3 5000 IU softgel capsule,COLECALCIFEROL,-,-,Generic,Prescription,Jamjoom Pharmaceuticals Factory Company,Saudi Arabia,Valid,9/22/2024
PRIMA D3 2000 IU softgel capsule,COLECALCIFEROL,-,-,Generic,Prescription,Jamjoom Pharmaceuticals Factory Company,Saudi Arabia,Valid,11/5/2023
PRIMA D3 2000 IU softgel capsule,COLECALCIFEROL,-,-,Generic,Prescription,Jamjoom Pharmaceuticals Factory Company,Saudi Arabia,Valid,11/5/2023
BETMIGA 25 mg Prolonged Release Film Coted Tablet,MIRABEGRON,-,-,NCE,Prescription,SAJA-SAUDI ARABIAN JAPANESE PHARMACEUTICAL CO,Saudi Arabia,Valid,10/30/2024
BETMIGA 50 mg Prolonged Release Film Coted Tablet,MIRABEGRON,-,-,NCE,Prescription,SAJA-SAUDI ARABIAN JAPANESE PHARMACEUTICAL CO,Saudi Arabia,Valid,10/30/2024
FENSOLIN 5 mg Film Coated Tablet,SOLIFENACIN SUCCINATE,-,-,Generic,Prescription,Jamjoom Pharmaceuticals Factory Company,Saudi Arabia,Valid,3/3/2025
FENSOLIN 10 mg Film Coated Tablet,SOLIFENACIN SUCCINATE,-,-,Generic,Prescription,Jamjoom Pharmaceuticals Factory Company,Saudi Arabia,Valid,11/25/2024
ARBAVASC HCT 160/10/25 mg Film-coated Tablet,"VALSARTAN,HYDROCHLOROTHIAZIDE,AMLODIPINE BESILATE",-,-,Generic,Prescription,SAJA-SAUDI ARABIAN JAPANESE PHARMACEUTICAL CO,Saudi Arabia,Valid,10/30/2024
YOCAIR 4 mg Chewable Tablets,MONTELUKAST SODIUM,-,-,Generic,Prescription,Jamjoom Pharmaceuticals Factory Company,Saudi Arabia,Valid,11/5/2023
YOCAIR 5 mg Chewable Tablets,MONTELUKAST SODIUM,-,-,Generic,Prescription,Jamjoom Pharmaceuticals Factory Company,Saudi Arabia,Valid,9/14/2023
SNAFI 5 mg Film Coated Tablet,TADALAFIL,-,-,Generic,Prescription,SPIMACO,Saudi Arabia,Valid,9/14/2023
LORETA 2.5 mg/5 ml Syrup,DESLORATADINE,150,ml,Generic,OTC,SPIMACO,Saudi Arabia,Valid,11/30/2022
LOVERA 10 mg Film Coated Tablet,TADALAFIL,-,-,Generic,Prescription,DAMMAM PHARMA,Saudi Arabia,Valid,8/29/2022
FUSIDERM 2% OINTMENT,FUSIDIC ACID,30,g,Generic,Prescription,SPIMACO,Saudi Arabia,Valid,9/14/2023
EXXARA 8 mg film-coated tablets,LORNOXICAM,-,-,Generic,Prescription,(Avalon Pharma) Middle East Pharmaceutical Industries Co. Ltd,Saudi Arabia,Valid,9/14/2023
ARBAVASC HCT 160/10/12.5 mg Film-coated Tablet,"VALSARTAN,HYDROCHLOROTHIAZIDE,AMLODIPINE BESILATE",-,-,Generic,Prescription,SAJA-SAUDI ARABIAN JAPANESE PHARMACEUTICAL CO,Saudi Arabia,Valid,10/30/2024
ARBAVASC HCT 160/5/25 mg Film-coated Tablet,"VALSARTAN,HYDROCHLOROTHIAZIDE,AMLODIPINE BESILATE",-,-,Generic,Prescription,SAJA-SAUDI ARABIAN JAPANESE PHARMACEUTICAL CO,Saudi Arabia,Valid,10/30/2024
ARBAVASC HCT 160/5/12.5 mg Film-coated Tablet,"VALSARTAN,HYDROCHLOROTHIAZIDE,AMLODIPINE BESILATE",-,-,Generic,Prescription,SAJA-SAUDI ARABIAN JAPANESE PHARMACEUTICAL CO,Saudi Arabia,Valid,10/30/2024
EPINOR 1 mg/ml Injection,NOREPINEPHRINE BITARTRATE,4,ml,Generic,Prescription,SAUDI PHARMACEUTICAL INDUSTRIES,Saudi Arabia,Valid,10/9/2024
TANDO 5 mg Film Coted Tablet,TADALAFIL,-,-,Generic,Prescription,SAJA-SAUDI ARABIAN JAPANESE PHARMACEUTICAL CO,Saudi Arabia,Valid,10/30/2024
TANDO 20 mg Film Coted Tablet,TADALAFIL,-,-,Generic,Prescription,SAJA-SAUDI ARABIAN JAPANESE PHARMACEUTICAL CO,Saudi Arabia,Valid,10/30/2024
NOSTIFIX 0.5 mg TABLET,CABERGOLINE,-,-,Generic,Prescription,Jazeera Pharmaceutical Industries (JPI),Saudi Arabia,Valid,3/15/2024
NOSTIFIX 0.5 mg TABLET,CABERGOLINE,-,-,Generic,Prescription,Jazeera Pharmaceutical Industries (JPI),Saudi Arabia,Valid,3/15/2024
ZOLONIA 5 mg Film Coated Tablet,ZOLPIDEM,-,-,Generic,Prescription,SPIMACO,Saudi Arabia,Valid,11/7/2023
ZOLONIA 10 mg Film Coated Tablet,ZOLPIDEM,-,-,Generic,Prescription,SPIMACO,Saudi Arabia,Valid,11/7/2023
LACTATED RINGERS INJECTION,LACTATED RINGER(S),500,ml,Generic,Prescription,AL RAZI PHARMA INDUSTRIES FACTORY LTD,Saudi Arabia,Valid,7/15/2025
RINGERS INJECTION,RINGER(S) SOLUTION,500,ml,Generic,Prescription,AL RAZI PHARMA INDUSTRIES FACTORY LTD,Saudi Arabia,Valid,10/16/2024
DOCETAXEL SPC 20 mg/ml Solution for Infusion,DOCETAXEL,4,ml,Generic,Prescription,Sudair Pharma Company,Saudi Arabia,Valid,1/30/2025
Imalar 100 mg Tablet,IMATINIB MESILATE,-,-,Generic,Prescription,Sudair Pharma Company,Saudi Arabia,Valid,6/4/2025
Imalar 400 mg Tablet,IMATINIB MESILATE,-,-,Generic,Prescription,Sudair Pharma Company,Saudi Arabia,Valid,6/4/2025
ARPENIA 1 mg/ml Oral Solution,ARIPIPRAZOLE,150,ml,Generic,Prescription,TABUK PHARMACEUTICAL MANUFACTURING CO.,Saudi Arabia,Valid,11/29/2023
OMIZ 40mg Powder For Solution For Infusion,OMEPRAZOLE,-,-,Generic,Prescription,TABUK PHARMACEUTICAL MANUFACTURING CO.,Saudi Arabia,Valid,11/5/2023
ARENA PLUS 150 mg/12.5 mg Film Coated Tablet,"IRBESARTAN,HYDROCHLOROTHIAZIDE",-,-,Generic,Prescription,Jamjoom Pharmaceuticals Factory Company,Saudi Arabia,Valid,9/14/2023
ARENA PLUS 300 mg/12.5 mg Film Coated Tablet,"IRBESARTAN,HYDROCHLOROTHIAZIDE",-,-,Generic,Prescription,Jamjoom Pharmaceuticals Factory Company,Saudi Arabia,Valid,9/14/2023
ARENA PLUS 300 mg/25 mg Film Coated Tablet,"IRBESARTAN,HYDROCHLOROTHIAZIDE",-,-,Generic,Prescription,Jamjoom Pharmaceuticals Factory Company,Saudi Arabia,Valid,9/14/2023
ACTODRYL Syrup,"PARACETAMOL,PSEUDOEPHEDRINE HYDROCHLORIDE,TRIPROLIDINE",120,ml,Generic,OTC,SAUDI PHARMACEUTICAL INDUSTRIES,Saudi Arabia,Valid,8/15/2023
CAPECITABINE SPC 150 mg Film Coted Tablet,Capecitabine,-,-,Generic,Prescription,Sudair Pharma Company,Saudi Arabia,Valid,11/5/2023
CAPECITABINE SPC 500 mg Film Coted Tablet,Capecitabine,-,-,Generic,Prescription,Sudair Pharma Company,Saudi Arabia,Valid,11/5/2023
AMBAFEN 4 mg/ml solution for infusion,IBUPROFEN,100,ml,NCE,Prescription,Pharmaceutical Solution Industries (PSI),Saudi Arabia,Valid,8/31/2022
OCUDINE 0.2%  OPHTHALMIC SOLUTION,BRIMONIDINE TARTRATE,0.3,ml,Generic,Prescription,Pharmaceutical Solution Industries (PSI),Saudi Arabia,Valid,2/20/2024
ZOLAN 10 MG FILM-COATED  TABLET,OLANZAPINE,-,-,Generic,Prescription,Jamjoom Pharmaceuticals Factory Company,Saudi Arabia,Valid,5/5/2024
ZOLAN 5 MG FILM-COATED  TABLET,OLANZAPINE,-,-,Generic,Prescription,Jamjoom Pharmaceuticals Factory Company,Saudi Arabia,Valid,6/6/2024
AQUAFLAM 50 MG SACHET,DICLOFENAC POTASSIUM,-,-,Generic,Prescription,RIYADH PHARMA,Saudi Arabia,Valid,2/28/2024
VELIZA  500MG F.C.TABLET,AZITHROMYCIN,-,-,Generic,Prescription,Jamjoom Pharmaceuticals Factory Company,Saudi Arabia,Valid,11/5/2023
CARPAZIO 150 MG FILM COATED TABLET,OXCARBAZEPINE,-,-,Generic,Prescription,SPIMACO,Saudi Arabia,Valid,8/21/2024
CARPAZIO 300 MG FILM COATED TABLET,OXCARBAZEPINE,-,-,Generic,Prescription,SPIMACO,Saudi Arabia,Valid,3/3/2024
CARPAZIO 600 MG FILM COATED TABLET,OXCARBAZEPINE,-,-,Generic,Prescription,SPIMACO,Saudi Arabia,Valid,4/24/2025
SODIUM CHLORIDE 3% I.V. INJECTION,SODIUM CHLORIDE,10,ml,Generic,Prescription,SAUDI PHARMACEUTICAL INDUSTRIES,Saudi Arabia,Valid,10/5/2023
SODIUM CHLORIDE 3% I.V. INJECTION,SODIUM CHLORIDE,5,ml,Generic,Prescription,SAUDI PHARMACEUTICAL INDUSTRIES,Saudi Arabia,Valid,10/5/2023
SODIUM CHLORIDE 0.9% INJECTION,SODIUM CHLORIDE,10,ml,Generic,Prescription,SAUDI PHARMACEUTICAL INDUSTRIES,Saudi Arabia,Valid,10/5/2023
SODIUM CHLORIDE 0.9% INJECTION,SODIUM CHLORIDE,5,ml,Generic,Prescription,SAUDI PHARMACEUTICAL INDUSTRIES,Saudi Arabia,Valid,10/5/2023
Arkator 60MG F.C.TABLET,Etoricoxib,-,-,Generic,Prescription,TABUK PHARMACEUTICAL MANUFACTURING CO.,Saudi Arabia,Valid,2/13/2025
Arkator 90MG F.C.TABLET,Etoricoxib,-,-,Generic,Prescription,TABUK PHARMACEUTICAL MANUFACTURING CO.,Saudi Arabia,Valid,2/13/2025
Arkator 120MG F.C.TABLET,Etoricoxib,-,-,Generic,Prescription,TABUK PHARMACEUTICAL MANUFACTURING CO.,Saudi Arabia,Valid,2/13/2025
MERISCAN 0.5MMOL/ML VIAL,GADODIAMIDE,10,ml,Generic,Prescription,TABUK PHARMACEUTICAL MANUFACTURING CO.,Saudi Arabia,Valid,2/13/2025
UNISIA 8 MG/2.5 MG TABLET,"CANDESARTAN CILEXETIL,AMLODIPINE BESILATE",-,-,NCE,Prescription,Jazeera Pharmaceutical Industries (JPI),Saudi Arabia,Valid,8/21/2024
UNISIA 8 MG/5MG TABLET,"CANDESARTAN CILEXETIL,AMLODIPINE BESILATE",-,-,NCE,Prescription,Jazeera Pharmaceutical Industries (JPI),Saudi Arabia,Valid,8/21/2024
MERISCAN 0.5MMOL/ML VIAL,GADODIAMIDE,20,ml,Generic,Prescription,TABUK PHARMACEUTICAL MANUFACTURING CO.,Saudi Arabia,Valid,2/13/2025
LAXILOSE SYRUP,LACTULOSE,300,ml,Generic,OTC,SAUDI PHARMACEUTICAL INDUSTRIES,Saudi Arabia,Valid,12/26/2023
ETOXA 60 MG FILM COATED TABLET,Etoricoxib,-,-,Generic,Prescription,SAJA-SAUDI ARABIAN JAPANESE PHARMACEUTICAL CO,Saudi Arabia,Valid,10/30/2024
ETOXA 90 MG FILM COATED TABLET,Etoricoxib,-,-,Generic,Prescription,SAJA-SAUDI ARABIAN JAPANESE PHARMACEUTICAL CO,Saudi Arabia,Valid,10/30/2024
ETOXA 120 MG FILM COATED TABLET,Etoricoxib,-,-,Generic,Prescription,SAJA-SAUDI ARABIAN JAPANESE PHARMACEUTICAL CO,Saudi Arabia,Valid,10/30/2024
PLATEREL 5MG F.C.TABLET,PRASUGREL,-,-,Generic,Prescription,TABUK PHARMACEUTICAL MANUFACTURING CO.,Saudi Arabia,Valid,2/10/2025
PLATEREL 10MG F.C.TABLET,PRASUGREL,-,-,Generic,Prescription,TABUK PHARMACEUTICAL MANUFACTURING CO.,Saudi Arabia,Valid,2/10/2025
CIPRO-SOL  200MG /100 ML bag,CIPROFLOXACIN,100,ml,Generic,Prescription,Pharmaceutical Solution Industries (PSI),Saudi Arabia,Valid,8/13/2023
QATPEN XR 150MG TABLETS,QUETIAPINE,-,-,Generic,Prescription,SPIMACO,Saudi Arabia,Valid,8/29/2022
LENALIDOMIDE SPC 25 mg Capsule,LENALIDOMIDE,-,-,Generic,Prescription,Sudair Pharma Company,Saudi Arabia,Valid,2/27/2024
LEVETAM 100 mg/ml Oral Solution,LEVETIRACETAM,300,ml,Generic,Prescription,SPIMACO,Saudi Arabia,Valid,1/9/2025
LENALIDOMIDE SPC 10 mg Capsule,LENALIDOMIDE,-,-,Generic,Prescription,Sudair Pharma Company,Saudi Arabia,Valid,2/27/2024
ATROSOL 250 mcg/2 ml nebuliser solution,IPRATROPIUM BROMIDE,2,ml,Generic,Prescription,Pharmaceutical Solution Industries (PSI),Saudi Arabia,Valid,11/5/2023
LENALIDOMIDE SPC 5 mg Capsule,LENALIDOMIDE,-,-,Generic,Prescription,Sudair Pharma Company,Saudi Arabia,Valid,2/27/2024
VAROXA 10 mg Film Coated Tablet,RIVAROXABAN,-,-,Generic,Prescription,TABUK PHARMACEUTICAL MANUFACTURING CO.,Saudi Arabia,Valid,10/16/2024
NEUROGAB 75 mg capsule,PREGABALIN,-,-,Generic,Prescription,DAMMAM PHARMA,Saudi Arabia,Valid,11/9/2023
SEVITENSE 40/10 MG FILM COATED TABLET,"OLMESARTAN MEDOXOMIL,AMLODIPINE BESILATE",-,-,Generic,Prescription,TABUK PHARMACEUTICAL MANUFACTURING CO.,Saudi Arabia,Valid,2/20/2024
SEVITENSE 20/10 MG FILM COATED TABLET,"OLMESARTAN MEDOXOMIL,AMLODIPINE BESILATE",-,-,Generic,Prescription,TABUK PHARMACEUTICAL MANUFACTURING CO.,Saudi Arabia,Valid,2/20/2024
SEVITENSE 20/5 MG FILM COATED TABLET,"OLMESARTAN MEDOXOMIL,AMLODIPINE BESILATE",-,-,Generic,Prescription,TABUK PHARMACEUTICAL MANUFACTURING CO.,Saudi Arabia,Valid,2/20/2024
SEVITENSE PLUS 40/10/12.5 MG FILM COATED  TABLET,"OLMESARTAN MEDOXOMIL,HYDROCHLOROTHIAZIDE,AMLODIPINE BESILATE",-,-,Generic,Prescription,TABUK PHARMACEUTICAL MANUFACTURING CO.,Saudi Arabia,Valid,2/20/2024
SEVITENSE PLUS 40/5/25 MG FILM COATED  TABLET,"OLMESARTAN MEDOXOMIL,HYDROCHLOROTHIAZIDE,AMLODIPINE BESILATE",-,-,Generic,Prescription,TABUK PHARMACEUTICAL MANUFACTURING CO.,Saudi Arabia,Valid,2/20/2024
SEVITENSE PLUS 40/10/25 MG FILM COATED  TABLET,"OLMESARTAN MEDOXOMIL,HYDROCHLOROTHIAZIDE,AMLODIPINE BESILATE",-,-,Generic,Prescription,TABUK PHARMACEUTICAL MANUFACTURING CO.,Saudi Arabia,Valid,2/20/2024
SEVITENSE PLUS 40/5/12.5 MG FILM COATED  TABLET,"OLMESARTAN MEDOXOMIL,HYDROCHLOROTHIAZIDE,AMLODIPINE BESILATE",-,-,Generic,Prescription,TABUK PHARMACEUTICAL MANUFACTURING CO.,Saudi Arabia,Valid,2/20/2024
SEVITENSE PLUS 20/5/12.5 MG FILM COATED  TABLET,"OLMESARTAN MEDOXOMIL,HYDROCHLOROTHIAZIDE,AMLODIPINE BESILATE",-,-,Generic,Prescription,TABUK PHARMACEUTICAL MANUFACTURING CO.,Saudi Arabia,Valid,2/20/2024
DIVIDO 75MG DUAL RELEASE CAP,DICLOFENAC SODIUM,-,-,Generic,Prescription,TABUK PHARMACEUTICAL MANUFACTURING CO.,Saudi Arabia,Valid,8/29/2022
SEVITENSE 40/5 MG FILM COATED TABLET,"OLMESARTAN MEDOXOMIL,AMLODIPINE BESILATE",-,-,Generic,Prescription,TABUK PHARMACEUTICAL MANUFACTURING CO.,Saudi Arabia,Valid,2/20/2024
EMCAST 5 MG CHEWABLE TABLET,MONTELUKAST SODIUM,-,-,Generic,Prescription,Med city,Saudi Arabia,Valid,5/5/2024
EMCAST 4 MG CHEWABLE TABLET,MONTELUKAST SODIUM,-,-,Generic,Prescription,Med city,Saudi Arabia,Valid,5/5/2024
EMCAST 10 MG ,MONTELUKAST SODIUM,-,-,Generic,Prescription,Med city,Saudi Arabia,Valid,5/5/2024
PILOCIN,"TRIBENOSIDE,LIDOCAINE HYDROCHLORIDE",30,g,Generic,Prescription,Jamjoom Pharmaceuticals Factory Company,Saudi Arabia,Valid,11/5/2023
PREGALEN 50 MG CAPSULE,PREGABALIN,-,-,Generic,Prescription,SAUDI PHARMACEUTICAL INDUSTRIES,Saudi Arabia,Valid,11/9/2023
PREGALEN 50 MG CAPSULE,PREGABALIN,-,-,Generic,Prescription,SAUDI PHARMACEUTICAL INDUSTRIES,Saudi Arabia,Valid,12/26/2023
PREGALEN 150 MG CAPSULE,PREGABALIN,-,-,Generic,Prescription,SAUDI PHARMACEUTICAL INDUSTRIES,Saudi Arabia,Valid,12/26/2023
PREGALEN 150 MG CAPSULE,PREGABALIN,-,-,Generic,Prescription,SAUDI PHARMACEUTICAL INDUSTRIES,Saudi Arabia,Valid,11/9/2023
PREGALEN 75 MG CAPSULE,PREGABALIN,-,-,Generic,Prescription,SAUDI PHARMACEUTICAL INDUSTRIES,Saudi Arabia,Valid,11/9/2023
OXIRA 8MG F.C.TABLET,LORNOXICAM,-,-,Generic,Prescription,SPIMACO,Saudi Arabia,Valid,2/13/2025
VALDATIN 50MG TABLET,VILDAGLIPTIN,-,-,Generic,Prescription,SPIMACO,Saudi Arabia,Valid,7/13/2025
VALDATIN 50MG TABLET,VILDAGLIPTIN,-,-,Generic,Prescription,SPIMACO,Saudi Arabia,Valid,7/13/2025
PREGALEN 75 MG CAPSULE,PREGABALIN,-,-,Generic,Prescription,SAUDI PHARMACEUTICAL INDUSTRIES,Saudi Arabia,Valid,12/26/2023
EPITAM 500MG PROLONGED RELEASE TABLET,LEVETIRACETAM,-,-,Generic,Prescription,Jazeera Pharmaceutical Industries (JPI),Saudi Arabia,Valid,10/5/2022
VALIP 2 mg  film-coated tablets,PITAVASTATIN,-,-,Generic,Prescription,TABUK PHARMACEUTICAL MANUFACTURING CO.,Saudi Arabia,Valid,7/8/2025
VALIP 4 mg  film-coated tablets,PITAVASTATIN,-,-,Generic,Prescription,TABUK PHARMACEUTICAL MANUFACTURING CO.,Saudi Arabia,Valid,7/8/2025
EPITAM 750MG PROLONGED RELEASE TABLET,LEVETIRACETAM,-,-,Generic,Prescription,Jazeera Pharmaceutical Industries (JPI),Saudi Arabia,Valid,10/5/2022
ZONAM 2 MG FILM-COATED TABLET,ESZOPICLONE,-,-,Generic,Prescription,SPIMACO,Saudi Arabia,Valid,2/27/2024
ZONAM 1 MG FILM-COATED TABLET,ESZOPICLONE,-,-,Generic,Prescription,SPIMACO,Saudi Arabia,Valid,2/27/2024
ZONAM 3 MG FILM-COATED TABLET,ESZOPICLONE,-,-,Generic,Prescription,SPIMACO,Saudi Arabia,Valid,2/27/2024
NEXOL 40 mg Lyophilisate For Solution For Infusion,ESOMEPRAZOLE,-,-,Generic,Prescription,TABUK PHARMACEUTICAL MANUFACTURING CO.,Saudi Arabia,Valid,3/30/2023
RESPRED 15 mg/5 ml syrup,PREDNISOLONE SODIUM PHOSPHATE,120,ml,Generic,Prescription,SAUDI PHARMACEUTICAL INDUSTRIES,Saudi Arabia,Valid,3/30/2023
RESPRED 5 mg/5 ml syrup,PREDNISOLONE SODIUM PHOSPHATE,120,ml,Generic,Prescription,SAUDI PHARMACEUTICAL INDUSTRIES,Saudi Arabia,Valid,3/30/2023
ZERSA 600 mg Film-coated Tablet,LINEZOLID,-,-,Generic,Prescription,Jazeera Pharmaceutical Industries (JPI),Saudi Arabia,Valid,2/29/2024
RUMAFEN 1% gel,DICLOFENAC DIETHYLAMINE,100,g,Generic,OTC,RIYADH PHARMA,Saudi Arabia,Valid,2/27/2023
DESLIN 2.5mg/5ml Oral Solution,DESLORATADINE,150,ml,Generic,OTC,AJA PHARMACEUTICAL INDUSTRIES,Saudi Arabia,Valid,3/30/2023
SEVIKAR HCT 20/5/12.5MG FILM COATED  TABLET,"OLMESARTAN MEDOXOMIL,HYDROCHLOROTHIAZIDE,AMLODIPINE BESILATE",-,-,NCE,Prescription,SAJA-SAUDI ARABIAN JAPANESE PHARMACEUTICAL CO,Saudi Arabia,Valid,10/30/2024
SEVIKAR HCT 40/5/12.5MG FILM COATED  TABLET,"OLMESARTAN MEDOXOMIL,HYDROCHLOROTHIAZIDE,AMLODIPINE BESILATE",-,-,NCE,Prescription,SAJA-SAUDI ARABIAN JAPANESE PHARMACEUTICAL CO,Saudi Arabia,Valid,10/30/2024
SEVIKAR HCT 40/5/25MG FILM COATED  TABLET,"OLMESARTAN MEDOXOMIL,HYDROCHLOROTHIAZIDE,AMLODIPINE BESILATE",-,-,NCE,Prescription,SAJA-SAUDI ARABIAN JAPANESE PHARMACEUTICAL CO,Saudi Arabia,Valid,10/30/2024
SEVIKAR HCT 40/10/12.5MG FILM COATED  TABLET,"OLMESARTAN MEDOXOMIL,HYDROCHLOROTHIAZIDE,AMLODIPINE BESILATE",-,-,NCE,Prescription,SAJA-SAUDI ARABIAN JAPANESE PHARMACEUTICAL CO,Saudi Arabia,Valid,10/30/2024
SEVIKAR HCT 40/10/25MG FILM COATED  TABLET,"OLMESARTAN MEDOXOMIL,HYDROCHLOROTHIAZIDE,AMLODIPINE BESILATE",-,-,NCE,Prescription,SAJA-SAUDI ARABIAN JAPANESE PHARMACEUTICAL CO,Saudi Arabia,Valid,10/30/2024
RESOCAL 99.934% POWDER FOR USE IN DRINKING WATER,CALCIUM POLYSTYRENE SULFONATE,300,g,Generic,Prescription,DEEF PHARMACEUTICAL INDUSTRIES,Saudi Arabia,Valid,8/21/2024
RESOCAL 99.934% POWDER FOR USE IN DRINKING WATER,CALCIUM POLYSTYRENE SULFONATE,15,g,Generic,Prescription,DEEF PHARMACEUTICAL INDUSTRIES,Saudi Arabia,Valid,8/21/2024
IKOTREF 100 mg Solution For Injection,HYDROCORTISONE SODIUM SUCCINATE,-,-,Generic,Prescription,TABUK PHARMACEUTICAL MANUFACTURING CO.,Saudi Arabia,Valid,2/27/2023
IKOTREF 250 mg Solution For Injection,HYDROCORTISONE SODIUM SUCCINATE,-,-,Generic,Prescription,TABUK PHARMACEUTICAL MANUFACTURING CO.,Saudi Arabia,Valid,2/27/2023
DESLIN 5 mg film-coated tablet,DESLORATADINE,-,-,Generic,OTC,AJA PHARMACEUTICAL INDUSTRIES,Saudi Arabia,Valid,3/30/2023
LEVOZAL 0.5 mg/ml Syrup,LEVOCETIRIZINE DIHYDROCHLORIDE,100,ml,Generic,OTC,Jamjoom Pharmaceuticals Factory Company,Saudi Arabia,Valid,4/14/2024
BETAGEN 24 mg tablet,BETAHISTINE DIHYDROCHLORIDE,-,-,Generic,Prescription,RIYADH PHARMA,Saudi Arabia,Valid,3/30/2023
CANDEUR 2 mg/ml Solution For Infusion,FLUCONAZOLE,50,ml,Generic,Prescription,TABUK PHARMACEUTICAL MANUFACTURING CO.,Saudi Arabia,Valid,3/30/2023
QATPEN XR 200 mg tablet,QUETIAPINE,-,-,Generic,Prescription,DAMMAM PHARMA,Saudi Arabia,Valid,8/29/2022
QATPEN XR 300 mg tablet,QUETIAPINE,-,-,Generic,Prescription,DAMMAM PHARMA,Saudi Arabia,Valid,8/29/2022
QATPEN XR 400 mg tablet,QUETIAPINE,-,-,Generic,Prescription,DAMMAM PHARMA,Saudi Arabia,Valid,8/29/2022
FORMIT XR 750 MG TABLETS,METFORMIN HYDROCHLORIDE,-,-,Generic,Prescription,SPIMACO,Saudi Arabia,Valid,11/30/2023
FORMIT XR 750 MG TABLETS,METFORMIN HYDROCHLORIDE,-,-,Generic,Prescription,SPIMACO,Saudi Arabia,Valid,11/30/2023
CANDEUR 2 mg/ml Solution For Infusion,FLUCONAZOLE,100,ml,Generic,Prescription,TABUK PHARMACEUTICAL MANUFACTURING CO.,Saudi Arabia,Valid,3/30/2023
DEPOJOY 60 mg film-coated tablet,DAPOXETINE,-,-,Generic,Prescription,SAJA-SAUDI ARABIAN JAPANESE PHARMACEUTICAL CO,Saudi Arabia,Valid,10/30/2024
DEPOJOY 30 mg film-coated tablet,DAPOXETINE,-,-,Generic,Prescription,SAJA-SAUDI ARABIAN JAPANESE PHARMACEUTICAL CO,Saudi Arabia,Valid,10/30/2024
TENORYL PLUS 5 mg/5 mg TABLET,"AMLODIPINE BESILATE,PERINDOPRIL ARGININE",-,-,Generic,Prescription,TABUK PHARMACEUTICAL MANUFACTURING CO.,Saudi Arabia,Valid,1/13/2025
TENORYL PLUS 5 mg/10 mg TABLET,"AMLODIPINE BESILATE,PERINDOPRIL ARGININE",-,-,Generic,Prescription,TABUK PHARMACEUTICAL MANUFACTURING CO.,Saudi Arabia,Valid,1/13/2025
TENORYL PLUS 10 mg/5 mg TABLET,"AMLODIPINE BESILATE,PERINDOPRIL ARGININE",-,-,Generic,Prescription,TABUK PHARMACEUTICAL MANUFACTURING CO.,Saudi Arabia,Valid,1/13/2025
TENORYL PLUS 10 mg/10 mg TABLET,"AMLODIPINE BESILATE,PERINDOPRIL ARGININE",-,-,Generic,Prescription,TABUK PHARMACEUTICAL MANUFACTURING CO.,Saudi Arabia,Valid,1/13/2025
MARLON 10 mg film-coated tablet,MEMANTINE HYDROCHLORIDE,-,-,Generic,Prescription,DAMMAM PHARMA,Saudi Arabia,Valid,8/29/2022
MARLON 20 mg film-coated tablet,MEMANTINE HYDROCHLORIDE,-,-,Generic,Prescription,DAMMAM PHARMA,Saudi Arabia,Valid,7/9/2025
LAVIE 500 mg Film-Coated Tablets,LEVETIRACETAM,-,-,Generic,Prescription,Jamjoom Pharmaceuticals Factory Company,Saudi Arabia,Valid,1/2/2023
LAVIE 1000 mg Film-Coated Tablets,LEVETIRACETAM,-,-,Generic,Prescription,Jamjoom Pharmaceuticals Factory Company,Saudi Arabia,Valid,1/11/2023
LODIPAM 5 mg Film-Coated Tablet,AMLODIPINE BESILATE,-,-,Generic,Prescription,SAUDI PHARMACEUTICAL INDUSTRIES,Saudi Arabia,Valid,5/14/2023
CITOXAL 5 mg film-coated tablet,ESCITALOPRAM,-,-,Generic,Prescription,SAUDI PHARMACEUTICAL INDUSTRIES,Saudi Arabia,Valid,12/1/2022
METAZ LOTION 0.1%,MOMETASONE FUROATE,30,ml,Generic,Prescription,Dallah Pharma Factory,Saudi Arabia,Valid,1/9/2025
METAZ 0.1% W-W OINTMENT,MOMETASONE FUROATE,15,g,Generic,Prescription,SPIMACO,Saudi Arabia,Valid,5/8/2024
METAZ 0.1% W-W OINTMENT,MOMETASONE FUROATE,30,g,Generic,Prescription,SPIMACO,Saudi Arabia,Valid,5/8/2024
METAZ CREAM 0.1%,MOMETASONE FUROATE,30,g,Generic,Prescription,SPIMACO,Saudi Arabia,Valid,10/5/2023
TRACON 100MG CAPSULES,ITRACONAZOLE,-,-,Generic,Prescription,SPIMACO,Saudi Arabia,Valid,8/29/2022
TRACON 100MG CAPSULES,ITRACONAZOLE,-,-,Generic,Prescription,SPIMACO,Saudi Arabia,Valid,8/29/2022
CELEBREX 200MG CAPSULE,CELECOXIB,-,-,NCE,Prescription,PFIZER SAUDI LIMITED,Saudi Arabia,Valid,7/15/2025
CELEBREX 200MG CAPSULE,CELECOXIB,-,-,NCE,Prescription,PFIZER SAUDI LIMITED,Saudi Arabia,Valid,7/15/2025
LODIPAM 10 mg Film-Coated Tablet,AMLODIPINE BESILATE,-,-,Generic,Prescription,SAUDI PHARMACEUTICAL INDUSTRIES,Saudi Arabia,Valid,5/14/2023
TRIOSOF 320MG/ML INJECTION,IODIXANOL,50,ml,Generic,Prescription,TABUK PHARMACEUTICAL MANUFACTURING CO.,Saudi Arabia,Valid,3/30/2023
CITOXAL 10 mg film-coated tablet,ESCITALOPRAM,-,-,Generic,Prescription,SAUDI PHARMACEUTICAL INDUSTRIES,Saudi Arabia,Valid,12/1/2022
CITOXAL 20 mg film-coated tablet,ESCITALOPRAM,-,-,Generic,Prescription,SAUDI PHARMACEUTICAL INDUSTRIES,Saudi Arabia,Valid,12/1/2022
LODIPAM 2.5 mg Film-Coated Tablet,AMLODIPINE BESILATE,-,-,Generic,Prescription,SAUDI PHARMACEUTICAL INDUSTRIES,Saudi Arabia,Valid,2/16/2023
ZOLIX 0.5 mg/ml Oral Solution,LEVOCETIRIZINE DIHYDROCHLORIDE,200,ml,Generic,OTC,TABUK PHARMACEUTICAL MANUFACTURING CO.,Saudi Arabia,Valid,2/10/2025
BUTAFYL 1% W/V SPRAY,BUTENAFINE,30,ml,Generic,Prescription,(Avalon Pharma) Middle East Pharmaceutical Industries Co. Ltd,Saudi Arabia,Valid,4/26/2023
TRIOSOF 320MG/ML INJECTION,IODIXANOL,100,ml,Generic,Prescription,TABUK PHARMACEUTICAL MANUFACTURING CO.,Saudi Arabia,Valid,3/30/2023
DEXTROSE 5% + 0.45% SODIUM CHLORIDE INJECTION,"DEXTROSE,SODIUM CHLORIDE",500,ml,Generic,Prescription,AL RAZI PHARMA INDUSTRIES FACTORY LTD,Saudi Arabia,Valid,3/19/2024
5 % w/v DEXTROSE Injection 500 ml,DEXTROSE,500,ml,Generic,Prescription,AL RAZI PHARMA INDUSTRIES FACTORY LTD,Saudi Arabia,Valid,1/23/2024
NORMAL SALINE (0.9% W/V SODIUM CHLORIDE) INJECTION,SODIUM CHLORIDE,500,ml,Generic,Prescription,AL RAZI PHARMA INDUSTRIES FACTORY LTD,Saudi Arabia,Valid,8/22/2024
WATER FOR INJECTION USP,WATER,5,ml,Generic,Prescription,AL RAZI PHARMA INDUSTRIES FACTORY LTD,Saudi Arabia,Valid,8/22/2024
WATER FOR INJECTION USP,WATER,10,ml,Generic,Prescription,AL RAZI PHARMA INDUSTRIES FACTORY LTD,Saudi Arabia,Valid,8/22/2024
EREVARD 10MG Film-Coated Tablet,VARDENAFIL,-,-,Generic,Prescription,TABUK PHARMACEUTICAL MANUFACTURING CO.,Saudi Arabia,Valid,3/30/2023
EREVARD 20MG Film-Coated Tablet,VARDENAFIL,-,-,Generic,Prescription,TABUK PHARMACEUTICAL MANUFACTURING CO.,Saudi Arabia,Valid,3/30/2023
DEXTROSE 5% + 0.9% SODIUM CHLORIDE INJECTION,"DEXTROSE,SODIUM CHLORIDE",500,ml,Generic,Prescription,AL RAZI PHARMA INDUSTRIES FACTORY LTD,Saudi Arabia,Valid,3/19/2024
HEROX 20 mg film-coated tablet,TADALAFIL,-,-,Generic,Prescription,TABUK PHARMACEUTICAL MANUFACTURING CO.,Saudi Arabia,Valid,8/15/2023
SEDALERT 100 MCG -ML IV. VIAL,DEXMEDETOMIDINE,2,ml,Generic,Prescription,TABUK PHARMACEUTICAL MANUFACTURING CO.,Saudi Arabia,Valid,8/15/2023
LEUKAST 4 mg Granules,MONTELUKAST SODIUM,-,-,Generic,Prescription,Jazeera Pharmaceutical Industries (JPI),Saudi Arabia,Valid,2/21/2024
LEVETAM 100 mg/ml Oral Solution,LEVETIRACETAM,150,ml,Generic,Prescription,SPIMACO,Saudi Arabia,Valid,1/9/2025
HYFRESH EYE GEL UD,SODIUM HYALURONATE,0.45,ml,Generic,OTC,Jamjoom Pharmaceuticals Factory Company,Saudi Arabia,Valid,4/30/2023
TEDO 20 mg film-coated tablet,TADALAFIL,-,-,Generic,Prescription,RIYADH PHARMA,Saudi Arabia,Valid,3/30/2023
ARTIZ 10 MG F.C TABLET,CETIRIZINE HYDROCHLORIDE,-,-,Generic,OTC,TABUK PHARMACEUTICAL MANUFACTURING CO.,Saudi Arabia,Valid,5/9/2024
ESCITAM 10 mg film-coated tablet,ESCITALOPRAM,-,-,Generic,Prescription,AJA PHARMACEUTICAL INDUSTRIES,Saudi Arabia,Valid,5/24/2023
NIZORTAN 40 mg Tablet,TELMISARTAN,-,-,Generic,Prescription,TABUK PHARMACEUTICAL MANUFACTURING CO.,Saudi Arabia,Valid,8/15/2023
NIZORTAN 80 mg Tablet,TELMISARTAN,-,-,Generic,Prescription,TABUK PHARMACEUTICAL MANUFACTURING CO.,Saudi Arabia,Valid,8/15/2023
ESCITAM 20 mg film-coated tablet,ESCITALOPRAM,-,-,Generic,Prescription,AJA PHARMACEUTICAL INDUSTRIES,Saudi Arabia,Valid,5/24/2023
FUSIDERM 2% CREAM,FUSIDIC ACID,30,g,Generic,Prescription,SPIMACO,Saudi Arabia,Valid,7/22/2023
SOLFISAN 5 mg Film Coated Tablet,SOLIFENACIN SUCCINATE,-,-,Generic,Prescription,AJA PHARMACEUTICAL INDUSTRIES,Saudi Arabia,Valid,5/24/2023
SOLFISAN 10 mg Film Coated Tablet,SOLIFENACIN SUCCINATE,-,-,Generic,Prescription,AJA PHARMACEUTICAL INDUSTRIES,Saudi Arabia,Valid,5/24/2023
ALLAIR 10 mg Film Coated Tablet,MONTELUKAST SODIUM,-,-,Generic,Prescription,SAJA-SAUDI ARABIAN JAPANESE PHARMACEUTICAL CO,Saudi Arabia,Valid,10/30/2024
RIALOCAINE 2 % Gel,LIDOCAINE HYDROCHLORIDE,30,g,Generic,OTC,RIYADH PHARMA,Saudi Arabia,Valid,9/14/2023
CARDEX,BISOPROLOL FUMARATE,-,-,Generic,Prescription,TABUK PHARMACEUTICAL MANUFACTURING CO.,Saudi Arabia,Valid,3/26/2023
CARDEX 10 MG FILM COATED TABLET,BISOPROLOL FUMARATE,-,-,Generic,Prescription,TABUK PHARMACEUTICAL MANUFACTURING CO.,Saudi Arabia,Valid,3/26/2023
CARDEX PLUS 10/25 mg F.C TABLETS,"HYDROCHLOROTHIAZIDE,BISOPROLOL FUMARATE",-,-,Generic,Prescription,TABUK PHARMACEUTICAL MANUFACTURING CO.,Saudi Arabia,Valid,10/3/2023
CARDEX PLUS 5/12.5 mg F.C TABLETS,"HYDROCHLOROTHIAZIDE,BISOPROLOL FUMARATE",-,-,Generic,Prescription,TABUK PHARMACEUTICAL MANUFACTURING CO.,Saudi Arabia,Valid,10/3/2023
CARDEX 5 MG FILM COATED TABLET,BISOPROLOL FUMARATE,-,-,Generic,Prescription,TABUK PHARMACEUTICAL MANUFACTURING CO.,Saudi Arabia,Valid,3/26/2023
ENTAVIR 0.5 mg Film Coated Tablet,ENTECAVIR,-,-,Generic,Prescription,SPIMACO,Saudi Arabia,Valid,8/29/2022
ENTAVIR 1 mg Film Coated Tablet,ENTECAVIR,-,-,Generic,Prescription,SPIMACO,Saudi Arabia,Valid,8/29/2022
LOVERA 5 mg film-coated tablet,TADALAFIL,-,-,Generic,Prescription,DAMMAM PHARMA,Saudi Arabia,Valid,8/29/2022
LOVERA 20 mg film-coated tablet,TADALAFIL,-,-,Generic,Prescription,DAMMAM PHARMA,Saudi Arabia,Valid,8/29/2022
LOVERA 20 mg film-coated tablet,TADALAFIL,-,-,Generic,Prescription,DAMMAM PHARMA,Saudi Arabia,Valid,8/29/2022
TOPRAZOLE 40 mg Powder for solution for injection ,PANTOPRAZOLE,-,-,Generic,Prescription,TABUK PHARMACEUTICAL MANUFACTURING CO.,Saudi Arabia,Valid,3/30/2023
ANNUVA 50 mg Tablet,DICLOFENAC SODIUM,-,-,Generic,Prescription,DAMMAM PHARMA,Saudi Arabia,Valid,8/29/2022
ZORON 4 mg tablet,ONDANSETRON,-,-,Generic,Prescription,Jamjoom Pharmaceuticals Factory Company,Saudi Arabia,Valid,7/28/2025
ZORON 8 mg tablet,ONDANSETRON,-,-,Generic,Prescription,Jamjoom Pharmaceuticals Factory Company,Saudi Arabia,Valid,7/28/2025
DAPO 60 MG FILM COATED TABLET,DAPOXETINE,-,-,Generic,Prescription,RIYADH PHARMA,Saudi Arabia,Valid,3/20/2023
ZEIMER 10MG F.C.TABLET,MEMANTINE HYDROCHLORIDE,-,-,Generic,Prescription,DEEF PHARMACEUTICAL INDUSTRIES,Saudi Arabia,Valid,8/29/2022
Xelorni 8 mg F.C.TABLET,LORNOXICAM,-,-,Generic,Prescription,SAJA-SAUDI ARABIAN JAPANESE PHARMACEUTICAL CO,Saudi Arabia,Valid,1/19/2025
ENNLA 5% Cream,"LIDOCAINE HYDROCHLORIDE,PRILOCAINE",5,g,Generic,Prescription,DEEF PHARMACEUTICAL INDUSTRIES,Saudi Arabia,Valid,6/2/2025
ENNLA 5% Cream,"LIDOCAINE HYDROCHLORIDE,PRILOCAINE",15,g,Generic,Prescription,DEEF PHARMACEUTICAL INDUSTRIES,Saudi Arabia,Valid,4/24/2025
ENNLA 5% Cream,"LIDOCAINE HYDROCHLORIDE,PRILOCAINE",30,g,Generic,Prescription,DEEF PHARMACEUTICAL INDUSTRIES,Saudi Arabia,Valid,6/2/2025
NORMAL SALINE (0.9% W/V SODIUM CHLORIDE) INJECTION,SODIUM CHLORIDE,250,ml,Generic,Prescription,AL RAZI PHARMA INDUSTRIES FACTORY LTD,Saudi Arabia,Valid,6/19/2025
NORMAL SALINE (0.9% W/V SODIUM CHLORIDE) INJECTION,SODIUM CHLORIDE,5,ml,Generic,Prescription,AL RAZI PHARMA INDUSTRIES FACTORY LTD,Saudi Arabia,Valid,1/22/2024
NORMAL SALINE (0.9% W/V SODIUM CHLORIDE) INJECTION,SODIUM CHLORIDE,10,ml,Generic,Prescription,AL RAZI PHARMA INDUSTRIES FACTORY LTD,Saudi Arabia,Valid,5/7/2023
RAFOL 1 mg Tablet,FOLIC ACID,-,-,Generic,OTC,Alrai Pharmaceutical industry Co. (L.L.C),Saudi Arabia,Valid,1/13/2025
PYRIDOXIN TAB 40MG,PYRIDOXINE,-,-,NCE,OTC,ALPHA PHARMA INDUSTRY ,Saudi Arabia,Valid,1/22/2024
CIALIS 20MG TAB,TADALAFIL,-,-,NCE,Prescription,AJA PHARMACEUTICAL INDUSTRIES,Saudi Arabia,Valid,6/21/2023
STERILE WATER FOR INJECTION,WATER,10,ml,Generic,Prescription,SAUDI PHARMACEUTICAL INDUSTRIES,Saudi Arabia,Valid,11/26/2024
CIALIS 20MG TAB,TADALAFIL,-,-,NCE,Prescription,AJA PHARMACEUTICAL INDUSTRIES,Saudi Arabia,Valid,6/21/2023
FLOXMED 500MG F.C.TABLET,LEVOFLOXACIN,-,-,Generic,Prescription,Med city,Saudi Arabia,Valid,5/5/2024
STERILE WATER FOR INJECTION,WATER,5,ml,Generic,Prescription,SAUDI PHARMACEUTICAL INDUSTRIES,Saudi Arabia,Valid,11/26/2024
VALES 500 MG CONCENTRATE FOR SOLUTION FOR INFUSION,LEVETIRACETAM,5,ml,Generic,Prescription,TABUK PHARMACEUTICAL MANUFACTURING CO.,Saudi Arabia,Valid,2/10/2025
AROX 0.5%  EYE DROPS,MOXIFLOXACIN HYDROCHLORIDE,5,ml,Generic,Prescription,Jamjoom Pharmaceuticals Factory Company,Saudi Arabia,Valid,11/26/2024
VONAL 10MG ML SOLUTION FOR INFUSION,PARACETAMOL,100,ml,Generic,Prescription,TABUK PHARMACEUTICAL MANUFACTURING CO.,Saudi Arabia,Valid,6/19/2025
LAXATROL 50 MG/8.60 MG FILM COATED TABLET (100S),"DOCUSATE SODIUM,SENNOSIDES ",-,-,Generic,Prescription,Jamjoom Pharmaceuticals Factory Company,Saudi Arabia,Valid,12/9/2024
TORICOX 120MG F.C.TABLET,Etoricoxib,-,-,Generic,Prescription,Jamjoom Pharmaceuticals Factory Company,Saudi Arabia,Valid,1/19/2025
SUMAREX 50 MG F.C.TABLET (2S),SUMATRIPTAN,-,-,Generic,Prescription,Jamjoom Pharmaceuticals Factory Company,Saudi Arabia,Valid,10/16/2024
SUMAREX 50 MG F.C.TABLET (6S),SUMATRIPTAN,-,-,Generic,Prescription,Jamjoom Pharmaceuticals Factory Company,Saudi Arabia,Valid,10/16/2024
SUMAREX 100 MG F.C.TABLET (2S),SUMATRIPTAN,-,-,Generic,Prescription,Jamjoom Pharmaceuticals Factory Company,Saudi Arabia,Valid,10/16/2024
SUMAREX 100 MG F.C.TABLET (6S),SUMATRIPTAN,-,-,Generic,Prescription,Jamjoom Pharmaceuticals Factory Company,Saudi Arabia,Valid,10/16/2024
TORICOX 60 MG F.C.TABLET,Etoricoxib,-,-,Generic,Prescription,Jamjoom Pharmaceuticals Factory Company,Saudi Arabia,Valid,1/19/2025
TORICOX 90 MG F.C.TABLET,Etoricoxib,-,-,Generic,Prescription,Jamjoom Pharmaceuticals Factory Company,Saudi Arabia,Valid,1/19/2025
INTIDROL 40 MG LYOPHILISATE FOR SOLUTION FOR INJECTION,METHYLPREDNISOLONE SODIUM SUCCINATE,-,-,Generic,Prescription,TABUK PHARMACEUTICAL MANUFACTURING CO.,Saudi Arabia,Valid,6/19/2025
HENASEN 500MG F.C.TABLET,"DIOSMIN,HESPERIDIN",-,-,Generic,Prescription,Jamjoom Pharmaceuticals Factory Company,Saudi Arabia,Valid,1/19/2025
EYMID 1% EYE DROP,TROPICAMIDE,0.5,ml,Generic,Prescription,Jamjoom Pharmaceuticals Factory Company,Saudi Arabia,Valid,12/31/2024
SECLODYN 1% EYE DROPS,CYCLOPENTOLATE,0.5,ml,Generic,Prescription,Jamjoom Pharmaceuticals Factory Company,Saudi Arabia,Valid,1/19/2025
OLSAR 20MG F.C.TABLET,OLMESARTAN MEDOXOMIL,-,-,Generic,Prescription,Jamjoom Pharmaceuticals Factory Company,Saudi Arabia,Valid,6/19/2025
OLSAR 40MG F.C.TABLET,OLMESARTAN MEDOXOMIL,-,-,Generic,Prescription,Jamjoom Pharmaceuticals Factory Company,Saudi Arabia,Valid,6/19/2025
ALEVIO 25MG F.C.TABLET,TOPIRAMATE,-,-,Generic,Prescription,Jamjoom Pharmaceuticals Factory Company,Saudi Arabia,Valid,1/19/2025
ALEVIO 100MG F.C.TABLET,TOPIRAMATE,-,-,Generic,Prescription,Jamjoom Pharmaceuticals Factory Company,Saudi Arabia,Valid,1/19/2025
LICAN 1% CREAM,LULICONAZOLE,30,g,Generic,Prescription,Jamjoom Pharmaceuticals Factory Company,Saudi Arabia,Valid,1/30/2025
INTIDROL 125 MG LYOPHILISATE FOR SOLUTION FOR INJECTION,METHYLPREDNISOLONE SODIUM SUCCINATE,-,-,Generic,Prescription,TABUK PHARMACEUTICAL MANUFACTURING CO.,Saudi Arabia,Valid,6/19/2025
TAZMERON 15MG F.C.TABLET,MIRTAZAPINE,-,-,Generic,Prescription,Jamjoom Pharmaceuticals Factory Company,Saudi Arabia,Valid,6/10/2025
TAZMERON 30MG F.C.TABLET,MIRTAZAPINE,-,-,Generic,Prescription,Jamjoom Pharmaceuticals Factory Company,Saudi Arabia,Valid,6/10/2025
TAZMERON 45MG F.C.TABLET,MIRTAZAPINE,-,-,Generic,Prescription,Jamjoom Pharmaceuticals Factory Company,Saudi Arabia,Valid,6/10/2025
CO-ANGINET,"VALSARTAN,HYDROCHLOROTHIAZIDE",-,-,Generic,Prescription,MS Pharma Saudi ,Saudi Arabia,Valid,4/24/2025
INTIDROL 500 MG LYOPHILISATE FOR SOLUTION FOR INJECTION,METHYLPREDNISOLONE SODIUM SUCCINATE,-,-,Generic,Prescription,TABUK PHARMACEUTICAL MANUFACTURING CO.,Saudi Arabia,Valid,6/19/2025
INTIDROL 1GM LYOPHILISATE FOR SOLUTION FOR INJECTION,METHYLPREDNISOLONE SODIUM SUCCINATE,-,-,Generic,Prescription,TABUK PHARMACEUTICAL MANUFACTURING CO.,Saudi Arabia,Valid,6/19/2025
DOCINE 500 mg Vial,DAPTOMYCIN,-,-,Generic,Prescription,TABUK PHARMACEUTICAL MANUFACTURING CO.,Saudi Arabia,Valid,7/15/2025
LAZURE 200MG SOLUTION FOR INFUSION,LACOSAMIDE,20,ml,Generic,Prescription,TABUK PHARMACEUTICAL MANUFACTURING CO.,Saudi Arabia,Valid,2/10/2025
RAFOL 5 mg Tablet,FOLIC ACID,-,-,Generic,OTC,Alrai Pharmaceutical industry Co. (L.L.C),Saudi Arabia,Valid,1/13/2025
GASTROZOLE PLUS 40/1100 MG CAPSULES,"OMEPRAZOLE,SODIUM BICARBONATE",-,-,Generic,Prescription,RIYADH PHARMA,Saudi Arabia,Valid,12/9/2024
ESOMA 40 MG DELAYED RELEASE CAPSULES,ESOMEPRAZOLE MAGNESIUM,-,-,Generic,Prescription,RIYADH PHARMA,Saudi Arabia,Suspended,8/29/2022
ESOMA 40 MG DELAYED RELEASE CAPSULES,ESOMEPRAZOLE MAGNESIUM,-,-,Generic,Prescription,RIYADH PHARMA,Saudi Arabia,Suspended,8/29/2022
ESOMA 20 MG DELAYED RELEASE CAPSULES,ESOMEPRAZOLE MAGNESIUM,-,-,Generic,Prescription,RIYADH PHARMA,Saudi Arabia,Suspended,8/29/2022
ESOMA 20 MG DELAYED RELEASE CAPSULES,ESOMEPRAZOLE MAGNESIUM,-,-,Generic,OTC,RIYADH PHARMA,Saudi Arabia,Suspended,4/14/2024
CELECT 100 MG CAPSULE,CELECOXIB,-,-,Generic,Prescription,Jazeera Pharmaceutical Industries (JPI),Saudi Arabia,Valid,8/21/2024
GASTROZOLE PLUS 20 MG/1100 MG CAPSULE,"OMEPRAZOLE,SODIUM BICARBONATE",-,-,Generic,Prescription,RIYADH PHARMA,Saudi Arabia,Valid,11/26/2024
CELECT 200 MG CAPSULE,CELECOXIB,-,-,Generic,Prescription,Jazeera Pharmaceutical Industries (JPI),Saudi Arabia,Valid,8/21/2024
GLACERA PLUS 15MG/500MG F.C.TABLET,"METFORMIN HYDROCHLORIDE,PIOGLITAZONE",-,-,Generic,Prescription,RIYADH PHARMA,Saudi Arabia,Valid,4/24/2025
DOXENDA 60 MG F.C.TABLET,DAPOXETINE,-,-,Generic,Prescription,Jazeera Pharmaceutical Industries (JPI),Saudi Arabia,Valid,11/26/2024
GLACERA PLUS 15MG/850MG F.C.TABLET,"METFORMIN HYDROCHLORIDE,PIOGLITAZONE",-,-,Generic,Prescription,RIYADH PHARMA,Saudi Arabia,Valid,4/24/2025
DOXENDA 30 MG F.C.TABLET,DAPOXETINE,-,-,Generic,Prescription,Jazeera Pharmaceutical Industries (JPI),Saudi Arabia,Valid,11/26/2024
LEVOBAT 500 MG FILM COATED TABLET,LEVOFLOXACIN,-,-,Generic,Prescription,BATTERJEE PHARMACETICAL FACTORY,Saudi Arabia,Valid,4/24/2025
TEDO 20 mg film-coated tablet,TADALAFIL,-,-,Generic,Prescription,RIYADH PHARMA,Saudi Arabia,Valid,4/23/2025
DIVINUS 5 mg film-coated tablet,DAPAGLIFLOZIN,-,-,Generic,Prescription,Jazeera Pharmaceutical Industries (JPI),Saudi Arabia,Valid,3/6/2025
DIVINUS 10 mg film-coated tablet,DAPAGLIFLOZIN,-,-,Generic,Prescription,Jazeera Pharmaceutical Industries (JPI),Saudi Arabia,Valid,3/6/2025
ROMACIN POWDER FOR ORAL/RECTAL Suspension,CALCIUM POLYSTYRENE SULFONATE,300,g,Generic,Prescription,Alrai Pharmaceutical industry Co. (L.L.C),Saudi Arabia,Valid,2/11/2025
ANGINET 160 MG FILM COATED TABLETS,VALSARTAN,-,-,Generic,Prescription,MS Pharma Saudi ,Saudi Arabia,Valid,3/11/2024
ANGINET 80 MG FILM COATED TABLETS,VALSARTAN,-,-,Generic,Prescription,MS Pharma Saudi ,Saudi Arabia,Valid,3/11/2024
COVATEL 40MG/10MG TABLET,"TELMISARTAN,AMLODIPINE BESILATE",-,-,Generic,Prescription,TABUK PHARMACEUTICAL MANUFACTURING CO.,Saudi Arabia,Valid,2/10/2025
COVATEL,"TELMISARTAN,AMLODIPINE BESILATE",-,-,Generic,Prescription,TABUK PHARMACEUTICAL MANUFACTURING CO.,Saudi Arabia,Valid,2/10/2025
GAVILDA 50MG TABLET     28S,VILDAGLIPTIN,-,-,Generic,Prescription,TABUK PHARMACEUTICAL MANUFACTURING CO.,Saudi Arabia,Valid,8/29/2022
GAVILDA 50MG TABLET      56S,VILDAGLIPTIN,-,-,Generic,Prescription,TABUK PHARMACEUTICAL MANUFACTURING CO.,Saudi Arabia,Valid,8/29/2022
GLADOS MET 15/850 TABLETS,"METFORMIN HYDROCHLORIDE,PIOGLITAZONE",-,-,Generic,Prescription,TABUK PHARMACEUTICAL MANUFACTURING CO.,Saudi Arabia,Valid,2/10/2025
GLADOS MET 15/500 TABLETS,"METFORMIN HYDROCHLORIDE,PIOGLITAZONE",-,-,Generic,Prescription,TABUK PHARMACEUTICAL MANUFACTURING CO.,Saudi Arabia,Valid,2/10/2025
Relif 100 mg Capsule,CELECOXIB,-,-,Generic,Prescription,TABUK PHARMACEUTICAL MANUFACTURING CO.,Saudi Arabia,Valid,2/13/2025
Relif 200 mg Capsule,CELECOXIB,-,-,Generic,Prescription,TABUK PHARMACEUTICAL MANUFACTURING CO.,Saudi Arabia,Valid,2/13/2025
IMATOX 4MG FILM COATED TABLETS,ONDANSETRON,-,-,Generic,Prescription,TABUK PHARMACEUTICAL MANUFACTURING CO.,Saudi Arabia,Valid,7/28/2025
IMATOX 8MG FILM COATED TABLETS,ONDANSETRON,-,-,Generic,Prescription,TABUK PHARMACEUTICAL MANUFACTURING CO.,Saudi Arabia,Valid,4/24/2025
NIZORTAN PLUS ,"TELMISARTAN,HYDROCHLOROTHIAZIDE",-,-,Generic,Prescription,TABUK PHARMACEUTICAL MANUFACTURING CO.,Saudi Arabia,Valid,2/10/2025
NIZORTAN PLUS,"TELMISARTAN,HYDROCHLOROTHIAZIDE",-,-,Generic,Prescription,TABUK PHARMACEUTICAL MANUFACTURING CO.,Saudi Arabia,Valid,2/10/2025
NIZORTAN PLUS,"TELMISARTAN,HYDROCHLOROTHIAZIDE",-,-,Generic,Prescription,TABUK PHARMACEUTICAL MANUFACTURING CO.,Saudi Arabia,Valid,2/10/2025
STERILE WATER FOR INJECTION,WATER,2,ml,Generic,Prescription,TABUK PHARMACEUTICAL MANUFACTURING CO.,Saudi Arabia,Valid,4/24/2025
REDUVASC 150MG/5MG F.C.TABLET,"IRBESARTAN,AMLODIPINE BESILATE",-,-,Generic,Prescription,TABUK PHARMACEUTICAL MANUFACTURING CO.,Saudi Arabia,Valid,11/10/2022
REDUVASC 150MG/10MG F.C.TABLET,"IRBESARTAN,AMLODIPINE BESILATE",-,-,Generic,Prescription,TABUK PHARMACEUTICAL MANUFACTURING CO.,Saudi Arabia,Valid,11/10/2022
REDUVASC 300MG/5MG F.C.TABLET,"IRBESARTAN,AMLODIPINE BESILATE",-,-,Generic,Prescription,TABUK PHARMACEUTICAL MANUFACTURING CO.,Saudi Arabia,Valid,11/10/2022
REDUVASC 300MG/10MG F.C.TABLET,"IRBESARTAN,AMLODIPINE BESILATE",-,-,Generic,Prescription,TABUK PHARMACEUTICAL MANUFACTURING CO.,Saudi Arabia,Valid,11/10/2022
BANORIV 2.5 mg Film Coated Tablet,RIVAROXABAN,-,-,Generic,Prescription,SPIMACO,Saudi Arabia,Valid,8/29/2022
BANORIV 10 mg Film Coated Tablet,RIVAROXABAN,-,-,Generic,Prescription,SPIMACO,Saudi Arabia,Valid,8/29/2022
BANORIV 15MG F.C.TABLET,RIVAROXABAN,-,-,Generic,Prescription,SPIMACO,Saudi Arabia,Valid,8/29/2022
BANORIV 20 mg Film Coated Tablet,RIVAROXABAN,-,-,Generic,Prescription,SPIMACO,Saudi Arabia,Valid,8/29/2022
ZANSOR 150MG F.C.TABLET,IRBESARTAN,-,-,Generic,Prescription,SPIMACO,Saudi Arabia,Valid,8/29/2022
PERTENSIO 125 mg Film-Coated Tablet,BOSENTAN,-,-,Generic,Prescription,SPIMACO,Saudi Arabia,Valid,4/24/2025
BENZAFLEX XR 15 mg Capsule,CYCLOBENZAPRINE HYDROCHLORIDE,-,-,Generic,Prescription,SPIMACO,Saudi Arabia,Valid,8/29/2022
BENZAFLEX XR 30 mg Capsule,CYCLOBENZAPRINE HYDROCHLORIDE,-,-,Generic,Prescription,SPIMACO,Saudi Arabia,Valid,8/1/2022
SNAFI 20MG TAB,TADALAFIL,-,-,Generic,Prescription,SPIMACO,Saudi Arabia,Valid,7/27/2025
ZANSOR 300MG F.C.TABLET,IRBESARTAN,-,-,Generic,Prescription,SPIMACO,Saudi Arabia,Valid,8/29/2022
QATPEN 25MG F.C.TABLET,QUETIAPINE,-,-,Generic,Prescription,DAMMAM PHARMA,Saudi Arabia,Valid,8/29/2022
SODANOR POWDER FOR ORAL/RECTAL SUSP.,SODIUM POLYSTYRENE SULFONATE,454,g,NCE,Prescription,Alrai Pharmaceutical industry Co. (L.L.C),Saudi Arabia,Valid,11/26/2024
QATPEN 100MG F.C.TABLET,QUETIAPINE,-,-,Generic,Prescription,DAMMAM PHARMA,Saudi Arabia,Valid,8/29/2022
RELEZIN 2 MG TABLET,TIZANIDINE,-,-,Generic,Prescription,MS Pharma Saudi ,Saudi Arabia,Valid,10/16/2024
QATPEN 150MG F.C.TABLET,QUETIAPINE,-,-,Generic,Prescription,DAMMAM PHARMA,Saudi Arabia,Valid,8/29/2022
RELEZIN 4 MG TABLET,TIZANIDINE,-,-,Generic,Prescription,MS Pharma Saudi ,Saudi Arabia,Valid,10/16/2024
QATPEN 200MG F.C.TABLET,QUETIAPINE,-,-,Generic,Prescription,DAMMAM PHARMA,Saudi Arabia,Valid,8/29/2022
CARBOSET 600 mg film-coated tablet,CALCIUM CARBONATE,-,-,Generic,OTC,Alrai Pharmaceutical industry Co. (L.L.C),Saudi Arabia,Valid,11/26/2024
AVIALIS 5 MG F.C.TABLET,TADALAFIL,-,-,Generic,Prescription,(Avalon Pharma) Middle East Pharmaceutical Industries Co. Ltd,Saudi Arabia,Valid,10/16/2024
AVIALIS 20 MG F.C.TABLET,TADALAFIL,-,-,Generic,Prescription,(Avalon Pharma) Middle East Pharmaceutical Industries Co. Ltd,Saudi Arabia,Valid,10/16/2024
AVIALIS 20 MG F.C.TABLET,TADALAFIL,-,-,Generic,Prescription,(Avalon Pharma) Middle East Pharmaceutical Industries Co. Ltd,Saudi Arabia,Valid,10/16/2024
XIBAX 60MG F.C.TABLET,Etoricoxib,-,-,Generic,Prescription,(Avalon Pharma) Middle East Pharmaceutical Industries Co. Ltd,Saudi Arabia,Valid,2/10/2025
XIBAX 90MG F.C.TABLET,Etoricoxib,-,-,Generic,Prescription,(Avalon Pharma) Middle East Pharmaceutical Industries Co. Ltd,Saudi Arabia,Valid,2/10/2025
XIBAX 120MG F.C.TABLET,Etoricoxib,-,-,Generic,Prescription,(Avalon Pharma) Middle East Pharmaceutical Industries Co. Ltd,Saudi Arabia,Valid,2/10/2025
CORTRIEF NASAL SPRAY,BUDESONIDE,6,ml,Generic,Prescription,(Avalon Pharma) Middle East Pharmaceutical Industries Co. Ltd,Saudi Arabia,Valid,11/26/2024
ESCIPRA 10MG FILM COATED TABLET,ESCITALOPRAM,-,-,Generic,Prescription,(Avalon Pharma) Middle East Pharmaceutical Industries Co. Ltd,Saudi Arabia,Valid,4/24/2025
ESCIPRA 20MG FILM COATED TABLET,ESCITALOPRAM,-,-,Generic,Prescription,(Avalon Pharma) Middle East Pharmaceutical Industries Co. Ltd,Saudi Arabia,Valid,10/16/2024
EVOKA 30 MG F.C.TABLET,DAPOXETINE,-,-,Generic,Prescription,(Avalon Pharma) Middle East Pharmaceutical Industries Co. Ltd,Saudi Arabia,Valid,11/26/2024
EVOKA 60 MG F.C.TABLET,DAPOXETINE,-,-,Generic,Prescription,(Avalon Pharma) Middle East Pharmaceutical Industries Co. Ltd,Saudi Arabia,Valid,11/26/2024
5%W/V DEXTROSE INJECTION 250ML,DEXTROSE,250,ml,Generic,Prescription,AL RAZI PHARMA INDUSTRIES FACTORY LTD,Saudi Arabia,Valid,6/12/2023
CIALIS ONCE-A-DAY 5MG TABLETS,TADALAFIL,-,-,NCE,Prescription,AJA PHARMACEUTICAL INDUSTRIES,Saudi Arabia,Valid,6/21/2023
NORMAL SALINE (0.9% W/V SODIUM CHLORIDE) INJECTION,SODIUM CHLORIDE,50,ml,Generic,Prescription,AL RAZI PHARMA INDUSTRIES FACTORY LTD,Saudi Arabia,Valid,8/31/2022
MILORA HCT,"VALSARTAN,HYDROCHLOROTHIAZIDE,AMLODIPINE BESILATE",-,-,Generic,Prescription,SAJA-SAUDI ARABIAN JAPANESE PHARMACEUTICAL CO,Saudi Arabia,Valid,3/12/2025
MILORA HCT,"VALSARTAN,HYDROCHLOROTHIAZIDE,AMLODIPINE BESILATE",-,-,Generic,Prescription,SAJA-SAUDI ARABIAN JAPANESE PHARMACEUTICAL CO,Saudi Arabia,Valid,3/12/2025
MILORA HCT,"VALSARTAN,HYDROCHLOROTHIAZIDE,AMLODIPINE BESILATE",-,-,Generic,Prescription,SAJA-SAUDI ARABIAN JAPANESE PHARMACEUTICAL CO,Saudi Arabia,Valid,3/12/2025
VERTEX,ROSUVASTATIN,-,-,Generic,Prescription,SAJA-SAUDI ARABIAN JAPANESE PHARMACEUTICAL CO,Saudi Arabia,Valid,8/29/2022
VERTEX,ROSUVASTATIN,-,-,Generic,Prescription,SAJA-SAUDI ARABIAN JAPANESE PHARMACEUTICAL CO,Saudi Arabia,Valid,8/29/2022
YOCAIR 10MG F.C.TABLET,MONTELUKAST SODIUM,-,-,Generic,Prescription,Jamjoom Pharmaceuticals Factory Company,Saudi Arabia,Valid,5/13/2024
DAPOX 30MG F.C.TABLET,DAPOXETINE,-,-,Generic,Prescription,Jamjoom Pharmaceuticals Factory Company,Saudi Arabia,Valid,10/28/2024
DAPOX 60MG F.C.TABLET,DAPOXETINE,-,-,Generic,Prescription,Jamjoom Pharmaceuticals Factory Company,Saudi Arabia,Valid,10/28/2024
OXIDOTE 1GM VIAL,PRALIDOXIME CHLORIDE,-,-,Generic,Prescription,Tabuk Pharmaceutical Manufacturing Co./ Dammam Plant,Saudi Arabia,Valid,2/10/2025
APRELEX 20MCG/ML INHALATION SOLUTION,ILOPROST,1,ml,Generic,Prescription,Tabuk Pharmaceutical Manufacturing Co./ Dammam Plant,Saudi Arabia,Valid,8/1/2022
DAMESTA 10MG F.C.TABLET,ESCITALOPRAM,-,-,Generic,Prescription,SPIMACO,Saudi Arabia,Valid,8/29/2022
DAMESTA  20MG F.C.TABLET,ESCITALOPRAM,-,-,Generic,Prescription,DAMMAM PHARMA,Saudi Arabia,Valid,8/29/2022
LAZURE 50MG F.C.TABLET,LACOSAMIDE,-,-,Generic,Prescription,TABUK PHARMACEUTICAL MANUFACTURING CO.,Saudi Arabia,Valid,2/10/2025
LAZURE 100MG F.C.TABLET,LACOSAMIDE,-,-,Generic,Prescription,TABUK PHARMACEUTICAL MANUFACTURING CO.,Saudi Arabia,Valid,2/10/2025
LAZURE 200MG F.C.TABLET,LACOSAMIDE,-,-,Generic,Prescription,TABUK PHARMACEUTICAL MANUFACTURING CO.,Saudi Arabia,Valid,2/10/2025
PIRAMYL-MET 2/500 mg Film-coated Tablet,"METFORMIN HYDROCHLORIDE,GLIMEPIRIDE",-,-,Generic,Prescription,TABUK PHARMACEUTICAL MANUFACTURING CO.,Saudi Arabia,Valid,11/6/2022
LIFANCE 5MG F.C.TABLET,SOLIFENACIN SUCCINATE,-,-,Generic,Prescription,SPIMACO,Saudi Arabia,Valid,7/9/2025
LIFANCE 10MG F.C.TABLET,SOLIFENACIN SUCCINATE,-,-,Generic,Prescription,SPIMACO,Saudi Arabia,Valid,7/9/2025
LEJAM 30MG FILM COATED TABLET,DAPOXETINE,-,-,Generic,Prescription,SPIMACO,Saudi Arabia,Valid,6/19/2025
LEJAM 60MG FILM COATED TABLET,DAPOXETINE,-,-,Generic,Prescription,SPIMACO,Saudi Arabia,Valid,10/3/2022
PAQUIX 2.5MG FILM COATED TABLET,APIXABAN,-,-,Generic,Prescription,MS Pharma Saudi ,Saudi Arabia,Valid,5/21/2024
PAQUIX 2.5MG FILM COATED TABLET,APIXABAN,-,-,Generic,Prescription,MS Pharma Saudi ,Saudi Arabia,Valid,6/19/2025
PAQUIX 5 MG FILM COATED TABLET,APIXABAN,-,-,Generic,Prescription,MS Pharma Saudi ,Saudi Arabia,Valid,6/19/2025
0.45% w/v Sodium Chloride Injection 500 ml,SODIUM CHLORIDE,500,ml,Generic,Prescription,AL RAZI PHARMA INDUSTRIES FACTORY LTD,Saudi Arabia,Valid,8/31/2022
NEURITAM ,LEVETIRACETAM,300,ml,Generic,Prescription,SAUDI PHARMACEUTICAL INDUSTRIES,Saudi Arabia,Valid,8/29/2022
NEURITAM ,LEVETIRACETAM,150,ml,Generic,Prescription,SAUDI PHARMACEUTICAL INDUSTRIES,Saudi Arabia,Valid,8/29/2022
MILORA HCT,"VALSARTAN,HYDROCHLOROTHIAZIDE,AMLODIPINE BESILATE",-,-,Generic,Prescription,SAJA-SAUDI ARABIAN JAPANESE PHARMACEUTICAL CO,Saudi Arabia,Valid,3/12/2025
Zolinda Oral Solution,ARIPIPRAZOLE,150,ml,Generic,Prescription,SPIMACO,Saudi Arabia,Valid,3/20/2023
VULGA 65 mg XR film-coated tablet,MINOCYCLINE,-,-,Generic,Prescription,Jazeera Pharmaceutical Industries (JPI),Saudi Arabia,Valid,10/5/2022
UNAIRA 3GM SACHET,FOSFOMYCIN,-,-,Generic,Prescription,Jazeera Pharmaceutical Industries (JPI),Saudi Arabia,Valid,7/8/2025
Debilur,LURASIDONE,-,-,Generic,Prescription,TABUK PHARMACEUTICAL MANUFACTURING CO.,Saudi Arabia,Valid,9/30/2022
Debilur,LURASIDONE,-,-,Generic,Prescription,TABUK PHARMACEUTICAL MANUFACTURING CO.,Saudi Arabia,Valid,9/30/2022
Debilur,LURASIDONE,-,-,Generic,Prescription,TABUK PHARMACEUTICAL MANUFACTURING CO.,Saudi Arabia,Valid,9/30/2022
RESEDRA 1MG/ML ORAL SOLUTION,RISPERIDONE,100,ml,Generic,Prescription,SPIMACO,Saudi Arabia,Valid,7/9/2025
FLOXAG 320MG F.C. TABLET,GEMIFLOXACIN MESILATE,-,-,Generic,Prescription,SPIMACO,Saudi Arabia,Valid,12/9/2024
FLOXAG 320MG F.C. TABLET,GEMIFLOXACIN MESILATE,-,-,Generic,Prescription,SPIMACO,Saudi Arabia,Valid,12/9/2024
AVOBAN 2% W-W OINTMENT,MUPIROCIN CALCIUM,30,g,Generic,Prescription,(Avalon Pharma) Middle East Pharmaceutical Industries Co. Ltd,Saudi Arabia,Valid,4/24/2025
OZERO,Etoricoxib,-,-,Generic,Prescription,SAJA-SAUDI ARABIAN JAPANESE PHARMACEUTICAL CO,Saudi Arabia,Valid,8/29/2022
OZERO,Etoricoxib,-,-,Generic,Prescription,SAJA-SAUDI ARABIAN JAPANESE PHARMACEUTICAL CO,Saudi Arabia,Valid,8/29/2022
OZERO,Etoricoxib,-,-,Generic,Prescription,SAJA-SAUDI ARABIAN JAPANESE PHARMACEUTICAL CO,Saudi Arabia,Valid,8/29/2022
ACRETIN C 1.2% + 0.025 % GEL,"CLINDAMYCIN PHOSPHATE,TRETINOIN",30,g,Generic,Prescription,Jamjoom Pharmaceuticals Factory Company,Saudi Arabia,Valid,3/12/2025
NORMAL SALINE (0.9% W/V SODIUM CHLORIDE) INJECTION,SODIUM CHLORIDE,100,ml,Generic,Prescription,AL RAZI PHARMA INDUSTRIES FACTORY LTD,Saudi Arabia,Valid,8/31/2022
BIOCAFFCIT,CAFFEINE CITRATE,1,ml,Generic,Prescription,Pharmaceutical Solution Industries (PSI),Saudi Arabia,Valid,8/31/2022
BIOCAFFCIT,CAFFEINE CITRATE,2,ml,Generic,Prescription,Pharmaceutical Solution Industries (PSI),Saudi Arabia,Valid,8/31/2022
BIOCAFFCIT,CAFFEINE CITRATE,3,ml,Generic,Prescription,Pharmaceutical Solution Industries (PSI),Saudi Arabia,Valid,8/13/2023
BIOCAFFCIT,CAFFEINE CITRATE,3,ml,Generic,Prescription,Pharmaceutical Solution Industries (PSI),Saudi Arabia,Valid,8/1/2022
AMLOVAN-HCT 10/320/25MG F.C.TABLET,"VALSARTAN,HYDROCHLOROTHIAZIDE,AMLODIPINE BESILATE",-,-,Generic,Prescription,SPIMACO,Saudi Arabia,Valid,7/27/2025
QATPEN 300MG F.C.TABLET,QUETIAPINE,-,-,Generic,Prescription,DAMMAM PHARMA,Saudi Arabia,Valid,8/29/2022
BANORIV 2.5MG F.C.TABLET,RIVAROXABAN,-,-,Generic,Prescription,SPIMACO,Saudi Arabia,Valid,10/3/2022
DUSPAMEN 200 mg prolonged release capsule ,MEBEVERINE HYDROCHLORIDE,-,-,Generic,Prescription,Jazeera Pharmaceutical Industries (JPI),Saudi Arabia,Valid,5/8/2025
TRIPLEX B FILM COATED TABLET,"PYRIDOXINE,THIAMINE,CYANOCOBALAMIN",-,-,Generic,OTC,Jamjoom Pharmaceuticals Factory Company,Saudi Arabia,Valid,8/21/2024
KINZADO,LINEZOLID,-,-,Generic,Prescription,SPIMACO,Saudi Arabia,Valid,7/27/2025
REOVAIR,MONTELUKAST SODIUM,-,-,Generic,Prescription,Alrai Pharmaceutical industry Co. (L.L.C),Saudi Arabia,Valid,8/29/2022
ESPADA 10MG F.C TABLETS,MEMANTINE HYDROCHLORIDE,-,-,Generic,Prescription,MS Pharma Saudi ,Saudi Arabia,Valid,7/8/2025
ESPADA 20MG F.C TABLETS,MEMANTINE HYDROCHLORIDE,-,-,Generic,Prescription,MS Pharma Saudi ,Saudi Arabia,Valid,7/3/2025
Eralyce,PERMETHRIN,30,g,Generic,OTC,SAUDI PHARMACEUTICAL INDUSTRIES,Saudi Arabia,Valid,4/5/2023
Eralyce,PERMETHRIN,30,g,Generic,OTC,SAUDI PHARMACEUTICAL INDUSTRIES,Saudi Arabia,Valid,4/5/2023
Betavert,BETAHISTINE DIHYDROCHLORIDE,-,-,Generic,Prescription,Jamjoom Pharmaceuticals Factory Company,Saudi Arabia,Valid,8/29/2022
Betavert,BETAHISTINE DIHYDROCHLORIDE,-,-,Generic,Prescription,Jamjoom Pharmaceuticals Factory Company,Saudi Arabia,Valid,8/29/2022
Betavert,BETAHISTINE DIHYDROCHLORIDE,-,-,Generic,Prescription,Jamjoom Pharmaceuticals Factory Company,Saudi Arabia,Valid,8/1/2022
SCOLTA 10MG F.C TABLETS,ROSUVASTATIN,-,-,Generic,Prescription,MS Pharma Saudi ,Saudi Arabia,Valid,11/19/2024
SCOLTA 20MG F.C TABLETS,ROSUVASTATIN,-,-,Generic,Prescription,MS Pharma Saudi ,Saudi Arabia,Valid,11/19/2024
CROTAL 1MG CAPSULE,TACROLIMUS,-,-,Generic,Prescription,SPIMACO,Saudi Arabia,Valid,7/27/2025
CROTAL 5MG CAPSULE,TACROLIMUS,-,-,Generic,Prescription,SPIMACO,Saudi Arabia,Valid,7/27/2025
Bortezomib BOS,BORTEZOMIB,3.5,ml,Generic,Prescription,Boston Oncology Arabia,Saudi Arabia,Valid,7/28/2025
RAFLOX,LEVOFLOXACIN,-,-,Generic,Prescription,Alrai Pharmaceutical industry Co. (L.L.C),Saudi Arabia,Valid,8/29/2022
RAFLOX,LEVOFLOXACIN,-,-,Generic,Prescription,Alrai Pharmaceutical industry Co. (L.L.C),Saudi Arabia,Valid,8/29/2022
RAFLOX,LEVOFLOXACIN,-,-,Generic,Prescription,Alrai Pharmaceutical industry Co. (L.L.C),Saudi Arabia,Valid,8/29/2022
 Lenalidomide SPC,LENALIDOMIDE,-,-,Generic,Prescription,Sudair Pharma Company,Saudi Arabia,Valid,2/27/2024
Lenalidomide SPC,LENALIDOMIDE,-,-,Generic,Prescription,Sudair Pharma Company,Saudi Arabia,Valid,8/29/2022
Pomalidomide SPC,POMALIDOMIDE,-,-,Generic,Prescription,Sudair Pharma Company,Saudi Arabia,Valid,7/30/2025
Pomalidomide SPC,POMALIDOMIDE,-,-,Generic,Prescription,Sudair Pharma Company,Saudi Arabia,Valid,7/30/2025
Pomalidomide SPC,POMALIDOMIDE,-,-,Generic,Prescription,Sudair Pharma Company,Saudi Arabia,Valid,7/30/2025
Pomalidomide SPC,POMALIDOMIDE,-,-,Generic,Prescription,Sudair Pharma Company,Saudi Arabia,Valid,7/30/2025
CALMAR,ZINC OXIDE,100,g,Generic,OTC,SPIMACO,Saudi Arabia,Valid,7/27/2025
OZAPIN,OLANZAPINE,-,-,NCE,Prescription,SPIMACO,Saudi Arabia,Valid,8/29/2022
OZAPIN,OLANZAPINE,-,-,NCE,Prescription,SPIMACO,Saudi Arabia,Valid,8/1/2022
Eligon,FINGOLIMOD HYDROCHLORIDE,-,-,Generic,Prescription,Sudair Pharma Company,Saudi Arabia,Valid,4/30/2025
Pixar,APIXABAN,-,-,Generic,Prescription,Sudair Pharma Company,Saudi Arabia,Valid,11/20/2024
Pixar,APIXABAN,-,-,Generic,Prescription,Sudair Pharma Company,Saudi Arabia,Valid,3/18/2025
Olsar Plus,"OLMESARTAN MEDOXOMIL,HYDROCHLOROTHIAZIDE",-,-,Generic,Prescription,Jamjoom Pharmaceuticals Factory Company,Saudi Arabia,Valid,7/21/2024
Olsar Plus,"OLMESARTAN MEDOXOMIL,HYDROCHLOROTHIAZIDE",-,-,Generic,Prescription,Jamjoom Pharmaceuticals Factory Company,Saudi Arabia,Valid,8/30/2023
Olsar Plus,"OLMESARTAN MEDOXOMIL,HYDROCHLOROTHIAZIDE",-,-,Generic,Prescription,Jamjoom Pharmaceuticals Factory Company,Saudi Arabia,Valid,7/21/2024
Triolite,"FLUOCINOLONE ACETONIDE,TRETINOIN,HYDROQUINONE",30,g,Generic,Prescription,Jamjoom Pharmaceuticals Factory Company,Saudi Arabia,Valid,11/21/2022
REVARDIA,ADENOSINE,2,ml,Generic,Prescription,TABUK PHARMACEUTICAL MANUFACTURING CO.,Saudi Arabia,Valid,8/31/2022
CO-ZANSOR 150/12.5MG F.C TABLETS,"IRBESARTAN,HYDROCHLOROTHIAZIDE",-,-,Generic,Prescription,DAMMAM PHARMA,Saudi Arabia,Valid,11/10/2022
CO-ZANSOR 300/12.5MG F.C. TABLETS,"IRBESARTAN,HYDROCHLOROTHIAZIDE",-,-,Generic,Prescription,DAMMAM PHARMA,Saudi Arabia,Valid,11/10/2022
CO-ZANSOR 300/25MG F.C. TABLETS,"IRBESARTAN,HYDROCHLOROTHIAZIDE",-,-,Generic,Prescription,DAMMAM PHARMA,Saudi Arabia,Valid,11/10/2022
LEZAL,LEVOCETIRIZINE DIHYDROCHLORIDE,150,ml,Generic,OTC,SPIMACO,Saudi Arabia,Valid,8/29/2022
AMLOVAN-HCT 10/160/25MG F.C.TABLET,"VALSARTAN,HYDROCHLOROTHIAZIDE,AMLODIPINE BESILATE",-,-,Generic,Prescription,SPIMACO,Saudi Arabia,Valid,11/19/2022
AMLOVAN-HCT 10/160/12.5MG F.C.TABLET,"VALSARTAN,HYDROCHLOROTHIAZIDE,AMLODIPINE BESILATE",-,-,Generic,Prescription,SPIMACO,Saudi Arabia,Valid,11/19/2022
AMLOVAN-HCT 5/160//25MG F.C.TABLET,"VALSARTAN,HYDROCHLOROTHIAZIDE,AMLODIPINE BESILATE",-,-,Generic,Prescription,SPIMACO,Saudi Arabia,Valid,11/19/2022
AMLOVAN-HCT 5/160/12.5MG F.C.TABLET,"VALSARTAN,HYDROCHLOROTHIAZIDE,AMLODIPINE BESILATE",-,-,Generic,Prescription,SPIMACO,Saudi Arabia,Valid,11/19/2022
ARIPEX 2MG TABLET,ARIPIPRAZOLE,-,-,NCE,Prescription,SPIMACO,Saudi Arabia,Valid,8/29/2022
ATOX,Etoricoxib,-,-,Generic,Prescription,SPIMACO,Saudi Arabia,Valid,8/29/2022
ATOX,Etoricoxib,-,-,Generic,Prescription,SPIMACO,Saudi Arabia,Valid,8/29/2022
ATOX,Etoricoxib,-,-,Generic,Prescription,SPIMACO,Saudi Arabia,Valid,8/29/2022
Tedo 5 film-coated tablet,TADALAFIL,-,-,Generic,Prescription,RIYADH PHARMA,Saudi Arabia,Valid,1/6/2025
Otrasa,DASATINIB,-,-,Generic,Prescription,Sudair Pharma Company,Saudi Arabia,Valid,5/19/2024
Otrasa,DASATINIB,-,-,Generic,Prescription,Sudair Pharma Company,Saudi Arabia,Valid,6/2/2025
Otrasa,DASATINIB,-,-,Generic,Prescription,Sudair Pharma Company,Saudi Arabia,Valid,5/19/2024
Crotal,TACROLIMUS,-,-,Generic,Prescription,SPIMACO,Saudi Arabia,Valid,9/19/2024
NEURITAM,LEVETIRACETAM,-,-,Generic,Prescription,SAUDI PHARMACEUTICAL INDUSTRIES,Saudi Arabia,Valid,10/22/2023
NEURITAM,LEVETIRACETAM,-,-,Generic,Prescription,SAUDI PHARMACEUTICAL INDUSTRIES,Saudi Arabia,Valid,10/22/2023
Ascenta,TADALAFIL,-,-,Generic,Prescription,ALPHA PHARMA INDUSTRY ,Saudi Arabia,Valid,1/30/2023
Ascenta,TADALAFIL,-,-,Generic,Prescription,ALPHA PHARMA INDUSTRY ,Saudi Arabia,Valid,1/30/2023
Vdia,VILDAGLIPTIN,-,-,Generic,Prescription,ALPHA PHARMA INDUSTRY ,Saudi Arabia,Valid,7/23/2024
Vdia,VILDAGLIPTIN,-,-,Generic,Prescription,ALPHA PHARMA INDUSTRY ,Saudi Arabia,Valid,7/21/2024
Metrosol,METRONIDAZOLE,100,ml,Generic,Prescription,AL RAZI PHARMA INDUSTRIES FACTORY LTD,Saudi Arabia,Valid,12/20/2022
Ruxaar,METHOTREXATE,-,-,Generic,Prescription,Sudair Pharma Company,Saudi Arabia,Valid,7/30/2025
CIPROCARE,Ciprofloxacine,100,ml,Generic,Prescription,AL RAZI PHARMA INDUSTRIES FACTORY LTD,Saudi Arabia,Valid,5/7/2023
ARGENTA,Etoricoxib,-,-,Generic,Prescription,ALPHA PHARMA INDUSTRY ,Saudi Arabia,Valid,5/24/2023
ARGENTA,Etoricoxib,-,-,Generic,Prescription,ALPHA PHARMA INDUSTRY ,Saudi Arabia,Valid,5/24/2023
ARGENTA,Etoricoxib,-,-,Generic,Prescription,ALPHA PHARMA INDUSTRY ,Saudi Arabia,Valid,5/24/2023
Rexofil,TADALAFIL,-,-,Generic,Prescription,Jamjoom Pharmaceuticals Factory Company,Saudi Arabia,Valid,8/29/2022
Rexofil,TADALAFIL,-,-,Generic,Prescription,Jamjoom Pharmaceuticals Factory Company,Saudi Arabia,Valid,8/29/2022
Penetro,VARDENAFIL,-,-,Generic,Prescription,Jamjoom Pharmaceuticals Factory Company,Saudi Arabia,Valid,8/12/2024
Blum-D,CHOLECALCIFEROL,-,-,Generic,Prescription,ALPHA PHARMA INDUSTRY ,Saudi Arabia,Valid,8/29/2022
Ondex,ONDANSETRON,4,ml,Generic,Prescription,SAUDI PHARMACEUTICAL INDUSTRIES,Saudi Arabia,Valid,10/9/2024
Ondex,ONDANSETRON,2,ml,Generic,Prescription,SAUDI PHARMACEUTICAL INDUSTRIES,Saudi Arabia,Valid,10/9/2024
Dextrose 5% and Lactated Ringer's Injection,"DEXTROSE,SODIUM LACTATE,SODIUM CHLORIDE,POTASSIUM CHLORIDE, CALCIUM CHLORIDE",500,ml,Generic,Prescription,AL RAZI PHARMA INDUSTRIES FACTORY LTD,Saudi Arabia,Valid,8/13/2023
Illusof,IOHEXOL,100,ml,Generic,Prescription,TABUK PHARMACEUTICAL MANUFACTURING CO.,Saudi Arabia,Valid,11/5/2023
Illusof,IOHEXOL,50,ml,Generic,Prescription,TABUK PHARMACEUTICAL MANUFACTURING CO.,Saudi Arabia,Valid,6/1/2023
ONDANION,ONDANSETRON,2,ml,Generic,Prescription,SPIMACO,Saudi Arabia,Valid,7/27/2025
ONDANION,ONDANSETRON,4,ml,Generic,Prescription,SPIMACO,Saudi Arabia,Valid,8/31/2022
DARINE,DESLORATADINE,-,-,Generic,OTC,Med city,Saudi Arabia,Valid,5/5/2024
OXIRA RAPID,LORNOXICAM,-,-,Generic,Prescription,SPIMACO,Saudi Arabia,Valid,10/3/2022
HEMADID,FERROUS SULFATE,-,-,Generic,OTC,Jamjoom Pharmaceuticals Factory Company,Saudi Arabia,Valid,6/3/2025
Loradin,DESLORATADINE,-,-,Generic,OTC,(Avalon Pharma) Middle East Pharmaceutical Industries Co. Ltd,Saudi Arabia,Valid,2/28/2024
Vittoria,"VALSARTAN,AMLODIPINE BESILATE",-,-,Generic,Prescription,Jamjoom Pharmaceuticals Factory Company,Saudi Arabia,Valid,11/19/2022
Vittoria,"VALSARTAN,AMLODIPINE BESILATE",-,-,Generic,Prescription,Jamjoom Pharmaceuticals Factory Company,Saudi Arabia,Valid,11/19/2022
Vittoria,"VALSARTAN,AMLODIPINE BESILATE",-,-,Generic,Prescription,Jamjoom Pharmaceuticals Factory Company,Saudi Arabia,Valid,11/19/2022
Vittoria,"VALSARTAN,AMLODIPINE BESILATE",-,-,Generic,Prescription,Jamjoom Pharmaceuticals Factory Company,Saudi Arabia,Valid,11/19/2022
Vildus ,VILDAGLIPTIN,-,-,Generic,Prescription,Jamjoom Pharmaceuticals Factory Company,Saudi Arabia,Valid,8/29/2022
Vildus,VILDAGLIPTIN,-,-,Generic,Prescription,Jamjoom Pharmaceuticals Factory Company,Saudi Arabia,Valid,8/29/2022
Dextrose 4.3 % in 0.18 % Sodium Chloride ,"DEXTROSE,SODIUM CHLORIDE",1000,ml,Generic,Prescription,Pharmaceutical Solution Industries (PSI),Saudi Arabia,Valid,11/9/2022
Water for Injection,WATER,1000,ml,Generic,Prescription,Pharmaceutical Solution Industries (PSI),Saudi Arabia,Valid,8/29/2022
Rotavex Solution,"ANTHRAQUINONE GLYCOSIDE,SALICYLIC ACID",10,ml,Generic,OTC,(Avalon Pharma) Middle East Pharmaceutical Industries Co. Ltd,Saudi Arabia,Valid,3/17/2024
Ravixa,CLOPIDOGREL,-,-,Generic,Prescription,Jamjoom Pharmaceuticals Factory Company,Saudi Arabia,Valid,2/28/2024
BRIMOCOM,"TIMOLOL MALEATE,BRIMONIDINE TARTRATE",5,ml,Generic,Prescription,Jamjoom Pharmaceuticals Factory Company,Saudi Arabia,Valid,11/8/2022
LORINASE-D,"PSEUDOEPHEDRINE HYDROCHLORIDE,DESLORATADINE",-,-,Generic,OTC,SPIMACO,Saudi Arabia,Valid,8/30/2023
Olcontro,OLMESARTAN MEDOXOMIL,-,-,Generic,Prescription,Med city,Saudi Arabia,Valid,7/8/2025
Olcontro,OLMESARTAN MEDOXOMIL,-,-,Generic,Prescription,Med city,Saudi Arabia,Valid,7/8/2025
Iphen,PHENYLEPHRINE HYDROCHLORIDE,0.5,ml,Generic,OTC,Jamjoom Pharmaceuticals Factory Company,Saudi Arabia,Valid,9/3/2023
Vantra,AVANAFIL,-,-,Generic,Prescription,SPIMACO,Saudi Arabia,Valid,10/5/2023
Vantra,AVANAFIL,-,-,Generic,Prescription,SPIMACO,Saudi Arabia,Valid,10/5/2023
KROMAFINA ,ONDANSETRON,-,-,Generic,Prescription,ALPHA PHARMA INDUSTRY ,Saudi Arabia,Valid,5/19/2025
KROMAFINA,ONDANSETRON,-,-,Generic,Prescription,ALPHA PHARMA INDUSTRY ,Saudi Arabia,Valid,5/19/2025
0.6% w/v Potassium Chloride in 0.9% w/v Sodium Chloride Injection USP,"SODIUM CHLORIDE,POTASSIUM CHLORIDE",500,ml,Generic,Prescription,Pharmaceutical Solution Industries (PSI),Saudi Arabia,Valid,10/25/2022
Cartimov,DIACEREIN,-,-,Generic,Prescription,Jamjoom Pharmaceuticals Factory Company,Saudi Arabia,Valid,2/19/2023
FUSIBACT-B CREAM,"FUSIDIC ACID,BETAMETHASONE VALERATE",30,g,Generic,Prescription,Jamjoom Pharmaceuticals Factory Company,Saudi Arabia,Valid,6/19/2025
ENFORZA,"DAPAGLIFLOZIN,SAXAGLIPTIN",-,-,Generic,Prescription,Jazeera Pharmaceutical Industries (JPI),Saudi Arabia,Valid,11/21/2022
Vittoria-HCT,"VALSARTAN,HYDROCHLOROTHIAZIDE,AMLODIPINE BESILATE",-,-,Generic,Prescription,Jamjoom Pharmaceuticals Factory Company,Saudi Arabia,Valid,11/19/2022
Vittoria-HCT,"VALSARTAN,HYDROCHLOROTHIAZIDE,AMLODIPINE BESILATE",-,-,Generic,Prescription,Jamjoom Pharmaceuticals Factory Company,Saudi Arabia,Valid,11/19/2022
Vittoria-HCT,"VALSARTAN,HYDROCHLOROTHIAZIDE,AMLODIPINE BESILATE",-,-,Generic,Prescription,Jamjoom Pharmaceuticals Factory Company,Saudi Arabia,Valid,11/19/2022
Adijet,ADRENALINE,1,ml,Generic,Prescription,SAUDI PHARMACEUTICAL INDUSTRIES,Saudi Arabia,Valid,10/5/2023
Vedoxin,LEVOFLOXACIN,-,-,Generic,Prescription,SAUDI PHARMACEUTICAL INDUSTRIES,Saudi Arabia,Valid,8/29/2022
Vedoxin,LEVOFLOXACIN,-,-,Generic,Prescription,SAUDI PHARMACEUTICAL INDUSTRIES,Saudi Arabia,Valid,8/29/2022
Minoxil,MINOXIDIL,60,ml,Generic,OTC,Dallah Pharma Factory,Saudi Arabia,Valid,1/9/2025
Coxinix,CELECOXIB,-,-,Generic,Prescription,Jamjoom Pharmaceuticals Factory Company,Saudi Arabia,Valid,8/29/2022
Fenajet,KETOPROFEN,2,ml,Generic,Prescription,Tabuk Pharmaceutical Manufacturing Co./ Dammam Plant,Saudi Arabia,Valid,8/17/2023
Golimara,FINGOLIMOD HYDROCHLORIDE,-,-,Generic,Prescription,SPIMACO,Saudi Arabia,Valid,8/29/2022
Catabina,Capecitabine,-,-,Generic,Prescription,SPIMACO,Saudi Arabia,Valid,8/1/2022
7.5% Sodium Chloride Intravenous Infusion,SODIUM CHLORIDE,3000,ml,Generic,Prescription,Pharmaceutical Solution Industries (PSI),Saudi Arabia,Valid,5/10/2023
Kromafina solution 4 mg/5 ml,ONDANSETRON,50,ml,Generic,Prescription,ALPHA PHARMA INDUSTRY ,Saudi Arabia,Valid,7/24/2023
Broncast Pediatric Chewable Tablet,MONTELUKAST SODIUM,-,-,Generic,Prescription,(Avalon Pharma) Middle East Pharmaceutical Industries Co. Ltd,Saudi Arabia,Valid,1/23/2024
Dextrose 10% w/v in 0.225% w/v Sodium Chloride,"DEXTROSE,SODIUM CHLORIDE",250,ml,Generic,Prescription,Pharmaceutical Solution Industries (PSI),Saudi Arabia,Valid,10/3/2024
Capillo,"DIOSMIN,HESPERIDIN",-,-,Generic,Prescription,RIYADH PHARMA,Saudi Arabia,Valid,3/6/2025
Eradocin,LEVOFLOXACIN,-,-,Generic,Prescription,ALPHA PHARMA INDUSTRY ,Saudi Arabia,Valid,8/13/2023
ERADOCIN,LEVOFLOXACIN,-,-,Generic,Prescription,ALPHA PHARMA INDUSTRY ,Saudi Arabia,Valid,8/13/2023
Turbo,SILDENAFIL,-,-,Generic,Prescription,RIYADH PHARMA,Saudi Arabia,Valid,8/29/2022
Turbo,SILDENAFIL,-,-,Generic,Prescription,RIYADH PHARMA,Saudi Arabia,Valid,8/1/2022
Avoban,MUPIROCIN CALCIUM,30,g,NCE,Prescription,(Avalon Pharma) Middle East Pharmaceutical Industries Co. Ltd,Saudi Arabia,Valid,8/1/2022
Divido Combo,"DICLOFENAC SODIUM,OMEPRAZOLE",-,-,Generic,Prescription,TABUK PHARMACEUTICAL MANUFACTURING CO.,Saudi Arabia,Valid,8/15/2023
Olneda,"OLMESARTAN MEDOXOMIL,AMLODIPINE BESILATE",-,-,Generic,Prescription,Jamjoom Pharmaceuticals Factory Company,Saudi Arabia,Valid,11/19/2022
Olneda,"OLMESARTAN MEDOXOMIL,AMLODIPINE BESILATE",-,-,Generic,Prescription,Jamjoom Pharmaceuticals Factory Company,Saudi Arabia,Valid,11/19/2022
Olneda,"OLMESARTAN MEDOXOMIL,AMLODIPINE BESILATE",-,-,Generic,Prescription,Jamjoom Pharmaceuticals Factory Company,Saudi Arabia,Valid,11/19/2022
Olneda,"OLMESARTAN MEDOXOMIL,AMLODIPINE BESILATE",-,-,Generic,Prescription,Jamjoom Pharmaceuticals Factory Company,Saudi Arabia,Valid,11/19/2022
TERODA,POTASSIUM IODIDE,-,-,Generic,Prescription,SPIMACO,Saudi Arabia,Valid,5/27/2024
TERODA,POTASSIUM IODIDE,-,-,Generic,Prescription,SPIMACO,Saudi Arabia,Valid,5/27/2024
TERODA,POTASSIUM IODIDE,-,-,Generic,Prescription,SPIMACO,Saudi Arabia,Valid,5/27/2024
TERODA,POTASSIUM IODIDE,-,-,Generic,Prescription,SPIMACO,Saudi Arabia,Valid,5/27/2024
Decryst,FEBUXOSTAT,-,-,Generic,Prescription,Jazeera Pharmaceutical Industries (JPI),Saudi Arabia,Valid,8/29/2022
Decryst,FEBUXOSTAT,-,-,Generic,Prescription,Jazeera Pharmaceutical Industries (JPI),Saudi Arabia,Valid,8/29/2022
EPITAM 1000MG F.C.TAB,LEVETIRACETAM,-,-,Generic,Prescription,Jazeera Pharmaceutical Industries (JPI),Saudi Arabia,Valid,8/29/2022
AROX UD 0.5% EYE DROPS,MOXIFLOXACIN HYDROCHLORIDE,0.2,ml,Generic,Prescription,Jamjoom Pharmaceuticals Factory Company,Saudi Arabia,Valid,8/29/2022
Laroza,LURASIDONE,-,-,Generic,Prescription,Jazeera Pharmaceutical Industries (JPI),Saudi Arabia,Valid,10/5/2022
Laroza,LURASIDONE,-,-,Generic,Prescription,Jazeera Pharmaceutical Industries (JPI),Saudi Arabia,Valid,10/5/2022
Laroza,LURASIDONE,-,-,Generic,Prescription,Jazeera Pharmaceutical Industries (JPI),Saudi Arabia,Valid,10/5/2022
Laroza,LURASIDONE,-,-,Generic,Prescription,Jazeera Pharmaceutical Industries (JPI),Saudi Arabia,Valid,10/5/2022
Zylone,PREDNISOLONE SODIUM PHOSPHATE,120,ml,Generic,Prescription,BATTERJEE PHARMACETICAL FACTORY,Saudi Arabia,Valid,8/29/2022
Zylone,PREDNISOLONE SODIUM PHOSPHATE,120,ml,Generic,Prescription,BATTERJEE PHARMACETICAL FACTORY,Saudi Arabia,Valid,8/1/2022
Potassium Chloride in Dextrose and Sodium Chloride Injection USP,"DEXTROSE,SODIUM CHLORIDE,POTASSIUM CHLORIDE",500,ml,Generic,Prescription,AL RAZI PHARMA INDUSTRIES FACTORY LTD,Saudi Arabia,Valid,11/1/2022
Potassium Chloride in Dextrose and Sodium Chloride Injection USP,"DEXTROSE,SODIUM CHLORIDE,POTASSIUM CHLORIDE",500,ml,Generic,Prescription,AL RAZI PHARMA INDUSTRIES FACTORY LTD,Saudi Arabia,Valid,11/1/2022
POTASSIUM CHLORIDE,POTASSIUM CHLORIDE,10,ml,Generic,Prescription,AL RAZI PHARMA INDUSTRIES FACTORY LTD,Saudi Arabia,Valid,11/13/2022
Apriva,APREMILAST,-,-,Generic,Prescription,Jazeera Pharmaceutical Industries (JPI),Saudi Arabia,Valid,8/29/2022
Apriva 10 mg 4 tablets + 20 mg 4 tablets + 30 mg 20 tablets,APREMILAST,-,-,Generic,Prescription,Jazeera Pharmaceutical Industries (JPI),Saudi Arabia,Valid,10/17/2022
Zencin,AZITHROMYCIN,-,-,Generic,Prescription,(Avalon Pharma) Middle East Pharmaceutical Industries Co. Ltd,Saudi Arabia,Valid,2/28/2024
Zencin,AZITHROMYCIN,-,-,Generic,Prescription,(Avalon Pharma) Middle East Pharmaceutical Industries Co. Ltd,Saudi Arabia,Valid,2/28/2024
Norphed,NOREPINEPHRINE BITARTRATE,4,ml,Generic,Prescription,TABUK PHARMACEUTICAL MANUFACTURING CO.,Saudi Arabia,Valid,8/31/2022
Feromenta Folic,"IRON POLYMALTOSE,FOLIC ACID",-,-,Generic,OTC,SPIMACO,Saudi Arabia,Valid,11/30/2022
Feromenta,IRON POLYMALTOSE,100,ml,Generic,OTC,SPIMACO,Saudi Arabia,Valid,8/29/2022
Quetal 400mg XR Tablets,QUETIAPINE,-,-,Generic,Prescription,Jazeera Pharmaceutical Industries (JPI),Saudi Arabia,Valid,11/4/2024
Omnicef 250mg/5ml Suspension,CEFDINIR,60,ml,NCE,Prescription,Jazeera Pharmaceutical Industries (JPI),Saudi Arabia,Valid,8/1/2022
Batlor,DESLORATADINE,120,ml,Generic,OTC,BATTERJEE PHARMACETICAL FACTORY,Saudi Arabia,Valid,8/29/2022
TALYNTA,DAPOXETINE,-,-,Generic,Prescription,ALPHA PHARMA INDUSTRY ,Saudi Arabia,Valid,1/2/2023
TALYNTA,DAPOXETINE,-,-,Generic,Prescription,ALPHA PHARMA INDUSTRY ,Saudi Arabia,Valid,1/2/2023
Prof,IBUPROFEN,100,ml,Generic,Prescription,TABUK PHARMACEUTICAL MANUFACTURING CO.,Saudi Arabia,Valid,12/4/2023
Feromenta,IRON POLYMALTOSE,-,-,Generic,OTC,SPIMACO,Saudi Arabia,Valid,8/1/2022
Water for injection,WATER,500,ml,Generic,Prescription,AL RAZI PHARMA INDUSTRIES FACTORY LTD,Saudi Arabia,Valid,8/31/2022
Vitram Film-Coated Tablet ,LEVETIRACETAM,-,-,Generic,Prescription,AJA PHARMACEUTICAL INDUSTRIES,Saudi Arabia,Valid,8/29/2022
Quetta XR,QUETIAPINE,-,-,Generic,Prescription,SPIMACO,Saudi Arabia,Valid,8/1/2022
Finate,FENOFIBRATE,-,-,Generic,Prescription,Jamjoom Pharmaceuticals Factory Company,Saudi Arabia,Valid,8/29/2022
Urago,FEBUXOSTAT,-,-,Generic,Prescription,Jamjoom Pharmaceuticals Factory Company,Saudi Arabia,Valid,8/29/2022
Urago,FEBUXOSTAT,-,-,Generic,Prescription,Jamjoom Pharmaceuticals Factory Company,Saudi Arabia,Valid,8/29/2022
Lindacil,CLINDAMYCIN HYDROCHLORIDE,-,-,Generic,Prescription,Alrai Pharmaceutical industry Co. (L.L.C),Saudi Arabia,Valid,6/9/2024
Lindacil,CLINDAMYCIN HYDROCHLORIDE,-,-,Generic,Prescription,Alrai Pharmaceutical industry Co. (L.L.C),Saudi Arabia,Valid,6/9/2024
NEURODERM,"LIDOCAINE HYDROCHLORIDE,TETRACAINE HYDROCHLORIDE",15,g,Generic,Prescription,TABUK PHARMACEUTICAL MANUFACTURING CO.,Saudi Arabia,Valid,5/9/2024
NERVAX 75MG CAPSULES 60 capsule,PREGABALIN,-,-,Generic,Prescription,TABUK PHARMACEUTICAL MANUFACTURING CO.,Saudi Arabia,Valid,10/16/2024
Levozal,LEVOCETIRIZINE DIHYDROCHLORIDE,200,ml,Generic,OTC,Jamjoom Pharmaceuticals Factory Company,Saudi Arabia,Valid,11/10/2022
PRENA 15MG/5ML SYRUP,PREDNISOLONE,100,ml,Generic,Prescription,SPIMACO,Saudi Arabia,Valid,8/1/2022
Pedovex,CLOPIDOGREL,-,-,Generic,Prescription,TABUK PHARMACEUTICAL MANUFACTURING CO.,Saudi Arabia,Valid,8/1/2022
Pexapan,APIXABAN,-,-,Generic,Prescription,Jamjoom Pharmaceuticals Factory Company,Saudi Arabia,Valid,8/29/2022
Pexapan,APIXABAN,-,-,Generic,Prescription,Jamjoom Pharmaceuticals Factory Company,Saudi Arabia,Valid,8/29/2022
Pexapan,APIXABAN,-,-,Generic,Prescription,Jamjoom Pharmaceuticals Factory Company,Saudi Arabia,Valid,8/29/2022
Migrotan,ELETRIPTAN,-,-,Generic,Prescription,TABUK PHARMACEUTICAL MANUFACTURING CO.,Saudi Arabia,Valid,8/29/2022
Migrotan,ELETRIPTAN,-,-,Generic,Prescription,TABUK PHARMACEUTICAL MANUFACTURING CO.,Saudi Arabia,Valid,8/1/2022
Resilia,FEBUXOSTAT,-,-,Generic,Prescription,ALPHA PHARMA INDUSTRY ,Saudi Arabia,Valid,1/30/2023
Resilia,FEBUXOSTAT,-,-,Generic,Prescription,ALPHA PHARMA INDUSTRY ,Saudi Arabia,Valid,1/30/2023
Hivera,TENOFOVIR DISOPROXIL,-,-,Generic,Prescription,Med city,Saudi Arabia,Valid,5/5/2024
Bexenta,CISATRACURIUM,5,ml,Generic,Prescription,SPIMACO,Saudi Arabia,Valid,8/31/2022
Panamol,PARACETAMOL,100,ml,Generic,Prescription,AL RAZI PHARMA INDUSTRIES FACTORY LTD,Saudi Arabia,Valid,7/15/2025
RELIPAN,DICLOFENAC SODIUM,3,ml,Generic,Prescription,SAUDI PHARMACEUTICAL INDUSTRIES,Saudi Arabia,Valid,10/5/2023
Fedlora,"PSEUDOEPHEDRINE HYDROCHLORIDE,LORATADINE",120,ml,Generic,OTC,BATTERJEE PHARMACETICAL FACTORY,Saudi Arabia,Valid,11/8/2022
MONTEK 4 mg ,MONTELUKAST SODIUM,-,-,Generic,Prescription,AJA PHARMACEUTICAL INDUSTRIES,Saudi Arabia,Valid,8/29/2022
MONTEK 5 mg ,MONTELUKAST SODIUM,-,-,Generic,Prescription,AJA PHARMACEUTICAL INDUSTRIES,Saudi Arabia,Valid,8/29/2022
MONTEK 10 mg ,MONTELUKAST SODIUM,-,-,Generic,Prescription,AJA PHARMACEUTICAL INDUSTRIES,Saudi Arabia,Valid,8/1/2022
ENDOSA 2000IU PRE-FILLED SYRINGE,ENOXAPARIN SODIUM,0.2,ml,Biological,Prescription,SPIMACO,Saudi Arabia,Valid,6/11/2023
ENDOSA 4000IU PRE-FILLED SYRINGE,ENOXAPARIN SODIUM,0.4,ml,Biological,Prescription,SPIMACO,Saudi Arabia,Valid,6/11/2023
ENDOSA 6000IU PRE-FILLED SYRINGE,ENOXAPARIN SODIUM,0.6,ml,Biological,Prescription,SPIMACO,Saudi Arabia,Valid,6/11/2023
ENDOSA 8000IU PRE-FILLED SYRINGE,ENOXAPARIN SODIUM,0.8,ml,Biological,Prescription,SPIMACO,Saudi Arabia,Valid,6/11/2023
Penetro,VARDENAFIL,-,-,Generic,Prescription,Jamjoom Pharmaceuticals Factory Company,Saudi Arabia,Valid,8/31/2022
Aronep,ADRENALINE,1,ml,Generic,Prescription,TABUK PHARMACEUTICAL MANUFACTURING CO.,Saudi Arabia,Valid,7/7/2024
Avotrene Emulgel,DICLOFENAC SODIUM,100,g,Generic,OTC,(Avalon Pharma) Middle East Pharmaceutical Industries Co. Ltd,Saudi Arabia,Valid,8/1/2022
Maxique 400 mg / 250 ml Solution For Intravenous Infusion,MOXIFLOXACIN HYDROCHLORIDE,250,ml,Generic,Prescription,Pharmaceutical Solution Industries (PSI),Saudi Arabia,Valid,8/31/2022
Zavoxa,EZETIMIBE,-,-,Generic,Prescription,Jamjoom Pharmaceuticals Factory Company,Saudi Arabia,Valid,8/1/2022
Amaglime-Met,"METFORMIN HYDROCHLORIDE,GLIMEPIRIDE",-,-,Generic,Prescription,(Avalon Pharma) Middle East Pharmaceutical Industries Co. Ltd,Saudi Arabia,Valid,11/6/2022
Trepadio,LACOSAMIDE,-,-,Generic,Prescription,Jazeera Pharmaceutical Industries (JPI),Saudi Arabia,Valid,8/29/2022
Trepadio,LACOSAMIDE,-,-,Generic,Prescription,Jazeera Pharmaceutical Industries (JPI),Saudi Arabia,Valid,8/29/2022
Trepadio,LACOSAMIDE,-,-,Generic,Prescription,Jazeera Pharmaceutical Industries (JPI),Saudi Arabia,Valid,8/29/2022
Dorius,DESLORATADINE,-,-,Generic,OTC,AL RAZI PHARMA INDUSTRIES FACTORY LTD,Saudi Arabia,Valid,8/18/2024
Trepadio,LACOSAMIDE,150,ml,Generic,Prescription,Jazeera Pharmaceutical Industries (JPI),Saudi Arabia,Valid,8/21/2024
Trepadio,LACOSAMIDE,-,-,Generic,Prescription,Jazeera Pharmaceutical Industries (JPI),Saudi Arabia,Valid,8/1/2022
Helt,TADALAFIL,-,-,Generic,Prescription,Med city,Saudi Arabia,Valid,5/5/2024
VITRAM Oral Solution ,LEVETIRACETAM,300,mg,Generic,Prescription,AJA PHARMACEUTICAL INDUSTRIES,Saudi Arabia,Valid,1/19/2023
CANDAN,CANDESARTAN CILEXETIL,-,-,Generic,Prescription,(Avalon Pharma) Middle East Pharmaceutical Industries Co. Ltd,Saudi Arabia,Valid,8/1/2022
Lodiab XR,METFORMIN HYDROCHLORIDE,-,-,Generic,Prescription,Alrai Pharmaceutical industry Co. (L.L.C),Saudi Arabia,Valid,8/29/2022
Lodiab XR,METFORMIN HYDROCHLORIDE,-,-,Generic,Prescription,Alrai Pharmaceutical industry Co. (L.L.C),Saudi Arabia,Valid,8/29/2022
Lodiab XR,METFORMIN HYDROCHLORIDE,-,-,Generic,Prescription,Alrai Pharmaceutical industry Co. (L.L.C),Saudi Arabia,Valid,8/29/2022
Lodiab XR,METFORMIN HYDROCHLORIDE,-,-,Generic,Prescription,Alrai Pharmaceutical industry Co. (L.L.C),Saudi Arabia,Valid,8/29/2022
Lodiab XR,METFORMIN HYDROCHLORIDE,-,-,Generic,Prescription,Alrai Pharmaceutical industry Co. (L.L.C),Saudi Arabia,Valid,8/29/2022
Lodiab XR,METFORMIN HYDROCHLORIDE,-,-,Generic,Prescription,Alrai Pharmaceutical industry Co. (L.L.C),Saudi Arabia,Valid,8/29/2022
Baclon,BACLOFEN,-,-,Generic,Prescription,Alrai Pharmaceutical industry Co. (L.L.C),Saudi Arabia,Valid,8/29/2022
Baclon,BACLOFEN,-,-,Generic,Prescription,Alrai Pharmaceutical industry Co. (L.L.C),Saudi Arabia,Valid,8/29/2022
FEMIC,TRANEXAMIC ACID,-,-,Generic,Prescription,SAUDI PHARMACEUTICAL INDUSTRIES,Saudi Arabia,Valid,4/5/2023
Serova,ROSUVASTATIN,-,-,Generic,Prescription,Jamjoom Pharmaceuticals Factory Company,Saudi Arabia,Valid,8/29/2022
Serova,ROSUVASTATIN,-,-,Generic,Prescription,Jamjoom Pharmaceuticals Factory Company,Saudi Arabia,Valid,8/29/2022
Serova,ROSUVASTATIN,-,-,Generic,Prescription,Jamjoom Pharmaceuticals Factory Company,Saudi Arabia,Valid,8/29/2022
Salocan,CISATRACURIUM,10,ml,Generic,Prescription,TABUK PHARMACEUTICAL MANUFACTURING CO.,Saudi Arabia,Valid,9/29/2022
Salocan,CISATRACURIUM,5,ml,Generic,Prescription,TABUK PHARMACEUTICAL MANUFACTURING CO.,Saudi Arabia,Valid,9/30/2022
Formit XR,METFORMIN HYDROCHLORIDE,-,-,Generic,Prescription,SPIMACO,Saudi Arabia,Valid,8/29/2022
LYPFEN,FENOFIBRATE,-,-,Generic,Prescription,ALPHA PHARMA INDUSTRY ,Saudi Arabia,Valid,2/17/2025
Formit XR,METFORMIN HYDROCHLORIDE,-,-,Generic,Prescription,SPIMACO,Saudi Arabia,Valid,8/1/2022
Bilaxten,BILASTINE,120,ml,NCE,Prescription,Jazeera Pharmaceutical Industries (JPI),Saudi Arabia,Valid,8/29/2022
Bilaxten,BILASTINE,-,-,NCE,Prescription,Jazeera Pharmaceutical Industries (JPI),Saudi Arabia,Valid,8/1/2022
Cartiflex,"GLUCOSAMINE SULFATE,GINKGO BILOBA",-,-,Generic,OTC,Jamjoom Pharmaceuticals Factory Company,Saudi Arabia,Valid,11/17/2022
Exetora 20 mg/4 ml ,TORASEMIDE,4,ml,Generic,Prescription,TABUK PHARMACEUTICAL MANUFACTURING CO.,Saudi Arabia,Valid,9/30/2022
Adrixa,DEXAMETHASONE,2,ml,Generic,Prescription,TABUK PHARMACEUTICAL MANUFACTURING CO.,Saudi Arabia,Valid,8/31/2022
Rastor,ROSUVASTATIN,-,-,Generic,Prescription,Alrai Pharmaceutical industry Co. (L.L.C),Saudi Arabia,Valid,10/5/2023
Rastor,ROSUVASTATIN,-,-,Generic,Prescription,Alrai Pharmaceutical industry Co. (L.L.C),Saudi Arabia,Valid,1/19/2023
Rastor,ROSUVASTATIN,-,-,Generic,Prescription,Alrai Pharmaceutical industry Co. (L.L.C),Saudi Arabia,Valid,1/19/2023
Rastor,ROSUVASTATIN,-,-,Generic,Prescription,Alrai Pharmaceutical industry Co. (L.L.C),Saudi Arabia,Valid,1/19/2023
AVOCOM 0.1% OINTMENT 50 g,MOMETASONE FUROATE,50,g,Generic,Prescription,(Avalon Pharma) Middle East Pharmaceutical Industries Co. Ltd,Saudi Arabia,Valid,9/14/2022
ELIVE,ENTECAVIR,-,-,Generic,Prescription,AJA PHARMACEUTICAL INDUSTRIES,Saudi Arabia,Valid,10/4/2022
ELIVE,ENTECAVIR,-,-,Generic,Prescription,AJA PHARMACEUTICAL INDUSTRIES,Saudi Arabia,Valid,10/4/2022
Ponizex,PANTOPRAZOLE,-,-,Generic,Prescription,MS Pharma Saudi ,Saudi Arabia,Valid,10/3/2024
ATORVA 80MG F.C. TABLETS,ATORVASTATIN CALCIUM,-,-,Generic,Prescription,Jazeera Pharmaceutical Industries (JPI),Saudi Arabia,Valid,9/14/2022
ATORVA 20MG F.C. TABLETS ,ATORVASTATIN CALCIUM,-,-,Generic,Prescription,Jazeera Pharmaceutical Industries (JPI),Saudi Arabia,Valid,11/1/2022
ATORVA 40MG F.C. TABLETS,ATORVASTATIN CALCIUM,-,-,Generic,Prescription,Jazeera Pharmaceutical Industries (JPI),Saudi Arabia,Valid,11/1/2022
ATORVA 10MG F.C. TABLETS,ATORVASTATIN CALCIUM,-,-,Generic,Prescription,Jazeera Pharmaceutical Industries (JPI),Saudi Arabia,Valid,9/14/2022
Kerasal,SALICYLIC ACID,50,ml,Generic,OTC,Dallah Pharma Factory,Saudi Arabia,Valid,1/9/2025
Dapazin,DAPAGLIFLOZIN,-,-,Generic,Prescription,Jamjoom Pharmaceuticals Factory Company,Saudi Arabia,Valid,2/10/2025
Dapazin,DAPAGLIFLOZIN,-,-,Generic,Prescription,Jamjoom Pharmaceuticals Factory Company,Saudi Arabia,Valid,2/10/2025
Rosacil,TADALAFIL,-,-,Generic,Prescription,Alrai Pharmaceutical industry Co. (L.L.C),Saudi Arabia,Valid,6/5/2024
Rosacil,TADALAFIL,-,-,Generic,Prescription,Alrai Pharmaceutical industry Co. (L.L.C),Saudi Arabia,Valid,6/5/2024
Tadalo,TADALAFIL,-,-,Generic,Prescription,AL RAZI PHARMA INDUSTRIES FACTORY LTD,Saudi Arabia,Valid,3/5/2023
Sitagen,SITAGLIPTIN PHOSPHATE,-,-,Generic,Prescription,Jamjoom Pharmaceuticals Factory Company,Saudi Arabia,Valid,7/28/2024
Sitagen,SITAGLIPTIN PHOSPHATE,-,-,Generic,Prescription,Jamjoom Pharmaceuticals Factory Company,Saudi Arabia,Valid,7/28/2024
Lovera,TADALAFIL,-,-,Generic,Prescription,DAMMAM PHARMA,Saudi Arabia,Valid,-
Helt,TADALAFIL,-,-,Generic,Prescription,Med city,Saudi Arabia,Valid,5/5/2024
Adazio,QUETIAPINE,-,-,Generic,Prescription,RIYADH PHARMA,Saudi Arabia,Valid,10/18/2022
Helt,TADALAFIL,-,-,Generic,Prescription,Med city,Saudi Arabia,Valid,5/5/2024
Rigorixa,CELECOXIB,-,-,Generic,Prescription,ALPHA PHARMA INDUSTRY ,Saudi Arabia,Valid,-
Olopat,OLOPATADINE,2.5,ml,Generic,Prescription,Jamjoom Pharmaceuticals Factory Company,Saudi Arabia,Valid,-
Cardutrex,DOBUTAMINE,20,ml,Generic,Prescription,TABUK PHARMACEUTICAL MANUFACTURING CO.,Saudi Arabia,Valid,-
SPERO,RISPERIDONE,120,ml,Generic,Prescription,BATTERJEE PHARMACETICAL FACTORY,Saudi Arabia,Valid,-
Feromental 100 mg / 5 ml,IRON SUCROSE,5,ml,Generic,Prescription,SPIMACO,Saudi Arabia,Valid,-
Bonlevo,LEVOFLOXACIN,100,ml,Generic,Prescription,AL RAZI PHARMA INDUSTRIES FACTORY LTD,Saudi Arabia,Valid,-
MAACY ,MACITENTAN,-,-,Generic,Prescription,Sudair Pharma Company,Saudi Arabia,Valid,4/14/2025
Avialis,TADALAFIL,-,-,Generic,Prescription,(Avalon Pharma) Middle East Pharmaceutical Industries Co. Ltd,Saudi Arabia,Valid,-
TENOVAS,TENOFOVIR DISOPROXIL,-,-,Generic,Prescription,Alrai Pharmaceutical industry Co. (L.L.C),Saudi Arabia,Valid,12/13/2022
Tenovas,TENOFOVIR DISOPROXIL,-,-,Generic,Prescription,Alrai Pharmaceutical industry Co. (L.L.C),Saudi Arabia,Valid,-
Phenylephrine PSI,PHENYLEPHRINE HYDROCHLORIDE,1,ml,Generic,Prescription,PHARMACEUTICAL SOLUTIONS INDUSTRY,Saudi Arabia,Valid,-
Lotrell,LOTEPREDNOL ETABONATE,5,ml,Generic,Prescription,Jamjoom Pharmaceuticals Factory Company,Saudi Arabia,Valid,2/19/2023
Palot,DAPOXETINE,-,-,Generic,Prescription,Alrai Pharmaceutical industry Co. (L.L.C),Saudi Arabia,Valid,12/26/2022
Palot,DAPOXETINE,-,-,Generic,Prescription,Alrai Pharmaceutical industry Co. (L.L.C),Saudi Arabia,Valid,12/26/2022
Palot,DAPOXETINE,-,-,Generic,Prescription,Alrai Pharmaceutical industry Co. (L.L.C),Saudi Arabia,Valid,-
Palot,DAPOXETINE,-,-,Generic,Prescription,Alrai Pharmaceutical industry Co. (L.L.C),Saudi Arabia,Valid,-
Prila,"LIDOCAINE HYDROCHLORIDE,PRILOCAINE",30,g,Generic,Prescription,(Avalon Pharma) Middle East Pharmaceutical Industries Co. Ltd,Saudi Arabia,Valid,5/9/2023
Olmetrol,OLMESARTAN MEDOXOMIL,-,-,Generic,Prescription,RIYADH PHARMA,Saudi Arabia,Valid,-
Olmetrol,OLMESARTAN MEDOXOMIL,-,-,Generic,Prescription,RIYADH PHARMA,Saudi Arabia,Valid,-
VEGA,SILDENAFIL,-,-,Generic,Prescription,SAUDI PHARMACEUTICAL INDUSTRIES,Saudi Arabia,Valid,1/8/2023
VEGA,SILDENAFIL,-,-,Generic,Prescription,SAUDI PHARMACEUTICAL INDUSTRIES,Saudi Arabia,Valid,-
Flumazenil PSI,FLUMAZENIL,5,ml,Generic,Prescription,PHARMACEUTICAL SOLUTIONS INDUSTRY,Saudi Arabia,Valid,-
PANTOLOC,PANTOPRAZOLE,-,-,Generic,Prescription,BATTERJEE PHARMACETICAL FACTORY,Saudi Arabia,Valid,-
Dopaxol PR,PRAMIPEXOLE,-,-,Generic,Prescription,TABUK PHARMACEUTICAL MANUFACTURING CO.,Saudi Arabia,Valid,5/5/2024
Dopaxol PR,PRAMIPEXOLE,-,-,Generic,Prescription,TABUK PHARMACEUTICAL MANUFACTURING CO.,Saudi Arabia,Valid,5/5/2024
Dopaxol PR,PRAMIPEXOLE,-,-,Generic,Prescription,TABUK PHARMACEUTICAL MANUFACTURING CO.,Saudi Arabia,Valid,5/5/2024
Dopaxol PR,PRAMIPEXOLE,-,-,Generic,Prescription,TABUK PHARMACEUTICAL MANUFACTURING CO.,Saudi Arabia,Valid,5/5/2024
Takidet ,ESMOLOL,10,ml,Generic,Prescription,TABUK PHARMACEUTICAL MANUFACTURING CO.,Saudi Arabia,Valid,8/21/2024
Tranexamic Acid PSI 500 mg per 5 ml,TRANEXAMIC ACID,5,ml,Generic,Prescription,PHARMACEUTICAL SOLUTIONS INDUSTRY,Saudi Arabia,Valid,-
PROVINDA,PERINDOPRIL ARGININE,-,-,Generic,Prescription,SPIMACO,Saudi Arabia,Valid,-
PROVINDA,PERINDOPRIL ARGININE,-,-,Generic,Prescription,SPIMACO,Saudi Arabia,Valid,2/2/2023
LIBSA,RIVAROXABAN,-,-,Generic,Prescription,ALPHA PHARMA INDUSTRY ,Saudi Arabia,Valid,2/9/2025
Libsa,RIVAROXABAN,-,-,Generic,Prescription,ALPHA PHARMA INDUSTRY ,Saudi Arabia,Valid,2/9/2025
Libsa,RIVAROXABAN,-,-,Generic,Prescription,ALPHA PHARMA INDUSTRY ,Saudi Arabia,Valid,2/9/2025
Libsa,RIVAROXABAN,-,-,Generic,Prescription,ALPHA PHARMA INDUSTRY ,Saudi Arabia,Valid,2/9/2025
Uxorate,FEBUXOSTAT,-,-,Generic,Prescription,(Avalon Pharma) Middle East Pharmaceutical Industries Co. Ltd,Saudi Arabia,Valid,4/2/2023
Ornivoda,ORNIDAZOLE,-,-,NCE,Prescription,Jazeera Pharmaceutical Industries (JPI),Saudi Arabia,Valid,-
Eralyce,PERMETHRIN,30,g,Generic,OTC,SAUDI PHARMACEUTICAL INDUSTRIES,Saudi Arabia,Valid,5/28/2024
 Sodium Chloride 0.45% w/v bag,SODIUM CHLORIDE,1000,ml,Generic,Prescription,PHARMACEUTICAL SOLUTIONS INDUSTRY,Saudi Arabia,Valid,10/3/2024
Xolamol,"DORZOLAMIDE,TIMOLOL MALEATE",0.2,ml,Generic,Prescription,Jamjoom Pharmaceuticals Factory Company,Saudi Arabia,Valid,-
Bivocard,NEBIVOLOL HYDROCHLORIDE,-,-,Generic,Prescription,SPIMACO,Saudi Arabia,Valid,-
Celenax,CELECOXIB,-,-,Generic,Prescription,(Avalon Pharma) Middle East Pharmaceutical Industries Co. Ltd,Saudi Arabia,Valid,-
Aminglu,CARGLUMIC ACID,-,-,Generic,Prescription,Jazeera Pharmaceutical Industries (JPI),Saudi Arabia,Valid,-
LUNIA,"EZETIMIBE,SIMVASTATIN",-,-,Generic,Prescription,ALPHA PHARMA INDUSTRY ,Saudi Arabia,Valid,10/29/2024
LUNIA,"EZETIMIBE,SIMVASTATIN",-,-,Generic,Prescription,ALPHA PHARMA INDUSTRY ,Saudi Arabia,Valid,10/29/2024
Loradeel,DESLORATADINE,-,-,Generic,OTC,Alrai Pharmaceutical industry Co. (L.L.C),Saudi Arabia,Valid,-
DROLINA,FUROSEMIDE,150,ml,Generic,Prescription,ALPHA PHARMA INDUSTRY ,Saudi Arabia,Valid,-
Apdx,APIXABAN,-,-,Generic,Prescription,Med city,Saudi Arabia,Valid,5/5/2024
Apdx,APIXABAN,-,-,Generic,Prescription,Med city,Saudi Arabia,Valid,5/5/2024
Vetam,LEVETIRACETAM,-,-,Generic,Prescription,Med city,Saudi Arabia,Valid,6/29/2025
Vetam,LEVETIRACETAM,-,-,Generic,Prescription,Med city,Saudi Arabia,Valid,6/29/2025
Prasido,TICAGRELOR,-,-,Generic,Prescription,Med city,Saudi Arabia,Valid,5/5/2024
Fusizone-F,SODIUM FUSIDATE,15,g,Generic,Prescription,BATTERJEE PHARMACETICAL FACTORY,Saudi Arabia,Valid,5/7/2023
Inment,ESCITALOPRAM,-,-,Generic,Prescription,AL RAZI PHARMA INDUSTRIES FACTORY LTD,Saudi Arabia,Valid,-
lidocaine Hydrochloride 2% w/v,LIDOCAINE HYDROCHLORIDE,20,ml,Generic,Prescription,PHARMACEUTICAL SOLUTIONS INDUSTRY,Saudi Arabia,Valid,10/3/2024
Omnicef,CEFDINIR,-,-,NCE,Prescription,Jazeera Pharmaceutical Industries (JPI),Saudi Arabia,Valid,-
Ticagrelor SPC F.C. Tablets,TICAGRELOR,-,-,Generic,Prescription,Sudair Pharma Company,Saudi Arabia,Valid,7/30/2025
Vapir,FAVIPIRAVIR,-,-,Generic,Prescription,TABUK PHARMACEUTICAL MANUFACTURING CO.,Saudi Arabia,Suspended,12/19/2024
Sicfrex,DEFERASIROX,-,-,Generic,Prescription,Med city,Saudi Arabia,Valid,5/8/2025
Bivocard,NEBIVOLOL HYDROCHLORIDE,2.5,mg,Generic,Prescription,SPIMACO,Saudi Arabia,Valid,8/4/2024
Klavox ES-600,"AMOXICILLIN TRIHYDRATE,Potassium Clavulanate",100,mg,Generic,Prescription,SPIMACO,Saudi Arabia,Valid,3/3/2024
Amlovan,"VALSARTAN,AMLODIPINE BESILATE",-,-,Generic,Prescription,SPIMACO,Saudi Arabia,Valid,3/3/2024
Imla,"PRILOCAINE,LIDOCAINE HYDROCHLORIDE",25,g,Generic,Prescription,AJA PHARMACEUTICAL INDUSTRIES,Saudi Arabia,Valid,3/3/2024
Sicfrex,DEFERASIROX,180,mg,Generic,Prescription,Med city,Saudi Arabia,Valid,5/8/2025
Sicfrex,DEFERASIROX,360,mg,Generic,Prescription,Med city,Saudi Arabia,Valid,5/8/2025
Amlovan,"VALSARTAN,AMLODIPINE BESILATE",-,-,Generic,Prescription,SPIMACO,Saudi Arabia,Valid,3/3/2024
Flexall Ultra,"GLUCOSAMINE HYDROCHLORIDE,METHYLSULFONYLMETHANE,CALCIUM FRUCTOBORATE,CHONDROITIN,SODIUM HYALURONATE",-,-,Generic,OTC,Jamjoom Pharmaceuticals Factory Company,Saudi Arabia,Valid,5/23/2024
Sensityn,"METFORMIN HYDROCHLORIDE,VILDAGLIPTIN",-,-,Generic,Prescription,ALPHA PHARMA INDUSTRY ,Saudi Arabia,Valid,3/28/2024
Sensityn,"METFORMIN HYDROCHLORIDE,VILDAGLIPTIN",-,-,Generic,Prescription,ALPHA PHARMA INDUSTRY ,Saudi Arabia,Valid,3/28/2024
Kolitarda,ROSUVASTATIN,-,-,Generic,Prescription,ALPHA PHARMA INDUSTRY ,Saudi Arabia,Valid,2/9/2025
Kolitarda,ROSUVASTATIN,-,-,Generic,Prescription,ALPHA PHARMA INDUSTRY ,Saudi Arabia,Valid,2/9/2025
Furosemide PSI 250 mg per 25 ml,FUROSEMIDE,25,ml,Generic,Prescription,PHARMACEUTICAL SOLUTIONS INDUSTRY,Saudi Arabia,Valid,-
Glycelax,GLYCERIN,-,-,Generic,OTC,Unicare Pharma,Saudi Arabia,Valid,5/21/2024
Dezeroga,DAPAGLIFLOZIN,-,-,Generic,Prescription,Med city,Saudi Arabia,Valid,7/8/2025
Pratima Trio,"AMLODIPINE BESILATE,PERINDOPRIL ARGININE,INDAPAMIDE",-,-,Generic,Prescription,Jazeera Pharmaceutical Industries (JPI),Saudi Arabia,Valid,-
Pratima Trio,"PERINDOPRIL ARGININE,INDAPAMIDE,AMLODIPINE BESILATE",-,-,Generic,Prescription,Jazeera Pharmaceutical Industries (JPI),Saudi Arabia,Valid,-
Pratima Trio,"PERINDOPRIL ARGININE,INDAPAMIDE,AMLODIPINE BESILATE",-,-,Generic,Prescription,Jazeera Pharmaceutical Industries (JPI),Saudi Arabia,Valid,-
Pratima Trio,"PERINDOPRIL ARGININE,INDAPAMIDE,AMLODIPINE BESILATE",-,-,Generic,Prescription,Jazeera Pharmaceutical Industries (JPI),Saudi Arabia,Valid,-
Quenfil,HYDROXYCHLOROQUINE SULFATE,-,-,Generic,Prescription,(Avalon Pharma) Middle East Pharmaceutical Industries Co. Ltd,Saudi Arabia,Valid,8/21/2024
Lusam,LACOSAMIDE,-,-,Generic,Prescription,SPIMACO,Saudi Arabia,Valid,-
Lusam,LACOSAMIDE,-,-,Generic,Prescription,SPIMACO,Saudi Arabia,Valid,-
Lusam,LACOSAMIDE,-,-,Generic,Prescription,SPIMACO,Saudi Arabia,Valid,-
Lusam,LACOSAMIDE,200,ml,Generic,Prescription,SPIMACO,Saudi Arabia,Valid,-
Lusam,LACOSAMIDE,-,-,Generic,Prescription,SPIMACO,Saudi Arabia,Valid,-
Glycelax,GLYCERIN,-,-,Generic,OTC,Unicare Pharma,Saudi Arabia,Valid,5/21/2024
Glycelax,GLYCERIN,-,-,Generic,OTC,Unicare Pharma,Saudi Arabia,Valid,5/21/2024
Uxorate,FEBUXOSTAT,-,-,Generic,Prescription,(Avalon Pharma) Middle East Pharmaceutical Industries Co. Ltd,Saudi Arabia,Valid,-
Uxorate,FEBUXOSTAT,-,-,Generic,Prescription,(Avalon Pharma) Middle East Pharmaceutical Industries Co. Ltd,Saudi Arabia,Valid,-
Labirol 100 mg per 20 ml,LABETALOL HYDROCHLORIDE,20,ml,Generic,Prescription,TABUK PHARMACEUTICAL MANUFACTURING CO.,Saudi Arabia,Valid,3/19/2025
SoiCarby,"OMEPRAZOLE,SODIUM BICARBONATE",-,-,Generic,Prescription,ALPHA PHARMA INDUSTRY ,Saudi Arabia,Valid,-
Debrex,BREXPIPRAZOLE,-,-,Generic,Prescription,TABUK PHARMACEUTICAL MANUFACTURING CO.,Saudi Arabia,Valid,-
Debrex,BREXPIPRAZOLE,-,-,Generic,Prescription,TABUK PHARMACEUTICAL MANUFACTURING CO.,Saudi Arabia,Valid,9/14/2023
Debrex,BREXPIPRAZOLE,-,-,Generic,Prescription,TABUK PHARMACEUTICAL MANUFACTURING CO.,Saudi Arabia,Valid,-
Debrex,BREXPIPRAZOLE,-,-,Generic,Prescription,TABUK PHARMACEUTICAL MANUFACTURING CO.,Saudi Arabia,Valid,-
Debrex,BREXPIPRAZOLE,-,-,Generic,Prescription,TABUK PHARMACEUTICAL MANUFACTURING CO.,Saudi Arabia,Valid,-
Inogara,DAPOXETINE,-,-,Generic,Prescription,AL RAZI PHARMA INDUSTRIES FACTORY LTD,Saudi Arabia,Valid,-
AMLOCARD 10 mg tablets,AMLODIPINE BESILATE,-,-,Generic,Prescription,BATTERJEE PHARMACETICAL FACTORY,Saudi Arabia,Valid,9/14/2023
Cekea,HYDROXYCARBAMIDE,-,-,Generic,Prescription,Sudair Pharma Company,Saudi Arabia,Valid,-
Paxas,APIXABAN,-,-,Generic,Prescription,TABUK PHARMACEUTICAL MANUFACTURING CO.,Saudi Arabia,Valid,-
Paxas,APIXABAN,-,-,Generic,Prescription,TABUK PHARMACEUTICAL MANUFACTURING CO.,Saudi Arabia,Valid,-
Paxas,APIXABAN,-,-,Generic,Prescription,TABUK PHARMACEUTICAL MANUFACTURING CO.,Saudi Arabia,Valid,-
Polmycol,COLISTIMETHATE SODIUM,-,-,Generic,Prescription,TABUK PHARMACEUTICAL MANUFACTURING CO.,Saudi Arabia,Valid,-
Paduca 20 mg per 2 ml Vials,IBUPROFEN,2,ml,Generic,Prescription,TABUK PHARMACEUTICAL MANUFACTURING CO.,Saudi Arabia,Valid,11/2/2023
Sineo,DIMETHINDENE MALEATE,20,ml,Generic,Prescription,ALPHA PHARMA INDUSTRY ,Saudi Arabia,Valid,3/27/2024
CIDOCOMB,"FUSIDIC ACID,BETAMETHASONE VALERATE",30,g,Generic,Prescription,(Avalon Pharma) Middle East Pharmaceutical Industries Co. Ltd,Saudi Arabia,Valid,-
Zodinex,LINEZOLID,-,-,Generic,Prescription,(Avalon Pharma) Middle East Pharmaceutical Industries Co. Ltd,Saudi Arabia,Valid,12/11/2023
Azebat,AZELAIC ACID,30,g,Generic,Prescription,BATTERJEE PHARMACETICAL FACTORY,Saudi Arabia,Valid,-
Cekea,HYDROXYCARBAMIDE,-,-,Generic,Prescription,Sudair Pharma Company,Saudi Arabia,Valid,-
Aztolyp,ATORVASTATIN CALCIUM,-,-,Generic,Prescription,SAJA-SAUDI ARABIAN JAPANESE PHARMACEUTICAL CO,Saudi Arabia,Valid,4/23/2025
Aztolyp,ATORVASTATIN CALCIUM,-,-,Generic,Prescription,SAJA-SAUDI ARABIAN JAPANESE PHARMACEUTICAL CO,Saudi Arabia,Valid,4/23/2025
Aztolyp,ATORVASTATIN CALCIUM,-,-,Generic,Prescription,SAJA-SAUDI ARABIAN JAPANESE PHARMACEUTICAL CO,Saudi Arabia,Valid,4/23/2025
Inment,ESCITALOPRAM,-,-,Generic,Prescription,AL RAZI PHARMA INDUSTRIES FACTORY LTD,Saudi Arabia,Valid,-
Lintra,LINAGLIPTIN,-,-,Generic,Prescription,Jamjoom Pharmaceuticals Factory Company,Saudi Arabia,Valid,1/17/2024
Balanced Salt Solution 500ml,"SODIUM CHLORIDE,POTASSIUM CHLORIDE, CALCIUM CHLORIDE,MAGNESIUM CHLORIDE,SODIUM ACETATE,SODIUM CITRATE",500,ml,Generic,Prescription,AL RAZI PHARMA INDUSTRIES FACTORY LTD,Saudi Arabia,Valid,7/21/2025
Tadalo,TADALAFIL,-,-,Generic,Prescription,AL RAZI PHARMA INDUSTRIES FACTORY LTD,Saudi Arabia,Valid,-
DROLINA,FUROSEMIDE,-,-,Generic,Prescription,ALPHA PHARMA INDUSTRY ,Saudi Arabia,Valid,2/13/2025
DROLINA,FUROSEMIDE,-,-,Generic,Prescription,ALPHA PHARMA INDUSTRY ,Saudi Arabia,Valid,2/13/2025
Vasrasti,HYDROXYCHLOROQUINE SULFATE,-,-,Generic,Prescription,ALPHA PHARMA INDUSTRY ,Saudi Arabia,Valid,1/31/2024
Bronchovent,SALBUTAMOL,20,ml,Generic,Prescription,PHARMACEUTICAL SOLUTIONS INDUSTRY,Saudi Arabia,Valid,6/6/2024
Rivaroxaban MCP,RIVAROXABAN,-,-,Generic,Prescription,Med city,Saudi Arabia,Valid,4/23/2025
LIPRO SPRAY 10%,LIDOCAINE,50,ml,Generic,Prescription,SAUDI PHARMACEUTICAL INDUSTRIES,Saudi Arabia,Valid,12/2/2024
Voriconazole MCP,VORICONAZOLE,-,-,Generic,Prescription,Med city,Saudi Arabia,Valid,6/18/2025
Cabitac,TIGECYCLINE,10,ml,Generic,Prescription,TABUK PHARMACEUTICAL MANUFACTURING CO.,Saudi Arabia,Valid,-
Suprax,CEFIXIME,50,ml,NCE,Prescription,Jazeera Pharmaceutical Industries (JPI),Saudi Arabia,Valid,3/3/2024
Olmetrol Plus,"OLMESARTAN MEDOXOMIL,HYDROCHLOROTHIAZIDE",-,-,Generic,Prescription,RIYADH PHARMA,Saudi Arabia,Valid,-
Olmetrol Plus,"OLMESARTAN MEDOXOMIL,HYDROCHLOROTHIAZIDE",-,-,Generic,Prescription,RIYADH PHARMA,Saudi Arabia,Valid,-
Olmetrol Plus ,"OLMESARTAN MEDOXOMIL,HYDROCHLOROTHIAZIDE",-,-,Generic,Prescription,RIYADH PHARMA,Saudi Arabia,Valid,-
Novalir,BIVALIRUDIN,-,-,Generic,Prescription,TABUK PHARMACEUTICAL MANUFACTURING CO.,Saudi Arabia,Valid,-
Cenoril,PERINDOPRIL ARGININE,-,-,Generic,Prescription,Alrai Pharmaceutical industry Co. (L.L.C),Saudi Arabia,Valid,2/27/2024
ROSA,ROSUVASTATIN,-,-,Generic,Prescription,BATTERJEE PHARMACETICAL FACTORY,Saudi Arabia,Valid,-
Lavinda,LINAGLIPTIN,-,-,Generic,Prescription,Saudi Pharmaceutical Industries & Medical Appliances Corporation,Saudi Arabia,Valid,8/4/2024
Loanta,BACLOFEN,-,-,Generic,Prescription,ALPHA PHARMA INDUSTRY ,Saudi Arabia,Valid,2/28/2024
ROSA,ROSUVASTATIN,-,-,Generic,Prescription,BATTERJEE PHARMACETICAL FACTORY,Saudi Arabia,Valid,-
Meva SR,MEBEVERINE HYDROCHLORIDE,-,-,Generic,Prescription,Jamjoom Pharmaceuticals Factory Company,Saudi Arabia,Valid,-
Endura,DAPOXETINE,-,-,Generic,Prescription,Med city,Saudi Arabia,Valid,5/5/2024
Endura,DAPOXETINE,-,-,Generic,Prescription,Med city,Saudi Arabia,Valid,5/5/2024
Cenoril,PERINDOPRIL ARGININE,-,-,Generic,Prescription,Alrai Pharmaceutical industry Co. (L.L.C),Saudi Arabia,Valid,-
Apdx,APIXABAN,-,-,Generic,Prescription,Med city,Saudi Arabia,Valid,5/5/2024
Apdx,APIXABAN,-,-,Generic,Prescription,Med city,Saudi Arabia,Valid,5/5/2024
Labetalol PSI 100 mg per 20 ml,LABETALOL HYDROCHLORIDE,20,ml,Generic,Prescription,PHARMACEUTICAL SOLUTIONS INDUSTRY,Saudi Arabia,Valid,-
Adzoy,"ADAPALENE,BENZOYL PEROXIDE",30,g,Generic,Prescription,Jamjoom Pharmaceuticals Factory Company,Saudi Arabia,Valid,-
Avysk,VALSARTAN,-,-,Generic,Prescription,Med city,Saudi Arabia,Valid,5/8/2025
Avysk,VALSARTAN,-,-,Generic,Prescription,Med city,Saudi Arabia,Valid,5/8/2025
Roxban,RIVAROXABAN,-,-,Generic,Prescription,AJA PHARMACEUTICAL INDUSTRIES,Saudi Arabia,Valid,-
Roxban,RIVAROXABAN,-,-,Generic,Prescription,AJA PHARMACEUTICAL INDUSTRIES,Saudi Arabia,Valid,-
Roxban,RIVAROXABAN,-,-,Generic,Prescription,AJA PHARMACEUTICAL INDUSTRIES,Saudi Arabia,Valid,-
Linajent,LINAGLIPTIN,-,-,Generic,Prescription,TABUK PHARMACEUTICAL MANUFACTURING CO.,Saudi Arabia,Valid,-
Diaglipt,VILDAGLIPTIN,-,-,Generic,Prescription,(Avalon Pharma) Middle East Pharmaceutical Industries Co. Ltd,Saudi Arabia,Valid,-
Novanza,TAFLUPROST,0.3,ml,Generic,Prescription,Jamjoom Pharmaceuticals Factory Company,Saudi Arabia,Valid,-
Cebatix,CELECOXIB,-,-,Generic,Prescription,BATTERJEE PHARMACETICAL FACTORY,Saudi Arabia,Valid,-
Uroleph,SOLIFENACIN SUCCINATE,-,-,Generic,Prescription,(Avalon Pharma) Middle East Pharmaceutical Industries Co. Ltd,Saudi Arabia,Valid,-
Uroleph,SOLIFENACIN SUCCINATE,-,-,Generic,Prescription,(Avalon Pharma) Middle East Pharmaceutical Industries Co. Ltd,Saudi Arabia,Valid,-
Adzoy,"ADAPALENE,BENZOYL PEROXIDE",30,g,Generic,Prescription,Jamjoom Pharmaceuticals Factory Company,Saudi Arabia,Valid,-
Juleen,SITAGLIPTIN HYDROCHLORIDE,-,-,Generic,Prescription,Sudair Pharma Company,Saudi Arabia,Valid,7/30/2025
Juleen,SITAGLIPTIN HYDROCHLORIDE,-,-,Generic,Prescription,Sudair Pharma Company,Saudi Arabia,Valid,7/30/2025
Juleen,SITAGLIPTIN HYDROCHLORIDE,-,-,Generic,Prescription,Sudair Pharma Company,Saudi Arabia,Valid,7/30/2025
Arify,ARIPIPRAZOLE,-,-,Generic,Prescription,Alrai Pharmaceutical industry Co. (L.L.C),Saudi Arabia,Valid,-
Arify,ARIPIPRAZOLE,-,-,Generic,Prescription,Alrai Pharmaceutical industry Co. (L.L.C),Saudi Arabia,Valid,-
Rivaroxaban MCP,RIVAROXABAN,-,-,Generic,Prescription,Med city,Saudi Arabia,Valid,4/20/2025
Rivaroxaban MCP,RIVAROXABAN,-,-,Generic,Prescription,Med city,Saudi Arabia,Valid,4/20/2025
Avysk HCT,"VALSARTAN,HYDROCHLOROTHIAZIDE",-,-,Generic,Prescription,Med city,Saudi Arabia,Valid,3/17/2025
Avysk HCT,"VALSARTAN,HYDROCHLOROTHIAZIDE",-,-,Generic,Prescription,Med city,Saudi Arabia,Valid,3/17/2025
Avysk HCT,"VALSARTAN,HYDROCHLOROTHIAZIDE",-,-,Generic,Prescription,Med city,Saudi Arabia,Valid,2/16/2025
Hydroxychloroquine SAJA,HYDROXYCHLOROQUINE SULFATE,-,-,Generic,Prescription,SAJA-SAUDI ARABIAN JAPANESE PHARMACEUTICAL CO,Saudi Arabia,Valid,10/30/2024
Sesmo,ESOMEPRAZOLE MAGNESIUM,-,-,Generic,OTC,SAJA-SAUDI ARABIAN JAPANESE PHARMACEUTICAL CO,Saudi Arabia,Valid,-
Sesmo,ESOMEPRAZOLE MAGNESIUM,-,-,Generic,Prescription,SAJA-SAUDI ARABIAN JAPANESE PHARMACEUTICAL CO,Saudi Arabia,Valid,-
Sesmo,ESOMEPRAZOLE MAGNESIUM,-,-,Generic,Prescription,SAJA-SAUDI ARABIAN JAPANESE PHARMACEUTICAL CO,Saudi Arabia,Valid,7/10/2024
Sesmo,ESOMEPRAZOLE MAGNESIUM,-,-,Generic,Prescription,SAJA-SAUDI ARABIAN JAPANESE PHARMACEUTICAL CO,Saudi Arabia,Valid,-
Simvagen Plus,"EZETIMIBE,SIMVASTATIN",-,-,Generic,Prescription,RIYADH PHARMA,Saudi Arabia,Valid,-
Simvagen Plus,"EZETIMIBE,SIMVASTATIN",-,-,Generic,Prescription,RIYADH PHARMA,Saudi Arabia,Valid,-
Nervamine,METHYLCOBALAMIN,-,-,Generic,OTC,Med city,Saudi Arabia,Valid,6/3/2025
Floxmed,LEVOFLOXACIN,-,-,Generic,Prescription,Med city,Saudi Arabia,Valid,6/3/2025
Locain,Lidocaine Base,80,ml,Generic,Prescription,Unicare Pharma,Saudi Arabia,Valid,6/27/2024
Daglozin,DAPAGLIFLOZIN,-,-,Generic,Prescription,Sudair Pharma Company,Saudi Arabia,Valid,7/8/2025
Daglozin,DAPAGLIFLOZIN,-,-,Generic,Prescription,Sudair Pharma Company,Saudi Arabia,Valid,7/8/2025
Avogesic,DIETHYLAMINE SALICYLATE,30,g,Generic,OTC,(Avalon Pharma) Middle East Pharmaceutical Industries Co. Ltd,Saudi Arabia,Valid,-
Omeprex Plus,"OMEPRAZOLE,SODIUM BICARBONATE",-,-,Generic,Prescription,SAJA-SAUDI ARABIAN JAPANESE PHARMACEUTICAL CO,Saudi Arabia,Valid,-
PANTOL,PANTOPRAZOLE,-,-,Generic,Prescription,SPIMACO,Saudi Arabia,Valid,-
Lidapro,"LIDOCAINE,PRILOCAINE",5,g,Generic,Prescription,Dallah Pharma Factory,Saudi Arabia,Valid,3/25/2025
Sita,Sitagliptin Phosphate Monohydrate,-,-,Generic,Prescription,Alrai Pharmaceutical industry Co. (L.L.C),Saudi Arabia,Valid,8/21/2024
Sita,Sitagliptin Phosphate Monohydrate,-,-,Generic,Prescription,Alrai Pharmaceutical industry Co. (L.L.C),Saudi Arabia,Valid,8/21/2024
PROVINDA PLUS,"PERINDOPRIL ARGININE,AMLODIPINE BESILATE",-,-,Generic,Prescription,SPIMACO,Saudi Arabia,Valid,-
PROVINDA PLUS,"PERINDOPRIL ARGININE,AMLODIPINE BESILATE",-,-,Generic,Prescription,SPIMACO,Saudi Arabia,Valid,-
PROVINDA PLUS,"PERINDOPRIL ARGININE,AMLODIPINE BESILATE",-,-,Generic,Prescription,SPIMACO,Saudi Arabia,Valid,-
PROVINDA PLUS,"PERINDOPRIL ARGININE,AMLODIPINE BESILATE",-,-,Generic,Prescription,SPIMACO,Saudi Arabia,Valid,11/4/2024
SITAVIA,SITAGLIPTIN PHOSPHATE,-,-,Generic,Prescription,(Avalon Pharma) Middle East Pharmaceutical Industries Co. Ltd,Saudi Arabia,Valid,-
SITAVIA,SITAGLIPTIN PHOSPHATE,-,-,Generic,Prescription,(Avalon Pharma) Middle East Pharmaceutical Industries Co. Ltd,Saudi Arabia,Valid,-
Femic,TRANEXAMIC ACID,5,ml,Generic,Prescription,SAUDI PHARMACEUTICAL INDUSTRIES,Saudi Arabia,Valid,-
Empagliflozin SPC,EMPAGLIFLOZIN,-,-,Generic,Prescription,Sudair Pharma Company,Saudi Arabia,Valid,7/30/2025
Empagliflozin SPC,EMPAGLIFLOZIN,-,-,Generic,Prescription,Sudair Pharma Company,Saudi Arabia,Valid,7/30/2025
 BLUM D,COLECALCIFEROL (VITAMIN D3),20,ml,Generic,Prescription,ALPHA PHARMA INDUSTRY ,Saudi Arabia,Valid,10/3/2024
Tralix,LINAGLIPTIN,-,-,Generic,Prescription,Alrai Pharmaceutical industry Co. (L.L.C),Saudi Arabia,Valid,-
UNITUM,BENZYDAMINE HYDROCHLORIDE,100,g,NCE,OTC,BATTERJEE PHARMACETICAL FACTORY,Saudi Arabia,Valid,-
Atorva,ATORVASTATIN CALCIUM,-,-,Generic,Prescription,Jazeera Pharmaceutical Industries (JPI),Saudi Arabia,Valid,-
Atorva,ATORVASTATIN CALCIUM,-,-,Generic,Prescription,Jazeera Pharmaceutical Industries (JPI),Saudi Arabia,Valid,-
ANAZOL,METRONIDAZOLE,-,-,Generic,Prescription,Jazeera Pharmaceutical Industries (JPI),Saudi Arabia,Valid,-
Atorva,ATORVASTATIN CALCIUM,-,-,Generic,Prescription,Jazeera Pharmaceutical Industries (JPI),Saudi Arabia,Valid,-
Aripro,ARIPIPRAZOLE,-,-,Generic,Prescription,(Avalon Pharma) Middle East Pharmaceutical Industries Co. Ltd,Saudi Arabia,Valid,-
Brimo-P,BRIMONIDINE TARTRATE,5,ml,Generic,Prescription,Jamjoom Pharmaceuticals Factory Company,Saudi Arabia,Valid,-
Pratima Duo,"PERINDOPRIL ARGININE,AMLODIPINE BESILATE",-,-,Generic,Prescription,Jazeera Pharmaceutical Industries (JPI),Saudi Arabia,Valid,-
Pratima Duo,"PERINDOPRIL ARGININE,AMLODIPINE BESILATE",-,-,Generic,Prescription,Jazeera Pharmaceutical Industries (JPI),Saudi Arabia,Valid,-
Pratima Duo,"PERINDOPRIL ARGININE,AMLODIPINE BESILATE",-,-,Generic,Prescription,Jazeera Pharmaceutical Industries (JPI),Saudi Arabia,Valid,-
Pratima Duo,"PERINDOPRIL ARGININE,AMLODIPINE BESILATE",-,-,Generic,Prescription,Jazeera Pharmaceutical Industries (JPI),Saudi Arabia,Valid,-
Prestoprix Plus,"AMLODIPINE BESILATE,PERINDOPRIL ARGININE",-,-,Generic,Prescription,Med city,Saudi Arabia,Valid,12/17/2024
Prestoprix Plus,"AMLODIPINE BESILATE,PERINDOPRIL ARGININE",-,-,Generic,Prescription,Med city,Saudi Arabia,Valid,12/17/2024
Normoten,ATENOLOL,-,-,Generic,Prescription,Jazeera Pharmaceutical Industries (JPI),Saudi Arabia,Valid,-
Normoten,ATENOLOL,-,-,Generic,Prescription,Jazeera Pharmaceutical Industries (JPI),Saudi Arabia,Valid,-
MEGAMOX,"AMOXICILLIN TRIHYDRATE,CLAVULANIC ACID",-,-,Generic,Prescription,Jazeera Pharmaceutical Industries (JPI),Saudi Arabia,Valid,-
MEGAMOX,"AMOXICILLIN TRIHYDRATE,CLAVULANIC ACID",-,-,Generic,Prescription,Jazeera Pharmaceutical Industries (JPI),Saudi Arabia,Valid,-
Paraxon,"PARACETAMOL,CHLORZOXAZONE",-,-,Generic,Prescription,Jazeera Pharmaceutical Industries (JPI),Saudi Arabia,Valid,-
Conestal,PRUCALOPRIDE,-,-,Generic,Prescription,Alrai Pharmaceutical industry Co. (L.L.C),Saudi Arabia,Valid,-
Conestal,PRUCALOPRIDE,-,-,Generic,Prescription,Alrai Pharmaceutical industry Co. (L.L.C),Saudi Arabia,Valid,-
Prestoprix Plus,"AMLODIPINE BESILATE,PERINDOPRIL ARGININE",-,-,Generic,Prescription,Med city,Saudi Arabia,Valid,12/17/2024
ZINOPRIL,LISINOPRIL,-,-,Generic,Prescription,Jazeera Pharmaceutical Industries (JPI),Saudi Arabia,Valid,-
ZINOPRIL,LISINOPRIL,-,-,Generic,Prescription,Jazeera Pharmaceutical Industries (JPI),Saudi Arabia,Valid,-
ZINOPRIL,LISINOPRIL,-,-,Generic,Prescription,Jazeera Pharmaceutical Industries (JPI),Saudi Arabia,Valid,-
Sitavic,"SITAGLIPTIN PHOSPHATE,METFORMIN HYDROCHLORIDE",-,-,Generic,Prescription,Jamjoom Pharmaceuticals Factory Company,Saudi Arabia,Valid,-
Sitavic,"SITAGLIPTIN PHOSPHATE,METFORMIN HYDROCHLORIDE",-,-,Generic,Prescription,Jamjoom Pharmaceuticals Factory Company,Saudi Arabia,Valid,-
Muscodex,SUGAMMADEX,2,ml,Generic,Prescription,TABUK PHARMACEUTICAL MANUFACTURING CO.,Saudi Arabia,Valid,10/17/2024
Penovar,PENCICLOVIR,5,g,Generic,Prescription,BATTERJEE PHARMACETICAL FACTORY,Saudi Arabia,Valid,10/17/2024
Prestoprix,PERINDOPRIL ARGININE,-,-,Generic,Prescription,Med city,Saudi Arabia,Valid,12/17/2024
Prestoprix,PERINDOPRIL ARGININE,-,-,Generic,Prescription,Med city,Saudi Arabia,Valid,12/17/2024
Remox,AMOXICILLIN,-,-,Generic,Prescription,Jazeera Pharmaceutical Industries (JPI),Saudi Arabia,Valid,10/20/2024
Aripro,ARIPIPRAZOLE,-,-,Generic,Prescription,(Avalon Pharma) Middle East Pharmaceutical Industries Co. Ltd,Saudi Arabia,Valid,-
Provecta,BRIVARACETAM,-,-,Generic,Prescription,Jazeera Pharmaceutical Industries (JPI),Saudi Arabia,Valid,-
Provecta,BRIVARACETAM,-,-,Generic,Prescription,Jazeera Pharmaceutical Industries (JPI),Saudi Arabia,Valid,-
Provecta,BRIVARACETAM,-,-,Generic,Prescription,Jazeera Pharmaceutical Industries (JPI),Saudi Arabia,Valid,-
Glitamomet,"PIOGLITAZONE,METFORMIN HYDROCHLORIDE",-,-,Generic,Prescription,SPIMACO,Saudi Arabia,Valid,-
Catabina,Capecitabine,-,-,Generic,Prescription,SPIMACO,Saudi Arabia,Valid,-
CALIVERA,ERLOTINIB,-,-,Generic,Prescription,SPIMACO,Saudi Arabia,Valid,-
CALIVERA,ERLOTINIB,-,-,Generic,Prescription,SPIMACO,Saudi Arabia,Valid,-
CALIVERA,ERLOTINIB,-,-,Generic,Prescription,SPIMACO,Saudi Arabia,Valid,-
Salitav,TOLVAPTAN,-,-,Generic,Prescription,Jazeera Pharmaceutical Industries (JPI),Saudi Arabia,Valid,-
Salitav,TOLVAPTAN,-,-,Generic,Prescription,Jazeera Pharmaceutical Industries (JPI),Saudi Arabia,Valid,-
Prokitav,TOLVAPTAN,-,-,Generic,Prescription,Jazeera Pharmaceutical Industries (JPI),Saudi Arabia,Valid,-
Prokitav,TOLVAPTAN,-,-,Generic,Prescription,Jazeera Pharmaceutical Industries (JPI),Saudi Arabia,Valid,-
Prokitav,TOLVAPTAN,-,-,Generic,Prescription,Jazeera Pharmaceutical Industries (JPI),Saudi Arabia,Valid,-
Lorinex,DESLORATADINE,-,-,Generic,Prescription,Jazeera Pharmaceutical Industries (JPI),Saudi Arabia,Valid,-
Posenox,POSACONAZOLE,16.7,ml,Generic,Prescription,TABUK PHARMACEUTICAL MANUFACTURING CO.,Saudi Arabia,Valid,-
VIRLAIO,TENOFOVIR DISOPROXIL,-,-,Generic,Prescription,ALPHA PHARMA INDUSTRY ,Saudi Arabia,Valid,-
Adzoy,"ADAPALENE,Hydrous Benzoyl Peroxide",60,g,Generic,Prescription,Jamjoom Pharmaceuticals Factory Company,Saudi Arabia,Valid,1/8/2025
Adzoy,"ADAPALENE,Hydrous Benzoyl Peroxide",60,g,Generic,Prescription,Jamjoom Pharmaceuticals Factory Company,Saudi Arabia,Valid,1/8/2025
Glipza,SAXAGLIPTIN,-,-,Generic,Prescription,Jamjoom Pharmaceuticals Factory Company,Saudi Arabia,Valid,-
Lotinil,"LOTEPREDNOL ETABONATE,TOBRAMYCIN",5,ml,Generic,Prescription,Jamjoom Pharmaceuticals Factory Company,Saudi Arabia,Valid,12/5/2024
Sola D3,CHOLECALCIFEROL,-,-,Generic,Prescription,Med city,Saudi Arabia,Valid,6/3/2025
Dexorolin,CABERGOLINE,-,-,Generic,Prescription,Med city,Saudi Arabia,Valid,6/3/2025
Dexorolin,CABERGOLINE,-,-,Generic,Prescription,Med city,Saudi Arabia,Valid,6/3/2025
Apixaban JPI,APIXABAN,-,-,Generic,Prescription,Jazeera Pharmaceutical Industries (JPI),Saudi Arabia,Valid,-
Apixaban JPI,APIXABAN,-,-,Generic,Prescription,Jazeera Pharmaceutical Industries (JPI),Saudi Arabia,Valid,-
Apixaban JPI,APIXABAN,-,-,Generic,Prescription,Jazeera Pharmaceutical Industries (JPI),Saudi Arabia,Valid,-
Ondex,ONDANSETRON,50,ml,Generic,Prescription,SAUDI PHARMACEUTICAL INDUSTRIES,Saudi Arabia,Valid,-
Pentix,GABAPENTIN,-,-,Generic,Prescription,Med city,Saudi Arabia,Valid,6/3/2025
Pentix,GABAPENTIN,-,-,Generic,Prescription,Med city,Saudi Arabia,Valid,6/3/2025
Avocin,CLINDAMYCIN HYDROCHLORIDE,-,-,Generic,Prescription,(Avalon Pharma) Middle East Pharmaceutical Industries Co. Ltd,Saudi Arabia,Valid,-
Avocin,CLINDAMYCIN HYDROCHLORIDE,-,-,Generic,Prescription,(Avalon Pharma) Middle East Pharmaceutical Industries Co. Ltd,Saudi Arabia,Valid,-
0.9% w/v Sodium Chloride,SODIUM CHLORIDE,3000,ml,Generic,Prescription,PHARMACEUTICAL SOLUTIONS INDUSTRY,Saudi Arabia,Valid,-
 Byraza Plus,"ESOMEPRAZOLE,SODIUM BICARBONATE",-,-,Generic,Prescription,Alrazi Pharmaceutical Industries Factory Co,Saudi Arabia,Valid,5/8/2025
Lignox,"LIDOCAINE,PRILOCAINE",30,g,Generic,Prescription,SAUDI PHARMACEUTICAL INDUSTRIES,Saudi Arabia,Valid,1/22/2025
Lignox,"LIDOCAINE,PRILOCAINE",5,g,Generic,Prescription,SAUDI PHARMACEUTICAL INDUSTRIES,Saudi Arabia,Valid,1/22/2025
Lignox,"LIDOCAINE,PRILOCAINE",5,g,Generic,Prescription,SAUDI PHARMACEUTICAL INDUSTRIES,Saudi Arabia,Valid,1/22/2025
Avotrene Emulgel,DICLOFENAC DIETHYLAMINE,-,g,Generic,OTC,(Avalon Pharma) Middle East Pharmaceutical Industries Co. Ltd,Saudi Arabia,Valid,1/16/2025
Remox,AMOXICILLIN,-,-,Generic,Prescription,Jazeera Pharmaceutical Industries (JPI),Saudi Arabia,Valid,-
Tadalo,TADALAFIL,-,-,Generic,Prescription,Alrazi Pharmaceutical Industries Factory Co,Saudi Arabia,Valid,5/8/2025
Fenobat,KETOTIFEN,120,ml,Generic,OTC,BATTERJEE PHARMACETICAL FACTORY,Saudi Arabia,Valid,-
Broncast,MONTELUKAST SODIUM,-,-,Generic,Prescription,(Avalon Pharma) Middle East Pharmaceutical Industries Co. Ltd,Saudi Arabia,Valid,2/19/2025
 Byraza Plus,"OMEPRAZOLE,SODIUM BICARBONATE",-,-,Generic,Prescription,Alrazi Pharmaceutical Industries Factory Co,Saudi Arabia,Valid,-
Lyrgaba,PREGABALIN,-,-,Generic,Prescription,(Avalon Pharma) Middle East Pharmaceutical Industries Co. Ltd,Saudi Arabia,Valid,-
Varoxa,RIVAROXABAN,-,-,Generic,Prescription,TABUK PHARMACEUTICAL MANUFACTURING CO.,Saudi Arabia,Valid,-
Ticagrelor,TICAGRELOR,-,-,Generic,Prescription,AJA PHARMACEUTICAL INDUSTRIES,Saudi Arabia,Valid,-
Zextro,LINEZOLID,-,-,Generic,Prescription,Med city,Saudi Arabia,Valid,7/8/2025
DICLOMAX,DICLOFENAC SODIUM,-,-,Generic,Prescription,Jazeera Pharmaceutical Industries (JPI),Saudi Arabia,Valid,-
Sitamend,Sitagliptin Phosphate Monohydrate,-,-,Generic,Prescription,TABUK PHARMACEUTICAL MANUFACTURING CO.,Saudi Arabia,Valid,-
Acumig,LASMIDITAN,-,-,Generic,Prescription,Jazeera Pharmaceutical Industries (JPI),Saudi Arabia,Valid,-
Acumig,LASMIDITAN,-,-,Generic,Prescription,Jazeera Pharmaceutical Industries (JPI),Saudi Arabia,Valid,-
Sitamend,Sitagliptin Phosphate Monohydrate,-,-,Generic,Prescription,TABUK PHARMACEUTICAL MANUFACTURING CO.,Saudi Arabia,Valid,-
Acumig,LASMIDITAN,-,-,Generic,Prescription,Jazeera Pharmaceutical Industries (JPI),Saudi Arabia,Valid,-
Acumig,LASMIDITAN,-,-,Generic,Prescription,Jazeera Pharmaceutical Industries (JPI),Saudi Arabia,Valid,-
Dimex,Dimetindene Maleate ,50,g,--,OTC,(Avalon Pharma) Middle East Pharmaceutical Industries Co. Ltd,Saudi Arabia,Valid,-
Broncast Pediatric,MONTELUKAST SODIUM,-,-,Generic,Prescription,(Avalon Pharma) Middle East Pharmaceutical Industries Co. Ltd,Saudi Arabia,Valid,-
Lyrgaba,PREGABALIN,-,-,Generic,Prescription,(Avalon Pharma) Middle East Pharmaceutical Industries Co. Ltd,Saudi Arabia,Valid,-
Sitfort,"SITAGLIPTIN PHOSPHATE,METFORMIN HYDROCHLORIDE",-,-,Generic,Prescription,RIYADH PHARMA,Saudi Arabia,Valid,-
Sitfort,"SITAGLIPTIN PHOSPHATE,METFORMIN HYDROCHLORIDE",-,-,Generic,Prescription,RIYADH PHARMA,Saudi Arabia,Valid,-
Provecta,BRIVARACETAM,-,-,Generic,Prescription,Jazeera Pharmaceutical Industries (JPI),Saudi Arabia,Valid,-
Provecta,BRIVARACETAM,-,-,Generic,Prescription,Jazeera Pharmaceutical Industries (JPI),Saudi Arabia,Valid,-
DUSPAMEN,MEBEVERINE HYDROCHLORIDE,-,-,Generic,Prescription,Jazeera Pharmaceutical Industries (JPI),Saudi Arabia,Valid,-
Cialis,TADALAFIL,-,-,NCE,Prescription,AJA PHARMACEUTICAL INDUSTRIES,Saudi Arabia,Valid,-
TEGECEN,TIGECYCLINE,-,-,Generic,Prescription,MS Pharma Saudi ,Saudi Arabia,Valid,4/10/2025
Amilian,AMISULPRIDE,-,-,Generic,Prescription,(Avalon Pharma) Middle East Pharmaceutical Industries Co. Ltd,Saudi Arabia,Valid,-
Amilian,AMISULPRIDE,-,-,Generic,Prescription,(Avalon Pharma) Middle East Pharmaceutical Industries Co. Ltd,Saudi Arabia,Valid,4/10/2025
Amilian,AMISULPRIDE,-,-,Generic,Prescription,(Avalon Pharma) Middle East Pharmaceutical Industries Co. Ltd,Saudi Arabia,Valid,-
LAXIRA,ROCURONIUM BROMIDE,5,ml,Generic,Prescription,SPIMACO,Saudi Arabia,Valid,-
Restain,METHYLCOBALAMIN,-,-,Generic,OTC,SPIMACO,Saudi Arabia,Valid,-
Sola D3,CHOLECALCIFEROL,-,-,Generic,Prescription,Med city,Saudi Arabia,Valid,6/3/2025
Sola D3,CHOLECALCIFEROL,-,-,Generic,Prescription,Med city,Saudi Arabia,Valid,6/3/2025
Veggie Vitamin D3,CHOLECALCIFEROL,-,-,NCE,Prescription,SAUDI DOX FOR PHARMACEUTICAL INDUSTRIES,Saudi Arabia,Valid,-
ANAZOL,METRONIDAZOLE,-,-,Generic,Prescription,Jazeera Pharmaceutical Industries (JPI),Saudi Arabia,Valid,-
Volcardy Plus,"VALSARTAN,AMLODIPINE BESILATE,HYDROCHLOROTHIAZIDE",-,-,Generic,Prescription,Med city,Saudi Arabia,Valid,6/3/2025
Volcardy Plus,"VALSARTAN,AMLODIPINE BESILATE,HYDROCHLOROTHIAZIDE",-,-,Generic,Prescription,Med city,Saudi Arabia,Valid,6/3/2025
Volcardy Plus,"VALSARTAN,AMLODIPINE BESILATE,HYDROCHLOROTHIAZIDE",-,-,Generic,Prescription,Med city,Saudi Arabia,Valid,6/3/2025
Volcardy Plus,"VALSARTAN,AMLODIPINE BESILATE,HYDROCHLOROTHIAZIDE",-,-,Generic,Prescription,Med city,Saudi Arabia,Valid,6/3/2025
Endura,DAPOXETINE,-,-,Generic,Prescription,Med city,Saudi Arabia,Valid,6/3/2025
Endura,DAPOXETINE,-,-,Generic,Prescription,Med city,Saudi Arabia,Valid,6/3/2025
Zylinamet,"LINAGLIPTIN,METFORMIN HYDROCHLORIDE",-,-,Generic,Prescription,Alrai Pharmaceutical industry Co. (L.L.C),Saudi Arabia,Valid,5/25/2025
Zylinamet,"LINAGLIPTIN,METFORMIN HYDROCHLORIDE",-,-,Generic,Prescription,Alrai Pharmaceutical industry Co. (L.L.C),Saudi Arabia,Valid,-
Zylinamet,"LINAGLIPTIN,METFORMIN HYDROCHLORIDE",-,-,Generic,Prescription,Alrai Pharmaceutical industry Co. (L.L.C),Saudi Arabia,Valid,-
Marvi,VARENICLINE,-,-,Generic,Prescription,SPIMACO,Saudi Arabia,Valid,-
Marvi,VARENICLINE,-,-,Generic,Prescription,SPIMACO,Saudi Arabia,Valid,-
Olmexa Plus,"OLMESARTAN MEDOXOMIL,AMLODIPINE BESILATE,HYDROCHLOROTHIAZIDE",-,-,Generic,Prescription,SPIMACO,Saudi Arabia,Valid,-
Olmexa Plus,"OLMESARTAN MEDOXOMIL,AMLODIPINE BESILATE,HYDROCHLOROTHIAZIDE",-,-,Generic,Prescription,SPIMACO,Saudi Arabia,Valid,-
Olmexa Plus,"OLMESARTAN MEDOXOMIL,AMLODIPINE BESILATE,HYDROCHLOROTHIAZIDE",-,-,Generic,Prescription,SPIMACO,Saudi Arabia,Valid,-
Olmexa Plus,"OLMESARTAN MEDOXOMIL,AMLODIPINE BESILATE,HYDROCHLOROTHIAZIDE",-,-,Generic,Prescription,SPIMACO,Saudi Arabia,Valid,-
Olmexa Plus,"OLMESARTAN MEDOXOMIL,HYDROCHLOROTHIAZIDE,AMLODIPINE BESILATE",-,-,Generic,Prescription,SPIMACO,Saudi Arabia,Valid,-
Olmexa,"OLMESARTAN MEDOXOMIL,AMLODIPINE BESILATE",-,-,Generic,Prescription,SPIMACO,Saudi Arabia,Valid,-
 Olmexa,"OLMESARTAN MEDOXOMIL,AMLODIPINE BESILATE",-,-,Generic,Prescription,SPIMACO,Saudi Arabia,Valid,-
Olmexa,"OLMESARTAN MEDOXOMIL,AMLODIPINE BESILATE",-,-,Generic,Prescription,SPIMACO,Saudi Arabia,Valid,-
Olmexa,"OLMESARTAN MEDOXOMIL,AMLODIPINE BESILATE",-,-,Generic,Prescription,SPIMACO,Saudi Arabia,Valid,-
Xitamet,"METFORMIN HYDROCHLORIDE,SITAGLIPTIN HYDROCHLORIDE",-,-,Generic,Prescription,AJA PHARMACEUTICAL INDUSTRIES,Saudi Arabia,Valid,-
Xitamet,"METFORMIN HYDROCHLORIDE,SITAGLIPTIN HYDROCHLORIDE",-,-,Generic,Prescription,AJA PHARMACEUTICAL INDUSTRIES,Saudi Arabia,Valid,-
Malsy,SUGAMMADEX,2,ml,Generic,Prescription,SPIMACO,Saudi Arabia,Valid,-
Locovab,LACOSAMIDE,-,-,Generic,Prescription,Med city,Saudi Arabia,Valid,8/3/2025
Locovab,LACOSAMIDE,-,-,Generic,Prescription,Med city,Saudi Arabia,Valid,8/3/2025
Locovab,LACOSAMIDE,-,-,Generic,Prescription,Med city,Saudi Arabia,Valid,8/3/2025
Locovab,LACOSAMIDE,-,-,Generic,Prescription,Med city,Saudi Arabia,Valid,8/3/2025
Klare,CLARITHROMYCIN,-,-,Generic,Prescription,(Avalon Pharma) Middle East Pharmaceutical Industries Co. Ltd,Saudi Arabia,Valid,-
Farinox,ENOXAPARIN SODIUM,1,ml,Biological,Prescription,MS Pharma Saudi ,Saudi Arabia,Valid,6/23/2025
Batlor,DESLORATADINE,-,-,Generic,OTC,BATTERJEE PHARMACETICAL FACTORY,Saudi Arabia,Valid,-
Lenzal,LINEZOLID,-,-,Generic,Prescription,Alrai Pharmaceutical industry Co. (L.L.C),Saudi Arabia,Valid,-
Provecta,BRIVARACETAM,150,ml,Generic,Prescription,Jazeera Pharmaceutical Industries (JPI),Saudi Arabia,Valid,-
Lijen,LINAGLIPTIN,-,-,Generic,Prescription,Med city,Saudi Arabia,Valid,8/3/2025
OLYMA,FINGOLIMOD HYDROCHLORIDE,-,-,Generic,Prescription,Med city,Saudi Arabia,Valid,8/3/2025
Leracet,LEVETIRACETAM,-,-,Generic,Prescription,BATTERJEE PHARMACETICAL FACTORY,Saudi Arabia,Valid,-
Leracet,LEVETIRACETAM,-,-,Generic,Prescription,BATTERJEE PHARMACETICAL FACTORY,Saudi Arabia,Valid,-
TALYNTA,DAPOXETINE,-,-,Generic,Prescription,ALPHA PHARMA INDUSTRY ,Saudi Arabia,Valid,-
TALYNTA,DAPOXETINE,-,-,Generic,Prescription,ALPHA PHARMA INDUSTRY ,Saudi Arabia,Valid,-
Helt,TADALAFIL,-,-,Generic,Prescription,Med city,Saudi Arabia,Valid,8/3/2025
Veggie Vitamin D3,CHOLECALCIFEROL,-,-,NCE,Prescription,SAUDI DOX FOR PHARMACEUTICAL INDUSTRIES,Saudi Arabia,Valid,-
EZIUM,ESOMEPRAZOLE MAGNESIUM,-,-,Generic,Prescription,SPIMACO,Saudi Arabia,Valid,-
EZIUM,ESOMEPRAZOLE MAGNESIUM,-,-,Generic,Prescription,SPIMACO,Saudi Arabia,Valid,-
EZIUM,ESOMEPRAZOLE MAGNESIUM,-,-,Generic,Prescription,SPIMACO,Saudi Arabia,Valid,-
EZIUM,ESOMEPRAZOLE MAGNESIUM,-,-,Generic,OTC,SPIMACO,Saudi Arabia,Valid,-
Celavas,SEVELAMER CARBONATE,-,-,Generic,Prescription,Alrai Pharmaceutical industry Co. (L.L.C),Saudi Arabia,Valid,-
Glynta,LINAGLIPTIN,-,-,Generic,Prescription,SAJA-SAUDI ARABIAN JAPANESE PHARMACEUTICAL CO,Saudi Arabia,Valid,-
JECTIRON,FERRIC CARBOXYMALTOSE,10,ml,NCE,Prescription,SPIMACO,Saudi Arabia,Valid,-
Restorica - D3,CHOLECALCIFEROL,-,-,Generic,Prescription,SPIMACO,Saudi Arabia,Valid,-
